id,n1_source,name,n,m,r,reference_lp_fcc_k,reference_status,reference_k_hash,instance_sha256,lp_certification_status,lp_lb_exact,lp_lb_floor_12dp,proof_method,direct_matching,physical_status,g2_status,u_exact,stop_reason,rmp_objective_diagnostic,objective_reflects_all_columns,iterations,pricing_calls,columns_added,total_work,wall_seconds,comparison,justification
T5:Direct0,T5,Direct0,4,2,1,0.0,COMPUTATIONALLY VERIFIED,4f53cda18c2baa0c0354bb5f9a3ecbe5ed12ab4d8e11ba873c2f11161202b945,2c9bb8b358f865c24085ed3656b16c074a367ea5a3c57cf7ccb3e4853231a7f2,CERTIFIED,0/1,0.000000000000,EXACT_DIRECT_MATCHING_ZERO_NO_CG,"[[""s1"",""t1""],[""s2"",""t2""]]",CERTIFIED,NOT_EVALUATED_NO_CG,0/1,OUTSIDE_CONNECTED_DOMAIN_EXACT_DIRECT_PROOF,,False,0,0,0,,,PASS_DIRECT_ZERO_EXACT_OUTSIDE_CONNECTED_DOMAIN,"EXCEÇÃO FORMAL N1 Direct0: G desconexo (2 componentes), fora do domínio autorizado do master N2; NÃO houve CG/E5. K vazio e hash histórico conferidos; A_r recalculado por BFS; matching direto perfeito certificado (('s1', 't1'), ('s2', 't2')); y=0, lambda=0, d do matching e K vazio satisfazem o LP completo; objetivo não negativo prova z_LP=OPT=0 exatamente. Uma comparação excepcional não comprova execução da CG no Direct0."
T5:TermRelay,T5,TermRelay,4,2,1,1.0,COMPUTATIONALLY VERIFIED,ee81a2ce3923793b417fce982c8f0fe98bcea3a8d942e25a247d6613b4d74c7c,4c813df63ae914c23cf71f6156e6521d25c7c36427dde671b536c1dd5d5bc757,CERTIFIED,1/1,1.000000000000,N2_T3_E5_REAUDITED_CG,,CERTIFIED,NOT_CONVERGED_CERTIFIED,4/1,NUMERICAL_STATIONARY,1.0,True,2,2,1,0.0003562209047826081,0.08133599895518273,PASS_NUMERIC_STATIONARY_WITH_CERTIFIED_LB,RMP numericamente estacionário coincide com LP N1; LB separado permanece rigoroso; G2 não demonstrado; LB LP verificado e promovido a MIN-STATION com validade de K; G2 não demonstrado; B0 ausente
T5:TermRelayForced,T5,TermRelayForced,5,2,1,1.0,COMPUTATIONALLY VERIFIED,d0dbb8db286eca0763f5ab66706df3e43f95959cd3e50f683bcd9aef5a2dbf5b,acf85c8721cb26be0e96928cf445153a68af5c020c0994c0dcdc94b5d4f6a5e6,CERTIFIED,1/1,1.000000000000,N2_T3_E5_REAUDITED_CG,,CERTIFIED,NOT_CONVERGED_CERTIFIED,5/1,NUMERICAL_STATIONARY,1.0,True,2,2,1,0.00043691468571428575,0.06400425196625292,PASS_NUMERIC_STATIONARY_WITH_CERTIFIED_LB,RMP numericamente estacionário coincide com LP N1; LB separado permanece rigoroso; G2 não demonstrado; LB LP verificado e promovido a MIN-STATION com validade de K; G2 não demonstrado; B0 ausente
T5:StayPut,T5,StayPut,2,2,1,0.0,COMPUTATIONALLY VERIFIED,4f53cda18c2baa0c0354bb5f9a3ecbe5ed12ab4d8e11ba873c2f11161202b945,92ec67697200aef6b7f499af16e8e5b257e272b150353627585ffb042602f5e0,CERTIFIED,0/1,0.000000000000,N2_T3_E5_REAUDITED_CG,,CERTIFIED,NOT_CONVERGED_CERTIFIED,2/1,NUMERICAL_STATIONARY,0.0,True,1,1,0,0.00010457824875457877,0.014981333981268108,PASS_NUMERIC_STATIONARY_WITH_CERTIFIED_LB,RMP numericamente estacionário coincide com LP N1; LB separado permanece rigoroso; G2 não demonstrado; LB LP verificado e promovido a MIN-STATION com validade de K; G2 não demonstrado; B0 ausente
T5:StayPutIsolado,T5,StayPutIsolado,1,1,1,0.0,COMPUTATIONALLY VERIFIED,4f53cda18c2baa0c0354bb5f9a3ecbe5ed12ab4d8e11ba873c2f11161202b945,a657d349f0f48204d1d74c2d3b78820e9dbc9b67f066d06e0a3a0b3c2b8bcecd,CERTIFIED,0/1,0.000000000000,N2_T3_E5_REAUDITED_CG,,CERTIFIED,NOT_CONVERGED_CERTIFIED,1/1,NUMERICAL_STATIONARY,0.0,True,1,1,0,2.769069e-05,0.020389085984788835,PASS_NUMERIC_STATIONARY_WITH_CERTIFIED_LB,RMP numericamente estacionário coincide com LP N1; LB separado permanece rigoroso; G2 não demonstrado; LB LP verificado e promovido a MIN-STATION com validade de K; G2 não demonstrado; B0 ausente
T5:SharedTerminal,T5,SharedTerminal,5,3,1,1.0,COMPUTATIONALLY VERIFIED,19ca678aa4801b5586017f5eeaf1aafebb6f6a8b257b4b2856c85f2caf63e08f,a5c1ed16f5635645aeef87f8ca11aea7231bbe5832898dbf69094a95c9f98b88,CERTIFIED,1/1,1.000000000000,N2_T3_E5_REAUDITED_CG,,CERTIFIED,NOT_CONVERGED_CERTIFIED,5/1,NUMERICAL_STATIONARY,1.0,True,2,2,1,0.00047900712046904293,0.08875433797948062,PASS_NUMERIC_STATIONARY_WITH_CERTIFIED_LB,RMP numericamente estacionário coincide com LP N1; LB separado permanece rigoroso; G2 não demonstrado; LB LP verificado e promovido a MIN-STATION com validade de K; G2 não demonstrado; B0 ausente
T5:CaminhoABC,T5,CaminhoABC,3,2,1,0.0,COMPUTATIONALLY VERIFIED,4f53cda18c2baa0c0354bb5f9a3ecbe5ed12ab4d8e11ba873c2f11161202b945,ac340ec6227c1a589c6b82ff89423c96faaeb7f027534a0ce032a96b8bb7fb7c,CERTIFIED,0/1,0.000000000000,N2_T3_E5_REAUDITED_CG,,CERTIFIED,NOT_CONVERGED_CERTIFIED,3/1,NUMERICAL_STATIONARY,0.0,True,1,1,0,0.00015982212444444433,0.019170164945535362,PASS_NUMERIC_STATIONARY_WITH_CERTIFIED_LB,RMP numericamente estacionário coincide com LP N1; LB separado permanece rigoroso; G2 não demonstrado; LB LP verificado e promovido a MIN-STATION com validade de K; G2 não demonstrado; B0 ausente
T5:Tri,T5,Tri,9,3,1,1.5,COMPUTATIONALLY VERIFIED,998400cba8b06351fecd1ceffaae084aa3dcc02388ad15ab01da883a6df74dde,f4ccf8f9cfc61d1bad19ec2747ee734e18ec75bc8e3728e1e2e0df8f1d96d3ed,CERTIFIED,3/2,1.500000000000,N2_T3_E5_REAUDITED_CG,,CERTIFIED,NOT_CONVERGED_CERTIFIED,9/1,NUMERICAL_STATIONARY,1.5,True,6,6,5,0.0038918570561348267,0.4500783960102126,PASS_NUMERIC_STATIONARY_WITH_CERTIFIED_LB,RMP numericamente estacionário coincide com LP N1; LB separado permanece rigoroso; G2 não demonstrado; LB LP verificado e promovido a MIN-STATION com validade de K; G2 não demonstrado; B0 ausente
"T5:F1(m=2,k=2)",T5,"F1(m=2,k=2)",13,2,1,9.0,COMPUTATIONALLY VERIFIED,693736117dfa7eed0bb0b6536d8f55a31792f5f81813d6c888e65ee3532e7849,4c60137d7fd7dc8378ab9167d638c8662176af6c0a8014e81ff18ae861658775,CERTIFIED,9/8,1.125000000000,N2_T3_E5_REAUDITED_CG,,CERTIFIED,NOT_CONVERGED_CERTIFIED,13/1,NUMERICAL_STATIONARY,9.0,True,3,3,2,0.03268080059477511,0.300721816951409,PASS_NUMERIC_STATIONARY_WITH_CERTIFIED_LB,RMP numericamente estacionário coincide com LP N1; LB separado permanece rigoroso; G2 não demonstrado; LB LP verificado e promovido a MIN-STATION com validade de K; G2 não demonstrado; B0 ausente
"T5:F2(k=1,L=3)",T5,"F2(k=1,L=3)",7,3,1,1.0,COMPUTATIONALLY VERIFIED,2e25e3b1de6c2a1b0835ffea592bd4c2105fc4edee7efc4644f856cc83f71dd0,01a2dd4b2552c5f6ed14cbf749a796404e8185c9e0e52ca7f97fff313ce86a7b,CERTIFIED,1/1,1.000000000000,N2_T3_E5_REAUDITED_CG,,CERTIFIED,NOT_CONVERGED_CERTIFIED,7/1,NUMERICAL_STATIONARY,1.0,True,3,3,2,0.0022310221172928235,0.11845088901463896,PASS_NUMERIC_STATIONARY_WITH_CERTIFIED_LB,RMP numericamente estacionário coincide com LP N1; LB separado permanece rigoroso; G2 não demonstrado; LB LP verificado e promovido a MIN-STATION com validade de K; G2 não demonstrado; B0 ausente
T5:Sec59(L=7),T5,Sec59(L=7),13,3,1,5.0,COMPUTATIONALLY VERIFIED,e11d3fc66897c125d53b4c8881214303363eaa95311c2b70cdff1e11774a1dc8,7ca21dc140159ab1ec9156e78ebdde672e2c6db12677c8984380ba02cf3a91fd,CERTIFIED,5/7,0.714285714285,N2_T3_E5_REAUDITED_CG,,CERTIFIED,NOT_CONVERGED_CERTIFIED,13/1,NUMERICAL_STATIONARY,5.0,True,2,2,1,0.04703325168939913,0.2985659269616008,PASS_NUMERIC_STATIONARY_WITH_CERTIFIED_LB,RMP numericamente estacionário coincide com LP N1; LB separado permanece rigoroso; G2 não demonstrado; LB LP verificado e promovido a MIN-STATION com validade de K; G2 não demonstrado; B0 ausente
T5:HB-q4-ndir2-p1,T5,HB-q4-ndir2-p1,16,6,1,2.0,COMPUTATIONALLY VERIFIED,b7070e80a413118cb0a0975393d4d1ad3cc61cd40fff66cfc11e00f0273c85fa,3d9c8386265cd47469bebc64e9ae4faa7f81ecdd22d38180b00cd77c78a6ea42,CERTIFIED,3/5,0.600000000000,N2_T3_E5_REAUDITED_CG,,CERTIFIED,NOT_CONVERGED_CERTIFIED,16/1,NUMERICAL_STATIONARY,2.0,True,24,24,23,0.9234986626490882,4.602179851033725,PASS_NUMERIC_STATIONARY_WITH_CERTIFIED_LB,RMP numericamente estacionário coincide com LP N1; LB separado permanece rigoroso; G2 não demonstrado; LB LP verificado e promovido a MIN-STATION com validade de K; G2 não demonstrado; B0 ausente
T5:HB-q5-ndir2-p1,T5,HB-q5-ndir2-p1,21,8,1,3.0,COMPUTATIONALLY VERIFIED,5ac59e34ce9159cb3a844c78266ffd91311d2ab200114708116857575e0bd417,e84c0985bbca3c28e10aa53f65eb231b37feb25132112e17057bbf445bc85a92,CERTIFIED,2/3,0.666666666666,N2_T3_E5_REAUDITED_CG,,CERTIFIED,NOT_CONVERGED_CERTIFIED,21/1,NUMERICAL_STATIONARY,3.0,True,20,20,19,1.0351575929734602,5.129367702989839,PASS_NUMERIC_STATIONARY_WITH_CERTIFIED_LB,RMP numericamente estacionário coincide com LP N1; LB separado permanece rigoroso; G2 não demonstrado; LB LP verificado e promovido a MIN-STATION com validade de K; G2 não demonstrado; B0 ausente
"T5:BP-nao-[3,1]-q2",T5,"BP-nao-[3,1]-q2",16,4,1,7.0,COMPUTATIONALLY VERIFIED,db632df6dee04cf1987096b64d3379a62836f04b726db82d0249c88e1ff09ec8,d4bbbff3646acd8a9f1d087a040b2944f44fcf136debe1c6f3e7916ed5798d35,CERTIFIED,1/1,1.000000000000,N2_T3_E5_REAUDITED_CG,,CERTIFIED,NOT_CONVERGED_CERTIFIED,16/1,NUMERICAL_STATIONARY,7.0,True,9,9,8,0.09613851075805366,0.8063101830193773,PASS_NUMERIC_STATIONARY_WITH_CERTIFIED_LB,RMP numericamente estacionário coincide com LP N1; LB separado permanece rigoroso; G2 não demonstrado; LB LP verificado e promovido a MIN-STATION com validade de K; G2 não demonstrado; B0 ausente
T5:TR-k2-L5-r2,T5,TR-k2-L5-r2,18,2,2,3.0,COMPUTATIONALLY VERIFIED,2ca418711fd3b2a2c385ecafa1b97c7af5de6ff12c54c55cdc3d3a8683c82b68,112dc630e79d659d7cc4fa117395e8b376a1ecd6fe1784ba38538c1921a1342c,CERTIFIED,3/1,3.000000000000,N2_T3_E5_REAUDITED_CG,,CERTIFIED,NOT_CONVERGED_CERTIFIED,18/1,NUMERICAL_STATIONARY,3.0,True,3,3,2,0.03770499709961031,0.43761373800225556,PASS_NUMERIC_STATIONARY_WITH_CERTIFIED_LB,RMP numericamente estacionário coincide com LP N1; LB separado permanece rigoroso; G2 não demonstrado; LB LP verificado e promovido a MIN-STATION com validade de K; G2 não demonstrado; B0 ausente
T5:SC-GF2-k3,T5,SC-GF2-k3,21,7,1,,NOT MEASURED,6907843b5576ad27127ef674b421f3e2f9cf0d040e230aa0168ba316f0b0d6fc,c7cfc06e1fe096c6febc41517d260e87e2cfd1bd3a1aa41eb699ed2458545b94,,,,,,,,,,,,,,,,,EXCLUDED_NO_FULL_LP_REFERENCE,N1-T5 sem LP F-CC+K medido por cap; não tratar como zero
T5:SOURCE-g2,T5,SOURCE-g2,20,7,1,3.0,COMPUTATIONALLY VERIFIED,1d34e1a0f3d17398f05c043e7a923c2b807a20d09ce3cf10f1fdefad0beff832,0f5904840734113d83a1143f52fb9e2066ab9798055a3ee36a4719cb282e9848,CERTIFIED,3/1,3.000000000000,N2_T3_E5_REAUDITED_CG,,CERTIFIED,NOT_CONVERGED_CERTIFIED,20/1,NUMERICAL_STATIONARY,3.0,True,33,33,32,1.005246337137969,6.031369995092973,PASS_NUMERIC_STATIONARY_WITH_CERTIFIED_LB,RMP numericamente estacionário coincide com LP N1; LB separado permanece rigoroso; G2 não demonstrado; LB LP verificado e promovido a MIN-STATION com validade de K; G2 não demonstrado; B0 ausente
T5:SOURCE-C5,T5,SOURCE-C5,15,5,1,2.5,COMPUTATIONALLY VERIFIED,2c5c392911af34a19c326563d5a8d786fbb9826b7a1afda984f58d315eee2b07,5251121103cd4879a8e69735cd79040fe9666d505328f436e796816f696dac01,CERTIFIED,5/2,2.500000000000,N2_T3_E5_REAUDITED_CG,,CERTIFIED,NOT_CONVERGED_CERTIFIED,15/1,NUMERICAL_STATIONARY,2.5,True,30,30,29,0.4761123476327627,3.572057278943248,PASS_NUMERIC_STATIONARY_WITH_CERTIFIED_LB,RMP numericamente estacionário coincide com LP N1; LB separado permanece rigoroso; G2 não demonstrado; LB LP verificado e promovido a MIN-STATION com validade de K; G2 não demonstrado; B0 ausente
T6:T6-TRI-01-obstruction,T6,T6-TRI-01-obstruction,9,3,1,1.5,COMPUTATIONALLY VERIFIED,998400cba8b06351fecd1ceffaae084aa3dcc02388ad15ab01da883a6df74dde,f5c7513ed922f6df930dad14893c0b3a46475b5dd2290401d678169de5017504,CERTIFIED,3/2,1.500000000000,N2_T3_E5_REAUDITED_CG,,CERTIFIED,NOT_CONVERGED_CERTIFIED,9/1,NUMERICAL_STATIONARY,1.5,True,6,6,5,0.0038918570561348267,0.47473227698355913,PASS_NUMERIC_STATIONARY_WITH_CERTIFIED_LB,RMP numericamente estacionário coincide com LP N1; LB separado permanece rigoroso; G2 não demonstrado; LB LP verificado e promovido a MIN-STATION com validade de K; G2 não demonstrado; B0 ausente
T6:T6-TRI-01-control,T6,T6-TRI-01-control,9,3,1,2.0,COMPUTATIONALLY VERIFIED,998400cba8b06351fecd1ceffaae084aa3dcc02388ad15ab01da883a6df74dde,9810222b2b56850b97809fbde6c4b844aa6a04919559dd886f3e18c23247e813,CERTIFIED,2/1,2.000000000000,N2_T3_E5_REAUDITED_CG,,CERTIFIED,NOT_CONVERGED_CERTIFIED,9/1,NUMERICAL_STATIONARY,2.0,True,10,10,9,0.013546215009608932,0.7695049890317023,PASS_NUMERIC_STATIONARY_WITH_CERTIFIED_LB,RMP numericamente estacionário coincide com LP N1; LB separado permanece rigoroso; G2 não demonstrado; LB LP verificado e promovido a MIN-STATION com validade de K; G2 não demonstrado; B0 ausente
T6:T6-F2-01-obstruction,T6,T6-F2-01-obstruction,7,3,1,1.0,COMPUTATIONALLY VERIFIED,2e25e3b1de6c2a1b0835ffea592bd4c2105fc4edee7efc4644f856cc83f71dd0,f1d649bb203faa4f683b98c384232bd1d833082b73c18f64311c508d81b07cfb,CERTIFIED,1/1,1.000000000000,N2_T3_E5_REAUDITED_CG,,CERTIFIED,NOT_CONVERGED_CERTIFIED,7/1,NUMERICAL_STATIONARY,1.0,True,3,3,2,0.0022310221172928235,0.12533579592127353,PASS_NUMERIC_STATIONARY_WITH_CERTIFIED_LB,RMP numericamente estacionário coincide com LP N1; LB separado permanece rigoroso; G2 não demonstrado; LB LP verificado e promovido a MIN-STATION com validade de K; G2 não demonstrado; B0 ausente
T6:T6-F2-01-control,T6,T6-F2-01-control,7,3,1,0.0,COMPUTATIONALLY VERIFIED,4f53cda18c2baa0c0354bb5f9a3ecbe5ed12ab4d8e11ba873c2f11161202b945,cb838e99a6210575b690e888fa1f4689091581b06ab4b2098e64b880195e96b1,CERTIFIED,0/1,0.000000000000,N2_T3_E5_REAUDITED_CG,,CERTIFIED,NOT_CONVERGED_CERTIFIED,7/1,NUMERICAL_STATIONARY,0.0,True,1,1,0,0.0004435061919389082,0.05052186793182045,PASS_NUMERIC_STATIONARY_WITH_CERTIFIED_LB,RMP numericamente estacionário coincide com LP N1; LB separado permanece rigoroso; G2 não demonstrado; LB LP verificado e promovido a MIN-STATION com validade de K; G2 não demonstrado; B0 ausente
T6:T6-SEC59-01-obstruction,T6,T6-SEC59-01-obstruction,10,3,1,3.5,COMPUTATIONALLY VERIFIED,142e98c7143f1c4d712b28e11252a9f654d0fcb68b5fbf6f9a135042300a2039,f22d2ea4030ec1b4cae2b7e3fbfa7aeda928c1519b5afefdc572499802dd4602,CERTIFIED,7/2,3.500000000000,N2_T3_E5_REAUDITED_CG,,CERTIFIED,NOT_CONVERGED_CERTIFIED,10/1,NUMERICAL_STATIONARY,3.5,True,2,2,1,0.026429767125687852,0.24462022201623768,PASS_NUMERIC_STATIONARY_WITH_CERTIFIED_LB,RMP numericamente estacionário coincide com LP N1; LB separado permanece rigoroso; G2 não demonstrado; LB LP verificado e promovido a MIN-STATION com validade de K; G2 não demonstrado; B0 ausente
T6:T6-SEC59-01-control,T6,T6-SEC59-01-control,10,3,1,0.0,COMPUTATIONALLY VERIFIED,4f53cda18c2baa0c0354bb5f9a3ecbe5ed12ab4d8e11ba873c2f11161202b945,140752d130e11ed813cc74a1b07aaff8490be3dd90b137c5a02763a0c9cd0ef0,CERTIFIED,0/1,0.000000000000,N2_T3_E5_REAUDITED_CG,,CERTIFIED,NOT_CONVERGED_CERTIFIED,10/1,NUMERICAL_STATIONARY,0.0,True,1,1,0,0.00034493750650154803,0.06851224589627236,PASS_NUMERIC_STATIONARY_WITH_CERTIFIED_LB,RMP numericamente estacionário coincide com LP N1; LB separado permanece rigoroso; G2 não demonstrado; LB LP verificado e promovido a MIN-STATION com validade de K; G2 não demonstrado; B0 ausente
