instance_name,classe,familia,n,m_arestas,m_robos,r,instance_sha256,formulation,modality,status,certification,objective_primal,lb_best,ub_best,gap_abs,gap_rel,optimality_proven,time_s,work,ru_maxrss_kb_before,ru_maxrss_kb_after,n_vars,n_cons,time_to_first_feasible_s,time_to_best_s,time_to_proof_s,nodes,physically_validated,observations,wall_total_s,solver_runtime_s,stop_reason,wall_startup_s,wall_k_preparation_s,wall_model_build_s,wall_solve_s,wall_validation_s,wall_supervisor_shutdown_s,wall_phases_json
hb-q4-ndir2-p1-k1-L2.txt,estrutural,hb,16,24,6,1.0,62d731685b8c0e254065d8d2ae55f7e409c8609aff1743a4f450936869a53e72,baseline,A,OPTIMAL,CERTIFIED_LP,,0.3333333333333333,,,,,0.805928768008016,0.00019960000652625125,,,64,48,,,,,,lp_base; K=0,0.805928768008016,0.0008890628814697266,OPTIMAL,0.7950565570499748,2.058397512882948e-05,0.0044421450002118945,0.001378259970806539,0.0,0.005021244985982776,"{""k_preparation"": 2.058397512882948e-05, ""model_build"": 0.0044421450002118945, ""solve"": 0.001378259970806539, ""startup"": 0.7950565570499748, ""supervisor_shutdown"": 0.005021244985982776}"
hb-q4-ndir2-p1-k1-L2.txt,estrutural,hb,16,24,6,1.0,62d731685b8c0e254065d8d2ae55f7e409c8609aff1743a4f450936869a53e72,baseline,A,OPTIMAL,CERTIFIED_LP,,1.0,,,,,0.6964764849981293,0.00020559046949305388,,,64,52,,,,,,lp_comp; K=4,0.6964764849981293,0.0012309551239013672,OPTIMAL,0.680108453030698,0.0010399710154160857,0.005541209946386516,0.00188007194083184,0.0,0.007896288065239787,"{""k_preparation"": 0.0010399710154160857, ""model_build"": 0.005541209946386516, ""solve"": 0.00188007194083184, ""startup"": 0.680108453030698, ""supervisor_shutdown"": 0.007896288065239787}"
hb-q4-ndir2-p1-k1-L2.txt,estrutural,hb,16,24,6,1.0,62d731685b8c0e254065d8d2ae55f7e409c8609aff1743a4f450936869a53e72,fcc_k,A,OPTIMAL,CERTIFIED_LP,,2.0,,,,,4.184981080004945,0.6762870672539164,,,106075,106079,,,,,,lp_fcc_k; K=4,4.184981080004945,1.0423331260681152,OPTIMAL,0.7033213939284906,0.0006010229699313641,2.347714193048887,1.122518394025974,0.0,0.01082084293011576,"{""k_preparation"": 0.0006010229699313641, ""model_build"": 2.347714193048887, ""solve"": 1.122518394025974, ""startup"": 0.7033213939284906, ""supervisor_shutdown"": 0.01082084293011576}"
hb-q4-ndir2-p1-k1-L2.txt,estrutural,hb,16,24,6,1.0,62d731685b8c0e254065d8d2ae55f7e409c8609aff1743a4f450936869a53e72,baseline,B,OPTIMAL,CERTIFIED_MIP_OPTIMAL,2.0,2.0,2.0,0.0,0.0,True,0.7782844109460711,0.0007507189140099278,73652,81356,64,48,0.7633398335892707,0.7661038201767951,0.7694894999731332,1,True,,0.7782844109460711,0.0059239864349365234,OPTIMAL,0.7593330419622362,2.546096220612526e-05,0.0038008170668035746,0.006369059905409813,0.0005010369932278991,0.008244537049904466,"{""k_preparation"": 2.546096220612526e-05, ""model_build"": 0.0038008170668035746, ""solve"": 0.006369059905409813, ""startup"": 0.7593330419622362, ""supervisor_shutdown"": 0.008244537049904466, ""validation"": 0.0005010369932278991}"
hb-q4-ndir2-p1-k1-L2.txt,estrutural,hb,16,24,6,1.0,62d731685b8c0e254065d8d2ae55f7e409c8609aff1743a4f450936869a53e72,fcc_k,B,OPTIMAL,CERTIFIED_MIP_OPTIMAL,2.0,2.0,2.0,0.0,0.0,True,5.447781999944709,2.3107140035831852,188852,475748,106075,106079,3.0762902543647215,5.265483264694922,5.336567839956842,1,True,,5.447781999944709,2.332366943359375,OPTIMAL,0.6682151659624651,0.0007065710378810763,2.334555684006773,2.3331483099609613,0.08714153000619262,0.024007239029742777,"{""k_preparation"": 0.0007065710378810763, ""model_build"": 2.334555684006773, ""solve"": 2.3331483099609613, ""startup"": 0.6682151659624651, ""supervisor_shutdown"": 0.024007239029742777, ""validation"": 0.08714153000619262}"
bp-nao-q2-B2-s0.txt,estrutural,bp,16,16,4,1.0,8ebdfc1e8243f11d14ec8d3f21cb9e84081c80e383d48891799706d9b117b240,baseline,A,OPTIMAL,CERTIFIED_LP,,3.0,,,,,0.6881270069861785,0.00012863789602040812,,,48,48,,,,,,lp_base; K=0,0.6881270069861785,0.0008261203765869141,OPTIMAL,0.675001839059405,2.4372944608330727e-05,0.004581273067742586,0.0012745289131999016,0.0,0.007239493075758219,"{""k_preparation"": 2.4372944608330727e-05, ""model_build"": 0.004581273067742586, ""solve"": 0.0012745289131999016, ""startup"": 0.675001839059405, ""supervisor_shutdown"": 0.007239493075758219}"
bp-nao-q2-B2-s0.txt,estrutural,bp,16,16,4,1.0,8ebdfc1e8243f11d14ec8d3f21cb9e84081c80e383d48891799706d9b117b240,baseline,A,OPTIMAL,CERTIFIED_LP,,6.0,,,,,0.667537939036265,0.00015080056382086175,,,48,62,,,,,,lp_comp; K=14,0.667537939036265,0.0007519721984863281,OPTIMAL,0.6577011509798467,0.000561336986720562,0.004168609040789306,0.0011708770180121064,0.0,0.003931029001250863,"{""k_preparation"": 0.000561336986720562, ""model_build"": 0.004168609040789306, ""solve"": 0.0011708770180121064, ""startup"": 0.6577011509798467, ""supervisor_shutdown"": 0.003931029001250863}"
bp-nao-q2-B2-s0.txt,estrutural,bp,16,16,4,1.0,8ebdfc1e8243f11d14ec8d3f21cb9e84081c80e383d48891799706d9b117b240,fcc_k,A,OPTIMAL,CERTIFIED_LP,,7.0,,,,,1.5488182089757174,0.1440766837716315,,,21776,21798,,,,,,lp_fcc_k; K=14,1.5488182089757174,0.29170894622802734,OPTIMAL,0.7151341920252889,0.0006297299405559897,0.50582857709378,0.31503470696043223,0.0,0.012184905936010182,"{""k_preparation"": 0.0006297299405559897, ""model_build"": 0.50582857709378, ""solve"": 0.31503470696043223, ""startup"": 0.7151341920252889, ""supervisor_shutdown"": 0.012184905936010182}"
bp-nao-q2-B2-s0.txt,estrutural,bp,16,16,4,1.0,8ebdfc1e8243f11d14ec8d3f21cb9e84081c80e383d48891799706d9b117b240,baseline,B,OPTIMAL,CERTIFIED_MIP_OPTIMAL,7.0,7.0,7.0,0.0,0.0,True,0.6625101120444015,0.00030958983697478986,73652,82208,48,48,0.6481920899823308,0.6495861234143376,0.6538424299797043,1,True,,0.6625101120444015,0.005450010299682617,OPTIMAL,0.6441508800489828,3.025704063475132e-05,0.0037908758968114853,0.005906125996261835,0.0006510810926556587,0.007969338912516832,"{""k_preparation"": 3.025704063475132e-05, ""model_build"": 0.0037908758968114853, ""solve"": 0.005906125996261835, ""startup"": 0.6441508800489828, ""supervisor_shutdown"": 0.007969338912516832, ""validation"": 0.0006510810926556587}"
bp-nao-q2-B2-s0.txt,estrutural,bp,16,16,4,1.0,8ebdfc1e8243f11d14ec8d3f21cb9e84081c80e383d48891799706d9b117b240,fcc_k,B,OPTIMAL,CERTIFIED_MIP_OPTIMAL,7.0,7.0,7.0,0.0,0.0,True,2.8432373179821298,2.683184425855764,98592,141652,21776,21798,2.7995333009166643,2.7995333009166643,2.8147863800404593,1,True,,2.8432373179821298,1.665177822113037,OPTIMAL,0.6510842780116946,0.0006275849882513285,0.4973678750684485,1.6657447629841045,0.017977640964090824,0.01042886299546808,"{""k_preparation"": 0.0006275849882513285, ""model_build"": 0.4973678750684485, ""solve"": 1.6657447629841045, ""startup"": 0.6510842780116946, ""supervisor_shutdown"": 0.01042886299546808, ""validation"": 0.017977640964090824}"
