instance,R,N_nodes,M_base,A_R,m,VI,vars,cons,status,solcount,LI,LS,gap,runtime_s,nodes,timelimit
Anaheim_n416_m914_st_19.txt,4.0,416,914,5509,19,378,105410,23028,9,8,23.0,28.0,0.17857142857142858,1200.5258863679992,541,True,estendido_equiv
Anaheim_n416_m914_st_19.txt,3.0,416,914,3224,19,378,61995,23028,9,10,39.0,45.0,0.13333333333333333,1200.4814943070014,2193,True,estendido_equiv
Anaheim_n416_m914_st_19.txt,2.0,416,914,1661,19,378,32298,23028,9,10,74.0,80.0,0.075,1200.2735643490014,11872,True,estendido_equiv
Barcelona_n930_m2522_st_15.txt,5.0,930,2522,32648,15,900,490845,41430,9,6,11.0,16.0,0.3125,1202.0366802749995,16,True,estendido_equiv
Barcelona_n930_m2522_st_15.txt,4.0,930,2522,20513,15,900,308820,41430,9,9,16.0,20.0,0.2,1201.7376896589994,1,True,estendido_equiv
Barcelona_n930_m2522_st_25.txt,5.0,930,2522,32648,25,880,817705,68550,9,9,11.0,17.0,0.35294117647058826,1203.447877810002,1,True,estendido_equiv
Barcelona_n930_m2522_st_25.txt,4.0,930,2522,20513,25,880,514330,68550,9,10,19.0,23.0,0.17391304347826086,1202.4567884350035,1,True,estendido_equiv
Barcelona_n930_m2522_st_50.txt,6.0,930,2522,48353,50,830,2420980,134600,9,8,7.0,15.0,0.5333333333333333,1209.2908575699985,1,True,estendido_equiv
Barcelona_n930_m2522_st_50.txt,5.0,930,2522,32648,50,830,1635730,134600,9,10,10.0,23.0,0.5652173913043478,1207.3333464259995,1,True,estendido_equiv
Barcelona_n930_m2522_st_50.txt,4.0,930,2522,20513,50,830,1028980,134600,9,10,18.0,38.0,0.5263157894736842,1204.6508607529977,1,True,estendido_equiv
Barcelona_n930_m2522_st_50.txt,3.0,930,2522,11284,50,830,567530,134600,9,10,35.0,63.0,0.4444444444444444,1203.3750626010005,1,True,estendido_equiv
Philadelphia_n800_m2404_st_5.txt,8.0,800,2404,60025,5,790,300940,11960,2,4,6.0,6.0,0.0,260.68451111500326,161,False,estendido_equiv
Philadelphia_n800_m2404_st_5.txt,7.0,800,2404,46505,5,790,233340,11960,9,3,7.0,9.0,0.2222222222222222,1201.1557471599954,890,True,estendido_equiv
Philadelphia_n800_m2404_st_5.txt,6.0,800,2404,34699,5,790,174310,11960,9,6,7.0,11.0,0.36363636363636365,1200.9929974039987,419,True,estendido_equiv
Philadelphia_n800_m2404_st_5.txt,5.0,800,2404,24702,5,790,124325,11960,9,7,10.0,14.0,0.2857142857142857,1201.084553277993,1213,True,estendido_equiv
Philadelphia_n800_m2404_st_5.txt,4.0,800,2404,16420,5,790,82915,11960,9,4,12.0,17.0,0.29411764705882354,1200.8138016819867,198,True,estendido_equiv
Philadelphia_n800_m2404_st_5.txt,3.0,800,2404,9837,5,790,50000,11960,9,4,17.0,26.0,0.34615384615384615,1200.6391719790117,841,True,estendido_equiv
Philadelphia_n800_m2404_st_5.txt,2.0,800,2404,5015,5,790,25890,11960,9,7,33.0,41.0,0.1951219512195122,1200.3207648020034,3035,True,estendido_equiv
Philadelphia_n800_m2404_st_25.txt,8.0,800,2404,60025,25,750,1502000,58800,2,5,7.0,7.0,0.0,775.2049868920003,1,False,estendido_equiv
Philadelphia_n800_m2404_st_25.txt,7.0,800,2404,46505,25,750,1164000,58800,9,4,6.0,10.0,0.4,1205.1149135479936,1,True,estendido_equiv
Philadelphia_n800_m2404_st_25.txt,6.0,800,2404,34699,25,750,868850,58800,9,5,9.0,14.0,0.35714285714285715,1204.0484347900056,1,True,estendido_equiv
Philadelphia_n800_m2404_st_25.txt,5.0,800,2404,24702,25,750,618925,58800,9,4,14.0,23.0,0.391304347826087,1202.8657443970005,1,True,estendido_equiv
Philadelphia_n800_m2404_st_25.txt,4.0,800,2404,16420,25,750,411875,58800,9,7,20.0,32.0,0.375,1202.0592608019942,1,True,estendido_equiv
Philadelphia_n800_m2404_st_25.txt,3.0,800,2404,9837,25,750,247300,58800,9,10,32.0,49.0,0.3469387755102041,1201.4080861289985,1,True,estendido_equiv
Philadelphia_n800_m2404_st_39.txt,5.0,800,2404,24702,39,722,965621,90636,9,10,14.0,24.0,0.4166666666666667,1204.1681412939943,1,True,estendido_equiv
Philadelphia_n800_m2404_st_39.txt,4.0,800,2404,16420,39,722,642623,90636,9,10,22.0,43.0,0.4883720930232558,1203.0900064849993,1,True,estendido_equiv
Philadelphia_n800_m2404_st_39.txt,3.0,800,2404,9837,39,722,385886,90636,9,10,37.0,65.0,0.4307692307692308,1203.9828943149987,1,True,estendido_equiv
Chicago_n400_m1130_st5.txt,8.0,400,1130,12715,5,390,63990,5960,2,2,9.0,9.0,0.0,2.7373893659969326,1,False,estendido_equiv
Chicago_n400_m1130_st5.txt,7.0,400,1130,10178,5,390,51305,5960,2,3,11.0,11.0,0.0,5.235091702998034,1,False,estendido_equiv
Chicago_n400_m1130_st10.txt,9.0,400,1130,15471,10,380,155190,11820,2,7,10.0,10.0,0.0,876.775936443999,7051,False,estendido_equiv
Chicago_n400_m1130_st10.txt,8.0,400,1130,12715,10,380,127630,11820,9,5,9.0,12.0,0.25,1200.6869057639997,2429,True,estendido_equiv
Chicago_n400_m1130_st10.txt,7.0,400,1130,10178,10,380,102260,11820,9,8,13.0,16.0,0.1875,1200.5512764489977,1630,True,estendido_equiv
Chicago_n400_m1130_st15.txt,10.0,400,1130,18449,15,370,277330,17580,9,9,6.0,9.0,0.3333333333333333,1201.238745484996,655,True,estendido_equiv
Chicago_n400_m1130_st15.txt,9.0,400,1130,15471,15,370,232660,17580,9,4,8.0,11.0,0.2727272727272727,1201.2146357690071,1021,True,estendido_equiv
Chicago_n400_m1130_st15.txt,8.0,400,1130,12715,15,370,191320,17580,9,6,10.0,13.0,0.23076923076923078,1201.0455936880026,1584,True,estendido_equiv
Chicago_n400_m1130_st15.txt,7.0,400,1130,10178,15,370,153265,17580,9,5,12.0,17.0,0.29411764705882354,1200.835398754003,1925,True,estendido_equiv
