comparison_experiment_id,source_experiment_id,baseline_source_experiment_id,instance,R,seed,strategy,baseline_available,config_compatible,environment_compatible,same_git_sha,budget_mode,time_limit_s,threads,git_sha,instance_sha256,baseline_N_nodes_pre,baseline_M_base_pre,baseline_A_R_bruto,baseline_A_R_final,baseline_candidatos_bruto,baseline_candidatos_final,baseline_grafo_folhas_removidas,baseline_candidatos_removidos_alcance,baseline_candidatos_removidos_dominancia,baseline_candidatos_removidos_total,baseline_candidatos_removidos_total_global,baseline_arcos_removidos_irrelevantes,baseline_arcos_removidos_forcados_zero,baseline_A_R_removidos_total,baseline_preprocess_iteracoes,baseline_preprocess_s,baseline_model_build_s,baseline_solver_s,baseline_runtime_s,baseline_vars,baseline_cons,baseline_model_nonzeros,baseline_status,baseline_status_name,baseline_solcount,baseline_LI,baseline_LS,baseline_gap,baseline_gap_pct,baseline_nodes,baseline_simplex_iterations,baseline_barrier_iterations,baseline_work_units,baseline_timelimit,baseline_feasible_like,strategy_N_nodes_pre,strategy_M_base_pre,strategy_A_R_bruto,strategy_A_R_final,strategy_candidatos_bruto,strategy_candidatos_final,strategy_grafo_folhas_removidas,strategy_candidatos_removidos_alcance,strategy_candidatos_removidos_dominancia,strategy_candidatos_removidos_total,strategy_candidatos_removidos_total_global,strategy_arcos_removidos_irrelevantes,strategy_arcos_removidos_forcados_zero,strategy_A_R_removidos_total,strategy_preprocess_iteracoes,strategy_preprocess_s,strategy_model_build_s,strategy_solver_s,strategy_runtime_s,strategy_vars,strategy_cons,strategy_model_nonzeros,strategy_status,strategy_status_name,strategy_solcount,strategy_LI,strategy_LS,strategy_gap,strategy_gap_pct,strategy_nodes,strategy_simplex_iterations,strategy_barrier_iterations,strategy_work_units,strategy_timelimit,strategy_feasible_like,reducao_nodes_grafo_pct,reducao_candidatos_pct,reducao_arcos_A_R_pct,reducao_vars_pct,reducao_cons_pct,reducao_nonzeros_pct,delta_LI,melhoria_LS,delta_gap_pp,delta_nodes,delta_simplex_iterations,delta_work_units,speedup_runtime,speedup_solver
artigo_estrategias_isoladas_1200,artigo_estrategias_isoladas_1200,,Barcelona_n930_m2522_st_15.txt,24,0,somente_folhas,False,False,False,False,total,1200.0,12,39e60396cec12ffcbeeb9cd795c156dd855ee46d,6837455a0cb3b33f79b15fe3bdb343eb1f50f19e8866c5796ee8034961ab6bde,,,,,,,,,,,,,,,,,,,,,,,,,,,,,,,,,,,,915,2492,614987,614987,915,915,15,0,0,0,15,0,0,0,0,2.1024653190397657,5.7448802390135825,16.89074683189392,24.766575138957705,615902,2745,2461778,2,OPTIMAL,3,1.0,1.0,0.0,0.0,1,818.0,0.0,5.278980007465011,False,True,,,,,,,,,,,,,,
artigo_estrategias_isoladas_1200,artigo_estrategias_isoladas_1200,,Barcelona_n930_m2522_st_15.txt,24,0,somente_alcance,False,False,False,False,total,1200.0,12,39e60396cec12ffcbeeb9cd795c156dd855ee46d,6837455a0cb3b33f79b15fe3bdb343eb1f50f19e8866c5796ee8034961ab6bde,,,,,,,,,,,,,,,,,,,,,,,,,,,,,,,,,,,,930,2522,629472,628934,930,929,0,1,0,1,1,538,0,538,2,3.8568361390498467,5.5911930410075,13.42569088935852,22.918257738056127,629863,2790,2517594,2,OPTIMAL,3,1.0,1.0,0.0,0.0,1,2560.0,0.0,4.915455447732396,False,True,,,,,,,,,,,,,,
artigo_estrategias_isoladas_1200,artigo_estrategias_isoladas_1200,,Barcelona_n930_m2522_st_15.txt,24,0,somente_dominancia,False,False,False,False,total,1200.0,12,39e60396cec12ffcbeeb9cd795c156dd855ee46d,6837455a0cb3b33f79b15fe3bdb343eb1f50f19e8866c5796ee8034961ab6bde,,,,,,,,,,,,,,,,,,,,,,,,,,,,,,,,,,,,930,2522,629472,629472,930,930,0,0,0,0,0,0,0,0,1,3.185125050949864,5.938429631001782,13.669409990310669,22.825209771981463,630402,2790,2519748,2,OPTIMAL,3,1.0,1.0,0.0,0.0,1,2560.0,0.0,5.021164836470575,False,True,,,,,,,,,,,,,,
artigo_estrategias_isoladas_1200,artigo_preprocess_1200,artigo_preprocess_1200,Barcelona_n930_m2522_st_25.txt,5,0,sem_preprocessamento,True,True,True,True,total,1200.0,12,39e60396cec12ffcbeeb9cd795c156dd855ee46d,83ee8413802c47c86dbaaf3db806ede9e35d3dcd8b052999a284a7528a688dcd,930,2522,32648,32648,930,930,0,0,0,0,0,0,0,0,0,0.08462162298383191,0.5654232139931992,623.3759610652924,624.0289284220198,33578,2790,132452,2,OPTIMAL,8,16.0,16.0,0.0,0.0,2184,1153342.0,0.0,203.7887393294199,False,True,930,2522,32648,32648,930,930,0,0,0,0,0,0,0,0,0,0.08462162298383191,0.5654232139931992,623.3759610652924,624.0289284220198,33578,2790,132452,2,OPTIMAL,8,16.0,16.0,0.0,0.0,2184,1153342.0,0.0,203.7887393294199,False,True,0.0,0.0,0.0,0.0,0.0,0.0,0.0,0.0,0.0,0.0,0.0,0.0,1.0,1.0
artigo_estrategias_isoladas_1200,artigo_estrategias_isoladas_1200,artigo_preprocess_1200,Barcelona_n930_m2522_st_25.txt,5,0,somente_folhas,True,True,True,True,total,1200.0,12,39e60396cec12ffcbeeb9cd795c156dd855ee46d,83ee8413802c47c86dbaaf3db806ede9e35d3dcd8b052999a284a7528a688dcd,930,2522,32648,32648,930,930,0,0,0,0,0,0,0,0,0,0.08462162298383191,0.5654232139931992,623.3759610652924,624.0289284220198,33578,2790,132452,2,OPTIMAL,8,16.0,16.0,0.0,0.0,2184,1153342.0,0.0,203.7887393294199,False,True,919,2500,32454,32454,919,919,11,0,0,0,11,0,0,0,0,0.1180806320044212,0.23465668398421258,540.5689570903778,540.9242582049919,33373,2757,131654,2,OPTIMAL,10,16.0,16.0,0.0,0.0,2117,1157901.0,0.0,219.8039700367332,False,True,1.1827956989247312,1.1827956989247312,0.594217103651066,0.6105187920662338,1.1827956989247312,0.6024824087216502,0.0,0.0,0.0,-67.0,4559.0,16.015230707313293,1.1536345781437187,1.1531849043286257
artigo_estrategias_isoladas_1200,artigo_estrategias_isoladas_1200,artigo_preprocess_1200,Barcelona_n930_m2522_st_25.txt,5,0,somente_alcance,True,True,True,True,total,1200.0,12,39e60396cec12ffcbeeb9cd795c156dd855ee46d,83ee8413802c47c86dbaaf3db806ede9e35d3dcd8b052999a284a7528a688dcd,930,2522,32648,32648,930,930,0,0,0,0,0,0,0,0,0,0.08462162298383191,0.5654232139931992,623.3759610652924,624.0289284220198,33578,2790,132452,2,OPTIMAL,8,16.0,16.0,0.0,0.0,2184,1153342.0,0.0,203.7887393294199,False,True,930,2522,32648,32604,930,928,0,2,0,2,2,44,0,44,2,0.21228516002884135,0.8583364369696938,1136.2170569896698,1137.2942617459921,33532,2790,132272,2,OPTIMAL,8,16.0,16.0,0.0,0.0,12961,3274977.0,0.0,474.6953769472972,False,True,0.0,0.21505376344086022,0.1347708894878706,0.13699446065876467,0.0,0.13589828768157522,0.0,0.0,0.0,10777.0,2121635.0,270.90663761787727,0.5486961021538971,0.5486416149365727
artigo_estrategias_isoladas_1200,artigo_estrategias_isoladas_1200,artigo_preprocess_1200,Barcelona_n930_m2522_st_25.txt,5,0,somente_dominancia,True,True,True,True,total,1200.0,12,39e60396cec12ffcbeeb9cd795c156dd855ee46d,83ee8413802c47c86dbaaf3db806ede9e35d3dcd8b052999a284a7528a688dcd,930,2522,32648,32648,930,930,0,0,0,0,0,0,0,0,0,0.08462162298383191,0.5654232139931992,623.3759610652924,624.0289284220198,33578,2790,132452,2,OPTIMAL,8,16.0,16.0,0.0,0.0,2184,1153342.0,0.0,203.7887393294199,False,True,930,2522,32648,32591,930,926,0,0,4,4,4,0,57,57,2,0.576355985016562,0.3450496530276723,409.2509560585022,410.1743807760067,33517,2790,132216,2,OPTIMAL,7,16.0,16.0,0.0,0.0,2203,930970.0,0.0,170.6089974902066,False,True,0.0,0.43010752688172044,0.1745895613820142,0.18166656739531836,0.0,0.1781777549602875,0.0,0.0,0.0,19.0,-222372.0,-33.17974183921331,1.5213747071219388,1.523211984814963
artigo_estrategias_isoladas_1200,artigo_preprocess_1200,artigo_preprocess_1200,Barcelona_n930_m2522_st_25.txt,5,0,com_preprocessamento,True,True,True,True,total,1200.0,12,39e60396cec12ffcbeeb9cd795c156dd855ee46d,83ee8413802c47c86dbaaf3db806ede9e35d3dcd8b052999a284a7528a688dcd,930,2522,32648,32648,930,930,0,0,0,0,0,0,0,0,0,0.08462162298383191,0.5654232139931992,623.3759610652924,624.0289284220198,33578,2790,132452,2,OPTIMAL,8,16.0,16.0,0.0,0.0,2184,1153342.0,0.0,203.7887393294199,False,True,919,2500,32454,32378,919,914,11,2,3,5,16,44,32,76,2,1.1599763780250214,0.6419775219983421,797.2092130184174,799.0179954320192,33292,2757,131340,2,OPTIMAL,9,16.0,16.0,0.0,0.0,2113,1070419.0,0.0,253.26959247959223,False,True,1.1827956989247312,1.7204301075268817,0.8270031854937515,0.8517481684436238,1.1827956989247312,0.8395494216772869,0.0,0.0,0.0,-71.0,-82923.0,49.48085315017232,0.7809948361483586,0.781947763379512
artigo_estrategias_isoladas_1200,artigo_preprocess_1200,artigo_preprocess_1200,Barcelona_n930_m2522_st_50.txt,6,0,sem_preprocessamento,True,True,True,True,total,1200.0,12,39e60396cec12ffcbeeb9cd795c156dd855ee46d,d82b3230df0e74d79e46c80bee08c94ea2c5c0b2282ff8a9afc5eed453e21e25,930,2522,48353,48353,930,930,0,0,0,0,0,0,0,0,0,0.14694161200895905,0.7483424150268547,1199.1590690612793,1198.2563745450461,49283,2790,195272,9,TIME_LIMIT,7,10.0,15.0,0.3333333333333333,33.33333333333333,5081,1490259.0,0.0,465.3384720327976,True,True,930,2522,48353,48353,930,930,0,0,0,0,0,0,0,0,0,0.14694161200895905,0.7483424150268547,1199.1590690612793,1198.2563745450461,49283,2790,195272,9,TIME_LIMIT,7,10.0,15.0,0.3333333333333333,33.33333333333333,5081,1490259.0,0.0,465.3384720327976,True,True,0.0,0.0,0.0,0.0,0.0,0.0,0.0,0.0,0.0,0.0,0.0,0.0,1.0,1.0
artigo_estrategias_isoladas_1200,artigo_estrategias_isoladas_1200,artigo_preprocess_1200,Barcelona_n930_m2522_st_50.txt,6,0,somente_folhas,True,True,True,True,total,1200.0,12,39e60396cec12ffcbeeb9cd795c156dd855ee46d,d82b3230df0e74d79e46c80bee08c94ea2c5c0b2282ff8a9afc5eed453e21e25,930,2522,48353,48353,930,930,0,0,0,0,0,0,0,0,0,0.14694161200895905,0.7483424150268547,1199.1590690612793,1198.2563745450461,49283,2790,195272,9,TIME_LIMIT,7,10.0,15.0,0.3333333333333333,33.33333333333333,5081,1490259.0,0.0,465.3384720327976,True,True,927,2516,48283,48283,927,927,3,0,0,0,3,0,0,0,0,0.17288271500729024,0.35090823099017143,1199.5538539886475,1200.0805192909902,49210,2781,194986,9,TIME_LIMIT,7,9.0,15.0,0.4,40.0,9505,2426105.0,0.0,466.47633742045826,True,True,0.3225806451612903,0.3225806451612903,0.1447686803300726,0.14812409958809325,0.3225806451612903,0.14646237043713384,-1.0,0.0,6.666666666666671,4424.0,935846.0,1.1378653876606677,0.9984799813707319,0.9996708902013399
artigo_estrategias_isoladas_1200,artigo_estrategias_isoladas_1200,artigo_preprocess_1200,Barcelona_n930_m2522_st_50.txt,6,0,somente_alcance,True,True,True,True,total,1200.0,12,39e60396cec12ffcbeeb9cd795c156dd855ee46d,d82b3230df0e74d79e46c80bee08c94ea2c5c0b2282ff8a9afc5eed453e21e25,930,2522,48353,48353,930,930,0,0,0,0,0,0,0,0,0,0.14694161200895905,0.7483424150268547,1199.1590690612793,1198.2563745450461,49283,2790,195272,9,TIME_LIMIT,7,10.0,15.0,0.3333333333333333,33.33333333333333,5081,1490259.0,0.0,465.3384720327976,True,True,930,2522,48353,48293,930,928,0,2,0,2,2,60,0,60,2,0.3379161750199273,0.465714230958838,1199.4572649002075,1200.2668088560458,49221,2790,195028,9,TIME_LIMIT,7,10.0,14.0,0.2857142857142857,28.57142857142857,4260,1524222.0,0.0,504.78282459392017,True,True,0.0,0.21505376344086022,0.12408744028291936,0.1258040297871477,0.0,0.12495391044286944,0.0,1.0,-4.761904761904759,-821.0,33963.0,39.44435256112257,0.9983250104925289,0.9997513910268799
artigo_estrategias_isoladas_1200,artigo_estrategias_isoladas_1200,artigo_preprocess_1200,Barcelona_n930_m2522_st_50.txt,6,0,somente_dominancia,True,True,True,True,total,1200.0,12,39e60396cec12ffcbeeb9cd795c156dd855ee46d,d82b3230df0e74d79e46c80bee08c94ea2c5c0b2282ff8a9afc5eed453e21e25,930,2522,48353,48353,930,930,0,0,0,0,0,0,0,0,0,0.14694161200895905,0.7483424150268547,1199.1590690612793,1198.2563745450461,49283,2790,195272,9,TIME_LIMIT,7,10.0,15.0,0.3333333333333333,33.33333333333333,5081,1490259.0,0.0,465.3384720327976,True,True,930,2522,48353,48301,930,927,0,0,3,3,3,0,52,52,2,0.6577144770417362,0.4596490460098721,1198.943365097046,1200.0638959399657,49228,2790,195058,9,TIME_LIMIT,6,9.0,15.0,0.4,40.0,9518,2842286.0,0.0,469.77717663396584,True,True,0.0,0.3225806451612903,0.10754244824519678,0.1116003490047278,0.0,0.10959072473268057,-1.0,0.0,6.666666666666671,4437.0,1352027.0,4.43870460116824,0.9984938123702957,1.000179911721031
artigo_estrategias_isoladas_1200,artigo_preprocess_1200,artigo_preprocess_1200,Barcelona_n930_m2522_st_50.txt,6,0,com_preprocessamento,True,True,True,True,total,1200.0,12,39e60396cec12ffcbeeb9cd795c156dd855ee46d,d82b3230df0e74d79e46c80bee08c94ea2c5c0b2282ff8a9afc5eed453e21e25,930,2522,48353,48353,930,930,0,0,0,0,0,0,0,0,0,0.14694161200895905,0.7483424150268547,1199.1590690612793,1198.2563745450461,49283,2790,195272,9,TIME_LIMIT,7,10.0,15.0,0.3333333333333333,33.33333333333333,5081,1490259.0,0.0,465.3384720327976,True,True,927,2516,48283,48200,927,923,3,2,2,4,7,60,23,83,2,0.595252673025243,0.5307403819751926,1199.0335898399353,1200.1662011860171,49123,2781,194646,9,TIME_LIMIT,7,10.0,15.0,0.3333333333333333,33.33333333333333,6941,1696436.0,0.0,497.31196942445825,True,True,0.3225806451612903,0.7526881720430108,0.3164229727214444,0.3246555607410263,0.3225806451612903,0.3205784751526076,0.0,0.0,0.0,1860.0,206177.0,31.973497391660658,0.9984086981960635,1.0001046502970452
artigo_estrategias_isoladas_1200,artigo_estrategias_isoladas_1200,,Chicago_n400_m1130_st10.txt,9,0,somente_folhas,False,False,False,False,total,1200.0,12,39e60396cec12ffcbeeb9cd795c156dd855ee46d,0a58dbe57b3c73f141d6dee531eb8f1063fc228dcfe3670a3bd1bb6f2e0785c6,,,,,,,,,,,,,,,,,,,,,,,,,,,,,,,,,,,,371,1074,14076,14076,371,371,29,0,0,0,29,0,0,0,0,0.04080731398425996,0.10613043699413538,19.4998939037323,19.64870244404301,14447,1113,57046,2,OPTIMAL,5,10.0,10.0,0.0,0.0,1,31267.0,0.0,4.8208838540772065,False,True,,,,,,,,,,,,,,
artigo_estrategias_isoladas_1200,artigo_estrategias_isoladas_1200,,Chicago_n400_m1130_st10.txt,9,0,somente_alcance,False,False,False,False,total,1200.0,12,39e60396cec12ffcbeeb9cd795c156dd855ee46d,0a58dbe57b3c73f141d6dee531eb8f1063fc228dcfe3670a3bd1bb6f2e0785c6,,,,,,,,,,,,,,,,,,,,,,,,,,,,,,,,,,,,400,1130,15471,15451,400,396,0,4,0,4,4,20,0,20,2,0.11276027304120362,0.14029683597618714,17.92226791381836,18.180187750025652,15847,1200,62596,2,OPTIMAL,7,10.0,10.0,0.0,0.0,1,25613.0,0.0,4.757827323426185,False,True,,,,,,,,,,,,,,
artigo_estrategias_isoladas_1200,artigo_estrategias_isoladas_1200,,Chicago_n400_m1130_st10.txt,9,0,somente_dominancia,False,False,False,False,total,1200.0,12,39e60396cec12ffcbeeb9cd795c156dd855ee46d,0a58dbe57b3c73f141d6dee531eb8f1063fc228dcfe3670a3bd1bb6f2e0785c6,,,,,,,,,,,,,,,,,,,,,,,,,,,,,,,,,,,,400,1130,15471,15239,400,385,0,0,15,15,15,0,232,232,2,0.17209986998932436,0.18407361599383876,60.81983494758606,61.17883028095821,15624,1200,61726,2,OPTIMAL,6,10.0,10.0,0.0,0.0,2099,201754.0,0.0,17.841769265237954,False,True,,,,,,,,,,,,,,
artigo_estrategias_isoladas_1200,artigo_estrategias_isoladas_1200,,Chicago_n400_m1130_st15.txt,26,0,somente_folhas,False,False,False,False,total,1200.0,12,39e60396cec12ffcbeeb9cd795c156dd855ee46d,985da2dca00e86fee905ae9864cb6b30d9daf189bedfe99a34589bc8e26f6854,,,,,,,,,,,,,,,,,,,,,,,,,,,,,,,,,,,,381,1094,73594,73594,381,381,19,0,0,0,19,0,0,0,0,0.24868744902778417,0.6327741079730913,0.7567300796508789,1.6419814960099757,73975,1143,295138,2,OPTIMAL,2,0.0,0.0,0.0,0.0,1,157.0,0.0,0.4628557136558507,False,True,,,,,,,,,,,,,,
artigo_estrategias_isoladas_1200,artigo_estrategias_isoladas_1200,,Chicago_n400_m1130_st15.txt,26,0,somente_alcance,False,False,False,False,total,1200.0,12,39e60396cec12ffcbeeb9cd795c156dd855ee46d,985da2dca00e86fee905ae9864cb6b30d9daf189bedfe99a34589bc8e26f6854,,,,,,,,,,,,,,,,,,,,,,,,,,,,,,,,,,,,400,1130,80019,79729,400,398,0,2,0,2,2,290,0,290,2,0.4512524890014902,0.6907502489630133,0.7690961360931396,1.9191637999610975,80127,1200,319712,2,OPTIMAL,2,0.0,0.0,0.0,0.0,1,198.0,0.0,0.5052371496350957,False,True,,,,,,,,,,,,,,
artigo_estrategias_isoladas_1200,artigo_estrategias_isoladas_1200,,Chicago_n400_m1130_st15.txt,26,0,somente_dominancia,False,False,False,False,total,1200.0,12,39e60396cec12ffcbeeb9cd795c156dd855ee46d,985da2dca00e86fee905ae9864cb6b30d9daf189bedfe99a34589bc8e26f6854,,,,,,,,,,,,,,,,,,,,,,,,,,,,,,,,,,,,400,1130,80019,79827,400,396,0,0,4,4,4,0,192,192,3,0.5277419850463048,0.7052881389972754,0.8270659446716309,2.0661289579584263,80223,1200,320100,2,OPTIMAL,2,0.0,0.0,0.0,0.0,1,194.0,0.0,0.5151425308028587,False,True,,,,,,,,,,,,,,
artigo_estrategias_isoladas_1200,artigo_estrategias_isoladas_1200,,Chicago_n400_m1130_st5.txt,32,0,somente_folhas,False,False,False,False,total,1200.0,12,39e60396cec12ffcbeeb9cd795c156dd855ee46d,3e284916d8d3b0f7b25e82cb39d41ce3e7c83502abeb54e52c5f33dcf3d3ee84,,,,,,,,,,,,,,,,,,,,,,,,,,,,,,,,,,,,361,1054,83526,83526,361,361,39,0,0,0,39,0,0,0,0,0.15299105399753898,0.7489935110206716,0.8219859600067139,1.7271626210422255,83887,1083,334826,2,OPTIMAL,2,0.0,0.0,0.0,0.0,1,13.0,0.0,0.505235844878095,False,True,,,,,,,,,,,,,,
artigo_estrategias_isoladas_1200,artigo_estrategias_isoladas_1200,,Chicago_n400_m1130_st5.txt,32,0,somente_alcance,False,False,False,False,total,1200.0,12,39e60396cec12ffcbeeb9cd795c156dd855ee46d,3e284916d8d3b0f7b25e82cb39d41ce3e7c83502abeb54e52c5f33dcf3d3ee84,,,,,,,,,,,,,,,,,,,,,,,,,,,,,,,,,,,,400,1130,101617,101156,400,398,0,2,0,2,2,461,0,461,2,0.46388484502676874,0.8827094620210119,0.9590659141540527,2.3158130859956145,101554,1200,405420,2,OPTIMAL,2,0.0,0.0,0.0,0.0,1,16.0,0.0,0.6226514980802079,False,True,,,,,,,,,,,,,,
artigo_estrategias_isoladas_1200,artigo_estrategias_isoladas_1200,,Chicago_n400_m1130_st5.txt,32,0,somente_dominancia,False,False,False,False,total,1200.0,12,39e60396cec12ffcbeeb9cd795c156dd855ee46d,3e284916d8d3b0f7b25e82cb39d41ce3e7c83502abeb54e52c5f33dcf3d3ee84,,,,,,,,,,,,,,,,,,,,,,,,,,,,,,,,,,,,400,1130,101617,100079,400,389,0,0,11,11,11,0,1538,1538,6,1.2277198809897527,0.7334204329526983,0.9527120590209961,2.9213786220061593,100468,1200,401094,2,OPTIMAL,2,0.0,0.0,0.0,0.0,1,9.0,0.0,0.629117906116292,False,True,,,,,,,,,,,,,,
artigo_estrategias_isoladas_1200,artigo_preprocess_1200,artigo_preprocess_1200,Philadelphia_n800_m2404_st_25.txt,3,0,sem_preprocessamento,True,True,True,True,total,1200.0,12,39e60396cec12ffcbeeb9cd795c156dd855ee46d,7ec1195af1f8cfabcdba9e002f4cc40991454ce413d39f08e82199eacc606ab7,800,2404,9837,9837,800,800,0,0,0,0,0,0,0,0,0,0.016874093969818205,0.12936550902668387,1199.9615528583527,1200.1093628919916,10637,2400,40948,9,TIME_LIMIT,8,40.0,47.0,0.14893617021276595,14.893617021276595,13513,7728356.0,0.0,517.6405565276765,True,True,800,2404,9837,9837,800,800,0,0,0,0,0,0,0,0,0,0.016874093969818205,0.12936550902668387,1199.9615528583527,1200.1093628919916,10637,2400,40948,9,TIME_LIMIT,8,40.0,47.0,0.14893617021276595,14.893617021276595,13513,7728356.0,0.0,517.6405565276765,True,True,0.0,0.0,0.0,0.0,0.0,0.0,0.0,0.0,0.0,0.0,0.0,0.0,1.0,1.0
artigo_estrategias_isoladas_1200,artigo_estrategias_isoladas_1200,artigo_preprocess_1200,Philadelphia_n800_m2404_st_25.txt,3,0,somente_folhas,True,True,True,True,total,1200.0,12,39e60396cec12ffcbeeb9cd795c156dd855ee46d,7ec1195af1f8cfabcdba9e002f4cc40991454ce413d39f08e82199eacc606ab7,800,2404,9837,9837,800,800,0,0,0,0,0,0,0,0,0,0.016874093969818205,0.12936550902668387,1199.9615528583527,1200.1093628919916,10637,2400,40948,9,TIME_LIMIT,8,40.0,47.0,0.14893617021276595,14.893617021276595,13513,7728356.0,0.0,517.6405565276765,True,True,741,2289,9445,9445,741,741,59,0,0,0,59,0,0,0,0,0.04224633297417313,0.17877252196194604,1199.828593969345,1200.0521556379972,10186,2223,39262,9,TIME_LIMIT,6,40.0,47.0,0.14893617021276595,14.893617021276595,14378,7765135.0,0.0,517.513056180175,True,True,7.375,7.375,3.9849547626308834,4.239917269906929,7.375,4.11741721207385,0.0,0.0,0.0,865.0,36779.0,-0.12750034750149553,1.0000476706397514,1.0001108149027917
artigo_estrategias_isoladas_1200,artigo_estrategias_isoladas_1200,artigo_preprocess_1200,Philadelphia_n800_m2404_st_25.txt,3,0,somente_alcance,True,True,True,True,total,1200.0,12,39e60396cec12ffcbeeb9cd795c156dd855ee46d,7ec1195af1f8cfabcdba9e002f4cc40991454ce413d39f08e82199eacc606ab7,800,2404,9837,9837,800,800,0,0,0,0,0,0,0,0,0,0.016874093969818205,0.12936550902668387,1199.9615528583527,1200.1093628919916,10637,2400,40948,9,TIME_LIMIT,8,40.0,47.0,0.14893617021276595,14.893617021276595,13513,7728356.0,0.0,517.6405565276765,True,True,800,2404,9837,9808,800,787,0,13,0,13,13,29,0,29,2,0.0751727189635858,0.20139446499524638,1199.7802920341492,1200.0605304519995,10595,2400,40806,9,TIME_LIMIT,10,40.0,47.0,0.14893617021276595,14.893617021276595,21719,10735039.0,0.0,490.7411440168938,True,True,0.0,1.625,0.2948053268272847,0.3948481714769202,0.0,0.3467812835791736,0.0,0.0,0.0,8206.0,3006683.0,-26.899412510782668,1.0000406916474236,1.0001510783477667
artigo_estrategias_isoladas_1200,artigo_estrategias_isoladas_1200,artigo_preprocess_1200,Philadelphia_n800_m2404_st_25.txt,3,0,somente_dominancia,True,True,True,True,total,1200.0,12,39e60396cec12ffcbeeb9cd795c156dd855ee46d,7ec1195af1f8cfabcdba9e002f4cc40991454ce413d39f08e82199eacc606ab7,800,2404,9837,9837,800,800,0,0,0,0,0,0,0,0,0,0.016874093969818205,0.12936550902668387,1199.9615528583527,1200.1093628919916,10637,2400,40948,9,TIME_LIMIT,8,40.0,47.0,0.14893617021276595,14.893617021276595,13513,7728356.0,0.0,517.6405565276765,True,True,800,2404,9837,9440,800,742,0,0,58,58,58,0,397,397,4,0.756444544007536,0.17501872003776953,1199.1402740478516,1200.073067320045,10182,2400,39244,9,TIME_LIMIT,9,40.0,47.0,0.14893617021276595,14.893617021276595,19458,8741852.0,0.0,506.24886084054606,True,True,0.0,7.25,4.035783267256277,4.277521857666636,0.0,4.161375402950083,0.0,0.0,0.0,5945.0,1013496.0,-11.391695687130436,1.0000302444683868,1.0006848896899516
artigo_estrategias_isoladas_1200,artigo_preprocess_1200,artigo_preprocess_1200,Philadelphia_n800_m2404_st_25.txt,3,0,com_preprocessamento,True,True,True,True,total,1200.0,12,39e60396cec12ffcbeeb9cd795c156dd855ee46d,7ec1195af1f8cfabcdba9e002f4cc40991454ce413d39f08e82199eacc606ab7,800,2404,9837,9837,800,800,0,0,0,0,0,0,0,0,0,0.016874093969818205,0.12936550902668387,1199.9615528583527,1200.1093628919916,10637,2400,40948,9,TIME_LIMIT,8,40.0,47.0,0.14893617021276595,14.893617021276595,13513,7728356.0,0.0,517.6405565276765,True,True,741,2289,9445,9197,741,707,59,1,33,34,93,7,241,248,5,0.6400539839523844,0.14769976498791948,1199.3069469928741,1200.096675281995,9904,2223,38202,9,TIME_LIMIT,10,40.0,46.0,0.13043478260869565,13.043478260869565,11513,5700003.0,0.0,491.4836596196728,True,True,7.375,11.625,6.506048592050422,6.89104070696625,7.375,6.70606623034092,0.0,1.0,-1.850138760407031,-2000.0,-2028353.0,-26.156896908003716,1.0000105721566086,1.00054582012313
artigo_estrategias_isoladas_1200,artigo_estrategias_isoladas_1200,,Philadelphia_n800_m2404_st_39.txt,20,0,somente_folhas,False,False,False,False,total,1200.0,12,39e60396cec12ffcbeeb9cd795c156dd855ee46d,28da35dbb426af58cf3105a3273ecd344fcffc80db17acd57af1b6044c278278,,,,,,,,,,,,,,,,,,,,,,,,,,,,,,,,,,,,747,2301,281250,281250,747,747,53,0,0,0,53,0,0,0,0,0.6603997109923512,2.3414361600298434,3.5797369480133057,6.592521426966414,281997,2241,1126494,2,OPTIMAL,2,0.0,0.0,0.0,0.0,1,427.0,0.0,1.8822994499207786,False,True,,,,,,,,,,,,,,
artigo_estrategias_isoladas_1200,artigo_estrategias_isoladas_1200,,Philadelphia_n800_m2404_st_39.txt,20,0,somente_alcance,False,False,False,False,total,1200.0,12,39e60396cec12ffcbeeb9cd795c156dd855ee46d,28da35dbb426af58cf3105a3273ecd344fcffc80db17acd57af1b6044c278278,,,,,,,,,,,,,,,,,,,,,,,,,,,,,,,,,,,,800,2404,303714,302633,800,796,0,4,0,4,4,1081,0,1081,2,1.5369606590247713,2.371756852022372,4.577422857284546,8.51181302004261,303429,2400,1212124,2,OPTIMAL,2,0.0,0.0,0.0,0.0,1,886.0,0.0,2.3096275179334493,False,True,,,,,,,,,,,,,,
artigo_estrategias_isoladas_1200,artigo_estrategias_isoladas_1200,,Philadelphia_n800_m2404_st_39.txt,20,0,somente_dominancia,False,False,False,False,total,1200.0,12,39e60396cec12ffcbeeb9cd795c156dd855ee46d,28da35dbb426af58cf3105a3273ecd344fcffc80db17acd57af1b6044c278278,,,,,,,,,,,,,,,,,,,,,,,,,,,,,,,,,,,,800,2404,303714,302046,800,793,0,0,7,7,7,0,1668,1668,4,2.612613247008994,2.3734947170014493,4.839651107788086,9.835972359986044,302839,2400,1209770,2,OPTIMAL,2,0.0,0.0,0.0,0.0,1,536.0,0.0,2.3461943525262177,False,True,,,,,,,,,,,,,,
artigo_estrategias_isoladas_1200,artigo_estrategias_isoladas_1200,,Philadelphia_n800_m2404_st_5.txt,22,0,somente_folhas,False,False,False,False,total,1200.0,12,39e60396cec12ffcbeeb9cd795c156dd855ee46d,cad5135fdc150bd84a554e52c4342e1ba709a8a943543a28e73555dd17a2054f,,,,,,,,,,,,,,,,,,,,,,,,,,,,,,,,,,,,736,2279,313830,313830,736,736,64,0,0,0,64,0,0,0,0,0.5654824060038663,2.7132702660164796,3.458216905593872,6.748955046001356,314566,2208,1256792,2,OPTIMAL,2,1.0,1.0,0.0,0.0,1,180.0,0.0,1.8356531994484684,False,True,,,,,,,,,,,,,,
artigo_estrategias_isoladas_1200,artigo_estrategias_isoladas_1200,,Philadelphia_n800_m2404_st_5.txt,22,0,somente_alcance,False,False,False,False,total,1200.0,12,39e60396cec12ffcbeeb9cd795c156dd855ee46d,cad5135fdc150bd84a554e52c4342e1ba709a8a943543a28e73555dd17a2054f,,,,,,,,,,,,,,,,,,,,,,,,,,,,,,,,,,,,800,2404,348585,347296,800,796,0,4,0,4,4,1289,0,1289,2,1.5741172680282034,2.768093527003657,3.862567901611328,8.23645636800211,348092,2400,1390776,2,OPTIMAL,2,1.0,1.0,0.0,0.0,1,487.0,0.0,1.9855914401052155,False,True,,,,,,,,,,,,,,
artigo_estrategias_isoladas_1200,artigo_estrategias_isoladas_1200,,Philadelphia_n800_m2404_st_5.txt,22,0,somente_dominancia,False,False,False,False,total,1200.0,12,39e60396cec12ffcbeeb9cd795c156dd855ee46d,cad5135fdc150bd84a554e52c4342e1ba709a8a943543a28e73555dd17a2054f,,,,,,,,,,,,,,,,,,,,,,,,,,,,,,,,,,,,800,2404,348585,347213,800,794,0,0,6,6,6,0,1372,1372,4,2.943000237981323,2.8991941169952042,4.119494199752808,9.976808956009336,348007,2400,1390440,2,OPTIMAL,2,1.0,1.0,0.0,0.0,1,1001.0,0.0,2.0607868109731196,False,True,,,,,,,,,,,,,,
artigo_estrategias_isoladas_1200,artigo_preprocess_1200,artigo_preprocess_1200,bip42p.txt,200,0,sem_preprocessamento,True,True,True,True,total,1200.0,12,39e60396cec12ffcbeeb9cd795c156dd855ee46d,fffb7ecf020b319efd8d99a55da1a90b76dd64d154b27d9a6e5c31aedd7236b5,1200,7964,7964,7964,1200,1200,0,0,0,0,0,0,0,0,0,0.04102408897597343,0.21752726298291236,1199.7555050849915,1200.016427937022,9164,3600,34256,9,TIME_LIMIT,10,33.0,46.0,0.2826086956521739,28.26086956521739,1545,4137148.0,0.0,467.13876046055225,True,True,1200,7964,7964,7964,1200,1200,0,0,0,0,0,0,0,0,0,0.04102408897597343,0.21752726298291236,1199.7555050849915,1200.016427937022,9164,3600,34256,9,TIME_LIMIT,10,33.0,46.0,0.2826086956521739,28.26086956521739,1545,4137148.0,0.0,467.13876046055225,True,True,0.0,0.0,0.0,0.0,0.0,0.0,0.0,0.0,0.0,0.0,0.0,0.0,1.0,1.0
artigo_estrategias_isoladas_1200,artigo_estrategias_isoladas_1200,artigo_preprocess_1200,bip42p.txt,200,0,somente_folhas,True,True,True,True,total,1200.0,12,39e60396cec12ffcbeeb9cd795c156dd855ee46d,fffb7ecf020b319efd8d99a55da1a90b76dd64d154b27d9a6e5c31aedd7236b5,1200,7964,7964,7964,1200,1200,0,0,0,0,0,0,0,0,0,0.04102408897597343,0.21752726298291236,1199.7555050849915,1200.016427937022,9164,3600,34256,9,TIME_LIMIT,10,33.0,46.0,0.2826086956521739,28.26086956521739,1545,4137148.0,0.0,467.13876046055225,True,True,1152,7868,7868,7868,1152,1152,48,0,0,0,48,0,0,0,0,0.07408839702839032,0.1551679850090295,1199.8070049285889,1200.0386919890298,9020,3456,33776,9,TIME_LIMIT,10,33.0,44.0,0.25,25.0,2356,5268401.0,0.0,502.6473810953778,True,True,4.0,4.0,1.2054244098442994,1.5713662156263641,4.0,1.4012143858010275,0.0,2.0,-3.2608695652173907,811.0,1131253.0,35.50862063482555,0.99998144722153,0.9999570765603253
artigo_estrategias_isoladas_1200,artigo_estrategias_isoladas_1200,artigo_preprocess_1200,bip42p.txt,200,0,somente_alcance,True,True,True,True,total,1200.0,12,39e60396cec12ffcbeeb9cd795c156dd855ee46d,fffb7ecf020b319efd8d99a55da1a90b76dd64d154b27d9a6e5c31aedd7236b5,1200,7964,7964,7964,1200,1200,0,0,0,0,0,0,0,0,0,0.04102408897597343,0.21752726298291236,1199.7555050849915,1200.016427937022,9164,3600,34256,9,TIME_LIMIT,10,33.0,46.0,0.2826086956521739,28.26086956521739,1545,4137148.0,0.0,467.13876046055225,True,True,1200,7964,7964,7964,1200,1200,0,0,0,0,0,0,0,0,1,0.056755397003144026,0.13728385302238166,1199.8253421783447,1200.0236367040197,9164,3600,34256,9,TIME_LIMIT,10,33.0,46.0,0.2826086956521739,28.26086956521739,2097,4975731.0,0.0,524.8759377136225,True,True,0.0,0.0,0.0,0.0,0.0,0.0,0.0,0.0,0.0,552.0,838583.0,57.737177253070286,0.9999939928124936,0.9999417939504207
artigo_estrategias_isoladas_1200,artigo_estrategias_isoladas_1200,artigo_preprocess_1200,bip42p.txt,200,0,somente_dominancia,True,True,True,True,total,1200.0,12,39e60396cec12ffcbeeb9cd795c156dd855ee46d,fffb7ecf020b319efd8d99a55da1a90b76dd64d154b27d9a6e5c31aedd7236b5,1200,7964,7964,7964,1200,1200,0,0,0,0,0,0,0,0,0,0.04102408897597343,0.21752726298291236,1199.7555050849915,1200.016427937022,9164,3600,34256,9,TIME_LIMIT,10,33.0,46.0,0.2826086956521739,28.26086956521739,1545,4137148.0,0.0,467.13876046055225,True,True,1200,7964,7964,7682,1200,1106,0,0,94,94,94,0,282,282,2,0.8368433669675142,0.3278894709656015,1198.8773410320282,1200.043678810005,8788,3600,32940,9,TIME_LIMIT,10,33.0,49.0,0.32653061224489793,32.6530612244898,1432,3867916.0,0.0,534.2919517044744,True,True,0.0,7.833333333333333,3.5409342039176295,4.1030117852466175,0.0,3.841662774404484,0.0,-3.0,4.392191659272406,-113.0,-269232.0,67.15319124392215,0.9999772917657379,1.000732488656602
artigo_estrategias_isoladas_1200,artigo_preprocess_1200,artigo_preprocess_1200,bip42p.txt,200,0,com_preprocessamento,True,True,True,True,total,1200.0,12,39e60396cec12ffcbeeb9cd795c156dd855ee46d,fffb7ecf020b319efd8d99a55da1a90b76dd64d154b27d9a6e5c31aedd7236b5,1200,7964,7964,7964,1200,1200,0,0,0,0,0,0,0,0,0,0.04102408897597343,0.21752726298291236,1199.7555050849915,1200.016427937022,9164,3600,34256,9,TIME_LIMIT,10,33.0,46.0,0.2826086956521739,28.26086956521739,1545,4137148.0,0.0,467.13876046055225,True,True,1152,7868,7868,7682,1152,1106,48,0,46,46,94,0,186,186,2,1.4128203769796528,0.3729112589498982,1198.2458879947662,1200.036256454012,8788,3456,32940,9,TIME_LIMIT,10,33.0,49.0,0.32653061224489793,32.6530612244898,1241,3466648.0,0.0,459.54205106196554,True,True,4.0,7.833333333333333,3.5409342039176295,4.1030117852466175,4.0,3.841662774404484,0.0,-3.0,4.392191659272406,-304.0,-670500.0,-7.596709398586711,0.9999834767350708,1.0012598558487453
artigo_estrategias_isoladas_1200,artigo_preprocess_1200,artigo_preprocess_1200,cc10-2p.txt,500,0,sem_preprocessamento,True,True,True,True,total,1200.0,12,39e60396cec12ffcbeeb9cd795c156dd855ee46d,ae70e45521ed4138e654f86a8c9b071ee5cc9f19dc78bd37ec15063741cdcde6,1024,10240,339124,339124,1024,1024,0,0,0,0,0,0,0,0,0,2.129295594000723,4.792701030033641,1193.68404006958,1200.63384783105,340148,3072,1358544,9,TIME_LIMIT,7,1.0,3.0,0.6666666666666666,66.66666666666666,4992,261859.0,0.0,408.30323281185883,True,True,1024,10240,339124,339124,1024,1024,0,0,0,0,0,0,0,0,0,2.129295594000723,4.792701030033641,1193.68404006958,1200.63384783105,340148,3072,1358544,9,TIME_LIMIT,7,1.0,3.0,0.6666666666666666,66.66666666666666,4992,261859.0,0.0,408.30323281185883,True,True,0.0,0.0,0.0,0.0,0.0,0.0,0.0,0.0,0.0,0.0,0.0,0.0,1.0,1.0
artigo_estrategias_isoladas_1200,artigo_estrategias_isoladas_1200,artigo_preprocess_1200,cc10-2p.txt,500,0,somente_folhas,True,True,True,True,total,1200.0,12,39e60396cec12ffcbeeb9cd795c156dd855ee46d,ae70e45521ed4138e654f86a8c9b071ee5cc9f19dc78bd37ec15063741cdcde6,1024,10240,339124,339124,1024,1024,0,0,0,0,0,0,0,0,0,2.129295594000723,4.792701030033641,1193.68404006958,1200.63384783105,340148,3072,1358544,9,TIME_LIMIT,7,1.0,3.0,0.6666666666666666,66.66666666666666,4992,261859.0,0.0,408.30323281185883,True,True,1024,10240,339124,339124,1024,1024,0,0,0,0,0,0,0,0,0,1.2054298110306263,2.8807318389881402,1196.1850299835205,1200.2897278310265,340148,3072,1358544,9,TIME_LIMIT,7,1.0,3.0,0.6666666666666666,66.66666666666666,5204,281125.0,0.0,459.50510891571093,True,True,0.0,0.0,0.0,0.0,0.0,0.0,0.0,0.0,0.0,212.0,19266.0,51.2018761038521,1.000286697446495,0.9979091947723381
artigo_estrategias_isoladas_1200,artigo_estrategias_isoladas_1200,artigo_preprocess_1200,cc10-2p.txt,500,0,somente_alcance,True,True,True,True,total,1200.0,12,39e60396cec12ffcbeeb9cd795c156dd855ee46d,ae70e45521ed4138e654f86a8c9b071ee5cc9f19dc78bd37ec15063741cdcde6,1024,10240,339124,339124,1024,1024,0,0,0,0,0,0,0,0,0,2.129295594000723,4.792701030033641,1193.68404006958,1200.63384783105,340148,3072,1358544,9,TIME_LIMIT,7,1.0,3.0,0.6666666666666666,66.66666666666666,4992,261859.0,0.0,408.30323281185883,True,True,1024,10240,339124,339124,1024,1024,0,0,0,0,0,0,0,0,1,1.7348895620089024,2.9626241819933057,1195.4729659557343,1200.2150950619834,340148,3072,1358544,9,TIME_LIMIT,7,1.0,3.0,0.6666666666666666,66.66666666666666,5204,281125.0,0.0,460.4832733452227,True,True,0.0,0.0,0.0,0.0,0.0,0.0,0.0,0.0,0.0,212.0,19266.0,52.180040533363865,1.0003488981023396,0.9985035831531966
artigo_estrategias_isoladas_1200,artigo_estrategias_isoladas_1200,artigo_preprocess_1200,cc10-2p.txt,500,0,somente_dominancia,True,True,True,True,total,1200.0,12,39e60396cec12ffcbeeb9cd795c156dd855ee46d,ae70e45521ed4138e654f86a8c9b071ee5cc9f19dc78bd37ec15063741cdcde6,1024,10240,339124,339124,1024,1024,0,0,0,0,0,0,0,0,0,2.129295594000723,4.792701030033641,1193.68404006958,1200.63384783105,340148,3072,1358544,9,TIME_LIMIT,7,1.0,3.0,0.6666666666666666,66.66666666666666,4992,261859.0,0.0,408.30323281185883,True,True,1024,10240,339124,339124,1024,1024,0,0,0,0,0,0,0,0,1,1.9800263319630176,3.216586010006722,1195.0976030826569,1200.3164861999685,340148,3072,1358544,9,TIME_LIMIT,7,1.0,3.0,0.6666666666666666,66.66666666666666,5204,281125.0,0.0,458.75431665885526,True,True,0.0,0.0,0.0,0.0,0.0,0.0,0.0,0.0,0.0,212.0,19266.0,50.451083846996426,1.0002643982938917,0.9988171986878472
artigo_estrategias_isoladas_1200,artigo_preprocess_1200,artigo_preprocess_1200,cc10-2p.txt,500,0,com_preprocessamento,True,True,True,True,total,1200.0,12,39e60396cec12ffcbeeb9cd795c156dd855ee46d,ae70e45521ed4138e654f86a8c9b071ee5cc9f19dc78bd37ec15063741cdcde6,1024,10240,339124,339124,1024,1024,0,0,0,0,0,0,0,0,0,2.129295594000723,4.792701030033641,1193.68404006958,1200.63384783105,340148,3072,1358544,9,TIME_LIMIT,7,1.0,3.0,0.6666666666666666,66.66666666666666,4992,261859.0,0.0,408.30323281185883,True,True,1024,10240,339124,339124,1024,1024,0,0,0,0,0,0,0,0,1,2.2285022719879635,3.0726770750479773,1194.8407351970673,1200.163523553987,340148,3072,1358544,9,TIME_LIMIT,7,1.0,3.0,0.6666666666666666,66.66666666666666,5204,281125.0,0.0,459.47779295385527,True,True,0.0,0.0,0.0,0.0,0.0,0.0,0.0,0.0,0.0,212.0,19266.0,51.17456014199644,1.0003918834957342,0.9990319252655071
artigo_estrategias_isoladas_1200,artigo_preprocess_1200,artigo_preprocess_1200,cc12-2p.txt,500,0,sem_preprocessamento,True,True,True,True,total,1200.0,12,39e60396cec12ffcbeeb9cd795c156dd855ee46d,480ac0727ec74850c4c629e6a2ca3e8542a04aecb74f771eafb665c36800fb20,4096,49148,2795100,2795100,4096,4096,0,0,0,0,0,0,0,0,0,11.090733741992153,26.43529655400198,1162.6783900260925,1200.305634142016,2799196,12288,11188592,9,TIME_LIMIT,6,1.0,7.0,0.8571428571428571,85.71428571428571,1,1939904.0,0.0,468.2594171556267,True,True,4096,49148,2795100,2795100,4096,4096,0,0,0,0,0,0,0,0,0,11.090733741992153,26.43529655400198,1162.6783900260925,1200.305634142016,2799196,12288,11188592,9,TIME_LIMIT,6,1.0,7.0,0.8571428571428571,85.71428571428571,1,1939904.0,0.0,468.2594171556267,True,True,0.0,0.0,0.0,0.0,0.0,0.0,0.0,0.0,0.0,0.0,0.0,0.0,1.0,1.0
artigo_estrategias_isoladas_1200,artigo_estrategias_isoladas_1200,artigo_preprocess_1200,cc12-2p.txt,500,0,somente_folhas,True,True,True,True,total,1200.0,12,39e60396cec12ffcbeeb9cd795c156dd855ee46d,480ac0727ec74850c4c629e6a2ca3e8542a04aecb74f771eafb665c36800fb20,4096,49148,2795100,2795100,4096,4096,0,0,0,0,0,0,0,0,0,11.090733741992153,26.43529655400198,1162.6783900260925,1200.305634142016,2799196,12288,11188592,9,TIME_LIMIT,6,1.0,7.0,0.8571428571428571,85.71428571428571,1,1939904.0,0.0,468.2594171556267,True,True,4096,49148,2795100,2795100,4096,4096,0,0,0,0,0,0,0,0,0,11.590384279959835,26.00426613498712,1162.5816929340363,1200.313457348966,2799196,12288,11188592,9,TIME_LIMIT,6,1.0,7.0,0.8571428571428571,85.71428571428571,1,1939904.0,0.0,464.4405681188326,True,True,0.0,0.0,0.0,0.0,0.0,0.0,0.0,0.0,0.0,0.0,0.0,-3.81884903679412,0.9999934823633759,1.000083174449283
artigo_estrategias_isoladas_1200,artigo_estrategias_isoladas_1200,artigo_preprocess_1200,cc12-2p.txt,500,0,somente_alcance,True,True,True,True,total,1200.0,12,39e60396cec12ffcbeeb9cd795c156dd855ee46d,480ac0727ec74850c4c629e6a2ca3e8542a04aecb74f771eafb665c36800fb20,4096,49148,2795100,2795100,4096,4096,0,0,0,0,0,0,0,0,0,11.090733741992153,26.43529655400198,1162.6783900260925,1200.305634142016,2799196,12288,11188592,9,TIME_LIMIT,6,1.0,7.0,0.8571428571428571,85.71428571428571,1,1939904.0,0.0,468.2594171556267,True,True,4096,49148,2795100,2795100,4096,4096,0,0,0,0,0,0,0,0,1,15.580609685974196,28.22981929697562,1156.3459169864655,1200.3349041390466,2799196,12288,11188592,9,TIME_LIMIT,6,1.0,7.0,0.8571428571428571,85.71428571428571,1,1939904.0,0.0,474.22112806701983,True,True,0.0,0.0,0.0,0.0,0.0,0.0,0.0,0.0,0.0,0.0,0.0,5.961710911393141,0.9999756151412996,1.0054762791536722
artigo_estrategias_isoladas_1200,artigo_estrategias_isoladas_1200,artigo_preprocess_1200,cc12-2p.txt,500,0,somente_dominancia,True,True,True,True,total,1200.0,12,39e60396cec12ffcbeeb9cd795c156dd855ee46d,480ac0727ec74850c4c629e6a2ca3e8542a04aecb74f771eafb665c36800fb20,4096,49148,2795100,2795100,4096,4096,0,0,0,0,0,0,0,0,0,11.090733741992153,26.43529655400198,1162.6783900260925,1200.305634142016,2799196,12288,11188592,9,TIME_LIMIT,6,1.0,7.0,0.8571428571428571,85.71428571428571,1,1939904.0,0.0,468.2594171556267,True,True,4096,49148,2795100,2795100,4096,4096,0,0,0,0,0,0,0,0,1,19.910530910012312,28.338946369010955,1151.9655940532684,1200.3384171010111,2799196,12288,11188592,9,TIME_LIMIT,6,1.0,7.0,0.8571428571428571,85.71428571428571,1,1939904.0,0.0,468.15204505871134,True,True,0.0,0.0,0.0,0.0,0.0,0.0,0.0,0.0,0.0,0.0,0.0,-0.10737209691535554,0.9999726885697167,1.0092995798035342
artigo_estrategias_isoladas_1200,artigo_preprocess_1200,artigo_preprocess_1200,cc12-2p.txt,500,0,com_preprocessamento,True,True,True,True,total,1200.0,12,39e60396cec12ffcbeeb9cd795c156dd855ee46d,480ac0727ec74850c4c629e6a2ca3e8542a04aecb74f771eafb665c36800fb20,4096,49148,2795100,2795100,4096,4096,0,0,0,0,0,0,0,0,0,11.090733741992153,26.43529655400198,1162.6783900260925,1200.305634142016,2799196,12288,11188592,9,TIME_LIMIT,6,1.0,7.0,0.8571428571428571,85.71428571428571,1,1939904.0,0.0,468.2594171556267,True,True,4096,49148,2795100,2795100,4096,4096,0,0,0,0,0,0,0,0,1,25.068999466020614,26.830330559052527,1148.2496299743652,1200.298817451985,2799196,12288,11188592,9,TIME_LIMIT,6,1.0,7.0,0.8571428571428571,85.71428571428571,1,1939904.0,0.0,465.8906638040207,True,True,0.0,0.0,0.0,0.0,0.0,0.0,0.0,0.0,0.0,0.0,0.0,-2.368753351606017,1.0000056791608323,1.0125658738962968
artigo_estrategias_isoladas_1200,artigo_preprocess_1200,artigo_preprocess_1200,cc12-2u.txt,2,0,sem_preprocessamento,True,True,True,True,total,1200.0,12,39e60396cec12ffcbeeb9cd795c156dd855ee46d,48f80f2089538eeb47fc743bb28c0c17dd8d10c99f5ce1fbb167a1837204bcb9,4096,49148,256874,256874,4096,4096,0,0,0,0,0,0,0,0,0,0.6557701060082763,3.1084844670258462,1212.5113248825073,1216.286689666973,260970,12288,1035688,9,TIME_LIMIT,10,5.0,219.0,0.9771689497716894,97.71689497716895,1,205142.0,0.0,444.3232991602206,True,True,4096,49148,256874,256874,4096,4096,0,0,0,0,0,0,0,0,0,0.6557701060082763,3.1084844670258462,1212.5113248825073,1216.286689666973,260970,12288,1035688,9,TIME_LIMIT,10,5.0,219.0,0.9771689497716894,97.71689497716895,1,205142.0,0.0,444.3232991602206,True,True,0.0,0.0,0.0,0.0,0.0,0.0,0.0,0.0,0.0,0.0,0.0,0.0,1.0,1.0
artigo_estrategias_isoladas_1200,artigo_estrategias_isoladas_1200,artigo_preprocess_1200,cc12-2u.txt,2,0,somente_folhas,True,True,True,True,total,1200.0,12,39e60396cec12ffcbeeb9cd795c156dd855ee46d,48f80f2089538eeb47fc743bb28c0c17dd8d10c99f5ce1fbb167a1837204bcb9,4096,49148,256874,256874,4096,4096,0,0,0,0,0,0,0,0,0,0.6557701060082763,3.1084844670258462,1212.5113248825073,1216.286689666973,260970,12288,1035688,9,TIME_LIMIT,10,5.0,219.0,0.9771689497716894,97.71689497716895,1,205142.0,0.0,444.3232991602206,True,True,4096,49148,256874,256874,4096,4096,0,0,0,0,0,0,0,0,0,0.8618792599881999,3.1011344449943863,1221.3913900852203,1225.3655429180362,260970,12288,1035688,9,TIME_LIMIT,10,5.0,219.0,0.9771689497716894,97.71689497716895,1,205142.0,0.0,444.3232991602206,True,True,0.0,0.0,0.0,0.0,0.0,0.0,0.0,0.0,0.0,0.0,0.0,0.0,0.9925909021160794,0.9927295498602676
artigo_estrategias_isoladas_1200,artigo_estrategias_isoladas_1200,artigo_preprocess_1200,cc12-2u.txt,2,0,somente_alcance,True,True,True,True,total,1200.0,12,39e60396cec12ffcbeeb9cd795c156dd855ee46d,48f80f2089538eeb47fc743bb28c0c17dd8d10c99f5ce1fbb167a1837204bcb9,4096,49148,256874,256874,4096,4096,0,0,0,0,0,0,0,0,0,0.6557701060082763,3.1084844670258462,1212.5113248825073,1216.286689666973,260970,12288,1035688,9,TIME_LIMIT,10,5.0,219.0,0.9771689497716894,97.71689497716895,1,205142.0,0.0,444.3232991602206,True,True,4096,49148,256874,256874,4096,4096,0,0,0,0,0,0,0,0,1,1.1985044640023261,2.578885179013014,1226.044438123703,1229.8510859819944,260970,12288,1035688,9,TIME_LIMIT,10,5.0,219.0,0.9771689497716894,97.71689497716895,1,205142.0,0.0,444.3232991602206,True,True,0.0,0.0,0.0,0.0,0.0,0.0,0.0,0.0,0.0,0.0,0.0,0.0,0.9889707002175872,0.9889619716705323
artigo_estrategias_isoladas_1200,artigo_estrategias_isoladas_1200,artigo_preprocess_1200,cc12-2u.txt,2,0,somente_dominancia,True,True,True,True,total,1200.0,12,39e60396cec12ffcbeeb9cd795c156dd855ee46d,48f80f2089538eeb47fc743bb28c0c17dd8d10c99f5ce1fbb167a1837204bcb9,4096,49148,256874,256874,4096,4096,0,0,0,0,0,0,0,0,0,0.6557701060082763,3.1084844670258462,1212.5113248825073,1216.286689666973,260970,12288,1035688,9,TIME_LIMIT,10,5.0,219.0,0.9771689497716894,97.71689497716895,1,205142.0,0.0,444.3232991602206,True,True,4096,49148,256874,256874,4096,4096,0,0,0,0,0,0,0,0,1,6.295203976973426,2.51387143303873,1218.8180730342865,1227.6493682840373,260970,12288,1035688,9,TIME_LIMIT,10,5.0,219.0,0.9771689497716894,97.71689497716895,1,205142.0,0.0,444.3232991602206,True,True,0.0,0.0,0.0,0.0,0.0,0.0,0.0,0.0,0.0,0.0,0.0,0.0,0.9907443616144676,0.9948255213051787
artigo_estrategias_isoladas_1200,artigo_preprocess_1200,artigo_preprocess_1200,cc12-2u.txt,2,0,com_preprocessamento,True,True,True,True,total,1200.0,12,39e60396cec12ffcbeeb9cd795c156dd855ee46d,48f80f2089538eeb47fc743bb28c0c17dd8d10c99f5ce1fbb167a1837204bcb9,4096,49148,256874,256874,4096,4096,0,0,0,0,0,0,0,0,0,0.6557701060082763,3.1084844670258462,1212.5113248825073,1216.286689666973,260970,12288,1035688,9,TIME_LIMIT,10,5.0,219.0,0.9771689497716894,97.71689497716895,1,205142.0,0.0,444.3232991602206,True,True,4096,49148,256874,256874,4096,4096,0,0,0,0,0,0,0,0,1,6.85769632604206,2.355370932025835,1209.2116310596466,1218.4386510250042,260970,12288,1035688,9,TIME_LIMIT,10,5.0,219.0,0.9771689497716894,97.71689497716895,1,205142.0,0.0,444.3232991602206,True,True,0.0,0.0,0.0,0.0,0.0,0.0,0.0,0.0,0.0,0.0,0.0,0.0,0.9982338369221783,1.0027287976216117
artigo_estrategias_isoladas_1200,artigo_estrategias_isoladas_1200,,fnl4461fst.txt,250,0,somente_folhas,False,False,False,False,total,1200.0,12,39e60396cec12ffcbeeb9cd795c156dd855ee46d,19e47b376fb95ff47c26837c8593244e607e7a3c85c3ed1b7bade279b85f310d,,,,,,,,,,,,,,,,,,,,,,,,,,,,,,,,,,,,17127,54704,2922520,2922520,17127,17127,0,0,0,0,0,0,0,0,0,5.874428039998747,26.035063416988123,1168.4009900093079,1200.416723704955,2939647,51381,11724334,9,TIME_LIMIT,7,1.0,13.0,0.9230769230769231,92.3076923076923,1,1033623.0,29.0,575.9763375793623,True,True,,,,,,,,,,,,,,
artigo_estrategias_isoladas_1200,artigo_estrategias_isoladas_1200,,fnl4461fst.txt,250,0,somente_alcance,False,False,False,False,total,1200.0,12,39e60396cec12ffcbeeb9cd795c156dd855ee46d,19e47b376fb95ff47c26837c8593244e607e7a3c85c3ed1b7bade279b85f310d,,,,,,,,,,,,,,,,,,,,,,,,,,,,,,,,,,,,17127,54704,2922520,2922520,17127,17127,0,0,0,0,0,0,0,0,1,9.053784220013767,25.9360441690078,1165.2968850135803,1200.4604604970082,2939647,51381,11724334,9,TIME_LIMIT,7,1.0,13.0,0.9230769230769231,92.3076923076923,1,1036110.0,29.0,584.4730182464821,True,True,,,,,,,,,,,,,,
artigo_estrategias_isoladas_1200,artigo_estrategias_isoladas_1200,,fnl4461fst.txt,250,0,somente_dominancia,False,False,False,False,total,1200.0,12,39e60396cec12ffcbeeb9cd795c156dd855ee46d,19e47b376fb95ff47c26837c8593244e607e7a3c85c3ed1b7bade279b85f310d,,,,,,,,,,,,,,,,,,,,,,,,,,,,,,,,,,,,17127,54704,2922520,2922520,17127,17127,0,0,0,0,0,0,0,0,1,6.2504520019865595,27.184367749025114,1166.8399708271027,1200.3730280890013,2939647,51381,11724334,9,TIME_LIMIT,7,1.0,13.0,0.9230769230769231,92.3076923076923,1,1036785.0,29.0,587.360803166172,True,True,,,,,,,,,,,,,,
artigo_estrategias_isoladas_1200,artigo_preprocess_1200,artigo_preprocess_1200,hc10p.txt,150,0,sem_preprocessamento,True,True,True,True,total,1200.0,12,39e60396cec12ffcbeeb9cd795c156dd855ee46d,8cd73be105f57ab1ca33bad09190eacd48d2ad1463037b62e8c706b75d775168,1024,10240,10240,10240,1024,1024,0,0,0,0,0,0,0,0,0,0.022540271980687976,0.10427557304501534,1199.961170911789,1200.0895906509832,11264,3072,43008,9,TIME_LIMIT,10,51.0,88.0,0.42045454545454547,42.04545454545455,40,836851.0,0.0,584.3788828501629,True,True,1024,10240,10240,10240,1024,1024,0,0,0,0,0,0,0,0,0,0.022540271980687976,0.10427557304501534,1199.961170911789,1200.0895906509832,11264,3072,43008,9,TIME_LIMIT,10,51.0,88.0,0.42045454545454547,42.04545454545455,40,836851.0,0.0,584.3788828501629,True,True,0.0,0.0,0.0,0.0,0.0,0.0,0.0,0.0,0.0,0.0,0.0,0.0,1.0,1.0
artigo_estrategias_isoladas_1200,artigo_estrategias_isoladas_1200,artigo_preprocess_1200,hc10p.txt,150,0,somente_folhas,True,True,True,True,total,1200.0,12,39e60396cec12ffcbeeb9cd795c156dd855ee46d,8cd73be105f57ab1ca33bad09190eacd48d2ad1463037b62e8c706b75d775168,1024,10240,10240,10240,1024,1024,0,0,0,0,0,0,0,0,0,0.022540271980687976,0.10427557304501534,1199.961170911789,1200.0895906509832,11264,3072,43008,9,TIME_LIMIT,10,51.0,88.0,0.42045454545454547,42.04545454545455,40,836851.0,0.0,584.3788828501629,True,True,1024,10240,10240,10240,1024,1024,0,0,0,0,0,0,0,0,0,0.07103491196176037,0.1472343310015276,1199.8888289928436,1200.1088537219912,11264,3072,43008,9,TIME_LIMIT,10,51.0,88.0,0.42045454545454547,42.04545454545455,40,836851.0,0.0,580.4523224857465,True,True,0.0,0.0,0.0,0.0,0.0,0.0,0.0,0.0,0.0,0.0,0.0,-3.926560364416332,0.9999839488968453,1.000060290517919
artigo_estrategias_isoladas_1200,artigo_estrategias_isoladas_1200,artigo_preprocess_1200,hc10p.txt,150,0,somente_alcance,True,True,True,True,total,1200.0,12,39e60396cec12ffcbeeb9cd795c156dd855ee46d,8cd73be105f57ab1ca33bad09190eacd48d2ad1463037b62e8c706b75d775168,1024,10240,10240,10240,1024,1024,0,0,0,0,0,0,0,0,0,0.022540271980687976,0.10427557304501534,1199.961170911789,1200.0895906509832,11264,3072,43008,9,TIME_LIMIT,10,51.0,88.0,0.42045454545454547,42.04545454545455,40,836851.0,0.0,584.3788828501629,True,True,1024,10240,10240,10240,1024,1024,0,0,0,0,0,0,0,0,1,0.05691565095912665,0.13456295698415488,1199.8848679065704,1200.0791278570541,11264,3072,43008,9,TIME_LIMIT,10,51.0,88.0,0.42045454545454547,42.04545454545455,40,836851.0,0.0,581.0236291559668,True,True,0.0,0.0,0.0,0.0,0.0,0.0,0.0,0.0,0.0,0.0,0.0,-3.355253694196108,1.0000087184200492,1.0000635919389096
artigo_estrategias_isoladas_1200,artigo_estrategias_isoladas_1200,artigo_preprocess_1200,hc10p.txt,150,0,somente_dominancia,True,True,True,True,total,1200.0,12,39e60396cec12ffcbeeb9cd795c156dd855ee46d,8cd73be105f57ab1ca33bad09190eacd48d2ad1463037b62e8c706b75d775168,1024,10240,10240,10240,1024,1024,0,0,0,0,0,0,0,0,0,0.022540271980687976,0.10427557304501534,1199.961170911789,1200.0895906509832,11264,3072,43008,9,TIME_LIMIT,10,51.0,88.0,0.42045454545454547,42.04545454545455,40,836851.0,0.0,584.3788828501629,True,True,1024,10240,10240,10240,1024,1024,0,0,0,0,0,0,0,0,1,0.8341303879860789,0.14639310003258288,1199.0943279266357,1200.0768574580434,11264,3072,43008,9,TIME_LIMIT,10,51.0,88.0,0.42045454545454547,42.04545454545455,40,836851.0,0.0,582.1802452079244,True,True,0.0,0.0,0.0,0.0,0.0,0.0,0.0,0.0,0.0,0.0,0.0,-2.198637642238509,1.0000106103145483,1.0007229147573837
artigo_estrategias_isoladas_1200,artigo_preprocess_1200,artigo_preprocess_1200,hc10p.txt,150,0,com_preprocessamento,True,True,True,True,total,1200.0,12,39e60396cec12ffcbeeb9cd795c156dd855ee46d,8cd73be105f57ab1ca33bad09190eacd48d2ad1463037b62e8c706b75d775168,1024,10240,10240,10240,1024,1024,0,0,0,0,0,0,0,0,0,0.022540271980687976,0.10427557304501534,1199.961170911789,1200.0895906509832,11264,3072,43008,9,TIME_LIMIT,10,51.0,88.0,0.42045454545454547,42.04545454545455,40,836851.0,0.0,584.3788828501629,True,True,1024,10240,10240,10240,1024,1024,0,0,0,0,0,0,0,0,1,0.7174395489855669,0.4881139220087789,1198.8650650978088,1200.0725134149543,11264,3072,43008,9,TIME_LIMIT,10,51.0,88.0,0.42045454545454547,42.04545454545455,40,836851.0,0.0,580.137252928946,True,True,0.0,0.0,0.0,0.0,0.0,0.0,0.0,0.0,0.0,0.0,0.0,-4.241629921216827,1.0000142301701256,1.000914286224439
artigo_estrategias_isoladas_1200,artigo_preprocess_1200,artigo_preprocess_1200,hc11p.txt,150,0,sem_preprocessamento,True,True,True,True,total,1200.0,12,39e60396cec12ffcbeeb9cd795c156dd855ee46d,7d4c55a4deb37ffc5f5675ea2d189a20090fdc9e6dea1fc8a64298405542a2e5,2048,22528,22528,22528,2048,2048,0,0,0,0,0,0,0,0,0,0.04824535397347063,0.242652437009383,1199.7262599468231,1200.0188755299896,24576,6144,94208,9,TIME_LIMIT,10,87.0,170.0,0.48823529411764705,48.8235294117647,1,507571.0,0.0,579.1312682909245,True,True,2048,22528,22528,22528,2048,2048,0,0,0,0,0,0,0,0,0,0.04824535397347063,0.242652437009383,1199.7262599468231,1200.0188755299896,24576,6144,94208,9,TIME_LIMIT,10,87.0,170.0,0.48823529411764705,48.8235294117647,1,507571.0,0.0,579.1312682909245,True,True,0.0,0.0,0.0,0.0,0.0,0.0,0.0,0.0,0.0,0.0,0.0,0.0,1.0,1.0
artigo_estrategias_isoladas_1200,artigo_estrategias_isoladas_1200,artigo_preprocess_1200,hc11p.txt,150,0,somente_folhas,True,True,True,True,total,1200.0,12,39e60396cec12ffcbeeb9cd795c156dd855ee46d,7d4c55a4deb37ffc5f5675ea2d189a20090fdc9e6dea1fc8a64298405542a2e5,2048,22528,22528,22528,2048,2048,0,0,0,0,0,0,0,0,0,0.04824535397347063,0.242652437009383,1199.7262599468231,1200.0188755299896,24576,6144,94208,9,TIME_LIMIT,10,87.0,170.0,0.48823529411764705,48.8235294117647,1,507571.0,0.0,579.1312682909245,True,True,2048,22528,22528,22528,2048,2048,0,0,0,0,0,0,0,0,0,0.12157422100426629,1.7161870599957183,1198.1735768318176,1200.0134572539828,24576,6144,94208,9,TIME_LIMIT,10,87.0,170.0,0.48823529411764705,48.8235294117647,1,507571.0,0.0,570.753346494963,True,True,0.0,0.0,0.0,0.0,0.0,0.0,0.0,0.0,0.0,0.0,0.0,-8.37792179596147,1.0000045151793708,1.0012958749425196
artigo_estrategias_isoladas_1200,artigo_estrategias_isoladas_1200,artigo_preprocess_1200,hc11p.txt,150,0,somente_alcance,True,True,True,True,total,1200.0,12,39e60396cec12ffcbeeb9cd795c156dd855ee46d,7d4c55a4deb37ffc5f5675ea2d189a20090fdc9e6dea1fc8a64298405542a2e5,2048,22528,22528,22528,2048,2048,0,0,0,0,0,0,0,0,0,0.04824535397347063,0.242652437009383,1199.7262599468231,1200.0188755299896,24576,6144,94208,9,TIME_LIMIT,10,87.0,170.0,0.48823529411764705,48.8235294117647,1,507571.0,0.0,579.1312682909245,True,True,2048,22528,22528,22528,2048,2048,0,0,0,0,0,0,0,0,1,0.11737434199312702,0.40985470201121643,1199.482423067093,1200.0143691889825,24576,6144,94208,9,TIME_LIMIT,10,87.0,170.0,0.48823529411764705,48.8235294117647,1,507571.0,0.0,576.6675298521102,True,True,0.0,0.0,0.0,0.0,0.0,0.0,0.0,0.0,0.0,0.0,0.0,-2.463738438814289,1.000003755239206,1.0002032850794984
artigo_estrategias_isoladas_1200,artigo_estrategias_isoladas_1200,artigo_preprocess_1200,hc11p.txt,150,0,somente_dominancia,True,True,True,True,total,1200.0,12,39e60396cec12ffcbeeb9cd795c156dd855ee46d,7d4c55a4deb37ffc5f5675ea2d189a20090fdc9e6dea1fc8a64298405542a2e5,2048,22528,22528,22528,2048,2048,0,0,0,0,0,0,0,0,0,0.04824535397347063,0.242652437009383,1199.7262599468231,1200.0188755299896,24576,6144,94208,9,TIME_LIMIT,10,87.0,170.0,0.48823529411764705,48.8235294117647,1,507571.0,0.0,579.1312682909245,True,True,2048,22528,22528,22528,2048,2048,0,0,0,0,0,0,0,0,1,3.0150989959947765,0.4129323310335167,1196.584354877472,1200.0145861529745,24576,6144,94208,9,TIME_LIMIT,10,87.0,170.0,0.48823529411764705,48.8235294117647,1,507571.0,0.0,572.2991640696223,True,True,0.0,0.0,0.0,0.0,0.0,0.0,0.0,0.0,0.0,0.0,0.0,-6.832104221302188,1.000003574437398,1.002625728020381
artigo_estrategias_isoladas_1200,artigo_preprocess_1200,artigo_preprocess_1200,hc11p.txt,150,0,com_preprocessamento,True,True,True,True,total,1200.0,12,39e60396cec12ffcbeeb9cd795c156dd855ee46d,7d4c55a4deb37ffc5f5675ea2d189a20090fdc9e6dea1fc8a64298405542a2e5,2048,22528,22528,22528,2048,2048,0,0,0,0,0,0,0,0,0,0.04824535397347063,0.242652437009383,1199.7262599468231,1200.0188755299896,24576,6144,94208,9,TIME_LIMIT,10,87.0,170.0,0.48823529411764705,48.8235294117647,1,507571.0,0.0,579.1312682909245,True,True,2048,22528,22528,22528,2048,2048,0,0,0,0,0,0,0,0,1,2.729093906003982,0.2907371440087445,1197.003103017807,1200.0257584810024,24576,6144,94208,9,TIME_LIMIT,10,87.0,170.0,0.48823529411764705,48.8235294117647,1,507571.0,0.0,580.7451305411689,True,True,0.0,0.0,0.0,0.0,0.0,0.0,0.0,0.0,0.0,0.0,0.0,1.6138622502444377,0.9999942643306078,1.0022749790056105
artigo_estrategias_isoladas_1200,artigo_preprocess_1200,artigo_preprocess_1200,hc12p.txt,150,0,sem_preprocessamento,True,True,True,True,total,1200.0,12,39e60396cec12ffcbeeb9cd795c156dd855ee46d,01ed34bb2b99500b148617b54b7f0502d595624243e21e5be9818194a668ebda,4096,49152,49152,49152,4096,4096,0,0,0,0,0,0,0,0,0,0.14093111001420766,0.5971778910025023,1199.323791027069,1200.06501415401,53248,12288,204800,9,TIME_LIMIT,10,39.0,349.0,0.8882521489971347,88.82521489971347,1,318956.0,0.0,548.0238203762389,True,True,4096,49152,49152,49152,4096,4096,0,0,0,0,0,0,0,0,0,0.14093111001420766,0.5971778910025023,1199.323791027069,1200.06501415401,53248,12288,204800,9,TIME_LIMIT,10,39.0,349.0,0.8882521489971347,88.82521489971347,1,318956.0,0.0,548.0238203762389,True,True,0.0,0.0,0.0,0.0,0.0,0.0,0.0,0.0,0.0,0.0,0.0,0.0,1.0,1.0
artigo_estrategias_isoladas_1200,artigo_estrategias_isoladas_1200,artigo_preprocess_1200,hc12p.txt,150,0,somente_folhas,True,True,True,True,total,1200.0,12,39e60396cec12ffcbeeb9cd795c156dd855ee46d,01ed34bb2b99500b148617b54b7f0502d595624243e21e5be9818194a668ebda,4096,49152,49152,49152,4096,4096,0,0,0,0,0,0,0,0,0,0.14093111001420766,0.5971778910025023,1199.323791027069,1200.06501415401,53248,12288,204800,9,TIME_LIMIT,10,39.0,349.0,0.8882521489971347,88.82521489971347,1,318956.0,0.0,548.0238203762389,True,True,4096,49152,49152,49152,4096,4096,0,0,0,0,0,0,0,0,0,0.38439979404211044,0.6859206680092029,1198.9945769309998,1200.0684571110178,53248,12288,204800,9,TIME_LIMIT,10,39.0,349.0,0.8882521489971347,88.82521489971347,1,317652.0,0.0,544.3245072919236,True,True,0.0,0.0,0.0,0.0,0.0,0.0,0.0,0.0,0.0,0.0,-1304.0,-3.6993130843152358,0.9999971310328278,1.0002745751335356
artigo_estrategias_isoladas_1200,artigo_estrategias_isoladas_1200,artigo_preprocess_1200,hc12p.txt,150,0,somente_alcance,True,True,True,True,total,1200.0,12,39e60396cec12ffcbeeb9cd795c156dd855ee46d,01ed34bb2b99500b148617b54b7f0502d595624243e21e5be9818194a668ebda,4096,49152,49152,49152,4096,4096,0,0,0,0,0,0,0,0,0,0.14093111001420766,0.5971778910025023,1199.323791027069,1200.06501415401,53248,12288,204800,9,TIME_LIMIT,10,39.0,349.0,0.8882521489971347,88.82521489971347,1,318956.0,0.0,548.0238203762389,True,True,4096,49152,49152,49152,4096,4096,0,0,0,0,0,0,0,0,1,0.38023210101528093,0.7367214449914172,1198.9836900234222,1200.1099400060484,53248,12288,204800,9,TIME_LIMIT,10,39.0,349.0,0.8882521489971347,88.82521489971347,1,317908.0,0.0,545.044706783861,True,True,0.0,0.0,0.0,0.0,0.0,0.0,0.0,0.0,0.0,0.0,-1048.0,-2.979113592377871,0.9999625652196179,1.0002836577398648
artigo_estrategias_isoladas_1200,artigo_estrategias_isoladas_1200,artigo_preprocess_1200,hc12p.txt,150,0,somente_dominancia,True,True,True,True,total,1200.0,12,39e60396cec12ffcbeeb9cd795c156dd855ee46d,01ed34bb2b99500b148617b54b7f0502d595624243e21e5be9818194a668ebda,4096,49152,49152,49152,4096,4096,0,0,0,0,0,0,0,0,0,0.14093111001420766,0.5971778910025023,1199.323791027069,1200.06501415401,53248,12288,204800,9,TIME_LIMIT,10,39.0,349.0,0.8882521489971347,88.82521489971347,1,318956.0,0.0,548.0238203762389,True,True,4096,49152,49152,49152,4096,4096,0,0,0,0,0,0,0,0,1,11.388079755997751,0.5988920700037852,1188.1260781288147,1200.1184705190244,53248,12288,204800,9,TIME_LIMIT,10,39.0,349.0,0.8882521489971347,88.82521489971347,1,315593.0,0.0,538.5428542565966,True,True,0.0,0.0,0.0,0.0,0.0,0.0,0.0,0.0,0.0,0.0,-3363.0,-9.48096611964229,0.9999554574266395,1.0094246840502732
artigo_estrategias_isoladas_1200,artigo_preprocess_1200,artigo_preprocess_1200,hc12p.txt,150,0,com_preprocessamento,True,True,True,True,total,1200.0,12,39e60396cec12ffcbeeb9cd795c156dd855ee46d,01ed34bb2b99500b148617b54b7f0502d595624243e21e5be9818194a668ebda,4096,49152,49152,49152,4096,4096,0,0,0,0,0,0,0,0,0,0.14093111001420766,0.5971778910025023,1199.323791027069,1200.06501415401,53248,12288,204800,9,TIME_LIMIT,10,39.0,349.0,0.8882521489971347,88.82521489971347,1,318956.0,0.0,548.0238203762389,True,True,4096,49152,49152,49152,4096,4096,0,0,0,0,0,0,0,0,1,10.805987706989981,0.5332746680360287,1188.735825061798,1200.0799061130383,53248,12288,204800,9,TIME_LIMIT,10,39.0,349.0,0.8882521489971347,88.82521489971347,1,316808.0,0.0,541.9397330450859,True,True,0.0,0.0,0.0,0.0,0.0,0.0,0.0,0.0,0.0,0.0,-2148.0,-6.084087331153,0.9999875908604482,1.00890691248808
artigo_estrategias_isoladas_1200,artigo_preprocess_1200,artigo_preprocess_1200,hc9u.txt,1,0,sem_preprocessamento,True,True,True,True,total,1200.0,12,39e60396cec12ffcbeeb9cd795c156dd855ee46d,1f2d51b5734e6b7118a1c4a15144760b763b5e1cf51e6c7d6b84bef2a80e04e0,512,4608,4608,4608,512,512,0,0,0,0,0,0,0,0,0,0.009737821004819125,0.047070678032469004,1199.970613002777,1200.0285283830017,5120,1536,19456,9,TIME_LIMIT,10,28.0,45.0,0.37777777777777777,37.77777777777778,1078,4351776.0,0.0,614.4841641249162,True,True,512,4608,4608,4608,512,512,0,0,0,0,0,0,0,0,0,0.009737821004819125,0.047070678032469004,1199.970613002777,1200.0285283830017,5120,1536,19456,9,TIME_LIMIT,10,28.0,45.0,0.37777777777777777,37.77777777777778,1078,4351776.0,0.0,614.4841641249162,True,True,0.0,0.0,0.0,0.0,0.0,0.0,0.0,0.0,0.0,0.0,0.0,0.0,1.0,1.0
artigo_estrategias_isoladas_1200,artigo_estrategias_isoladas_1200,artigo_preprocess_1200,hc9u.txt,1,0,somente_folhas,True,True,True,True,total,1200.0,12,39e60396cec12ffcbeeb9cd795c156dd855ee46d,1f2d51b5734e6b7118a1c4a15144760b763b5e1cf51e6c7d6b84bef2a80e04e0,512,4608,4608,4608,512,512,0,0,0,0,0,0,0,0,0,0.009737821004819125,0.047070678032469004,1199.970613002777,1200.0285283830017,5120,1536,19456,9,TIME_LIMIT,10,28.0,45.0,0.37777777777777777,37.77777777777778,1078,4351776.0,0.0,614.4841641249162,True,True,512,4608,4608,4608,512,512,0,0,0,0,0,0,0,0,0,0.03601484501268715,0.08159568504197523,1199.9042110443115,1200.0237335289712,5120,1536,19456,9,TIME_LIMIT,10,28.0,45.0,0.37777777777777777,37.77777777777778,977,3977112.0,0.0,596.100334896527,True,True,0.0,0.0,0.0,0.0,0.0,0.0,0.0,0.0,0.0,-101.0,-374664.0,-18.38382922838923,1.0000039956326667,1.000055339382806
artigo_estrategias_isoladas_1200,artigo_estrategias_isoladas_1200,artigo_preprocess_1200,hc9u.txt,1,0,somente_alcance,True,True,True,True,total,1200.0,12,39e60396cec12ffcbeeb9cd795c156dd855ee46d,1f2d51b5734e6b7118a1c4a15144760b763b5e1cf51e6c7d6b84bef2a80e04e0,512,4608,4608,4608,512,512,0,0,0,0,0,0,0,0,0,0.009737821004819125,0.047070678032469004,1199.970613002777,1200.0285283830017,5120,1536,19456,9,TIME_LIMIT,10,28.0,45.0,0.37777777777777777,37.77777777777778,1078,4351776.0,0.0,614.4841641249162,True,True,512,4608,4608,4608,512,512,0,0,0,0,0,0,0,0,1,0.02232338098110631,0.0823327109683305,1199.9262669086456,1200.0329661879805,5120,1536,19456,9,TIME_LIMIT,10,28.0,45.0,0.37777777777777777,37.77777777777778,1017,4130264.0,0.0,604.429885437147,True,True,0.0,0.0,0.0,0.0,0.0,0.0,0.0,0.0,0.0,-61.0,-221512.0,-10.05427868776917,0.999996301930777,1.0000369573492591
artigo_estrategias_isoladas_1200,artigo_estrategias_isoladas_1200,artigo_preprocess_1200,hc9u.txt,1,0,somente_dominancia,True,True,True,True,total,1200.0,12,39e60396cec12ffcbeeb9cd795c156dd855ee46d,1f2d51b5734e6b7118a1c4a15144760b763b5e1cf51e6c7d6b84bef2a80e04e0,512,4608,4608,4608,512,512,0,0,0,0,0,0,0,0,0,0.009737821004819125,0.047070678032469004,1199.970613002777,1200.0285283830017,5120,1536,19456,9,TIME_LIMIT,10,28.0,45.0,0.37777777777777777,37.77777777777778,1078,4351776.0,0.0,614.4841641249162,True,True,512,4608,4608,4608,512,512,0,0,0,0,0,0,0,0,1,0.2047050010296516,0.2904370960313827,1199.5315039157867,1200.0279892089893,5120,1536,19456,9,TIME_LIMIT,10,28.0,45.0,0.37777777777777777,37.77777777777778,1010,4104392.0,0.0,603.2852412714807,True,True,0.0,0.0,0.0,0.0,0.0,0.0,0.0,0.0,0.0,-68.0,-247384.0,-11.198922853435533,1.0000004493011974,1.0003660671566832
artigo_estrategias_isoladas_1200,artigo_preprocess_1200,artigo_preprocess_1200,hc9u.txt,1,0,com_preprocessamento,True,True,True,True,total,1200.0,12,39e60396cec12ffcbeeb9cd795c156dd855ee46d,1f2d51b5734e6b7118a1c4a15144760b763b5e1cf51e6c7d6b84bef2a80e04e0,512,4608,4608,4608,512,512,0,0,0,0,0,0,0,0,0,0.009737821004819125,0.047070678032469004,1199.970613002777,1200.0285283830017,5120,1536,19456,9,TIME_LIMIT,10,28.0,45.0,0.37777777777777777,37.77777777777778,1078,4351776.0,0.0,614.4841641249162,True,True,512,4608,4608,4608,512,512,0,0,0,0,0,0,0,0,1,0.19009614299284294,0.047572467010468245,1199.7858679294586,1200.0249614020577,5120,1536,19456,9,TIME_LIMIT,10,28.0,45.0,0.37777777777777777,37.77777777777778,1015,4122125.0,0.0,604.3219947124826,True,True,0.0,0.0,0.0,0.0,0.0,0.0,0.0,0.0,0.0,-63.0,-229651.0,-10.162169412433627,1.00000297242229,1.000153981704783
artigo_estrategias_isoladas_1200,artigo_estrategias_isoladas_1200,,inst_Anaheim_n416_m914_st_19.txt,4,0,somente_folhas,False,False,False,False,total,1200.0,12,39e60396cec12ffcbeeb9cd795c156dd855ee46d,cab8bc7ae6657050bbd01e24d340524fb9a85c3fe85408a3419ff4d500e7bf07,,,,,,,,,,,,,,,,,,,,,,,,,,,,,,,,,,,,416,914,5509,5509,416,416,0,0,0,0,0,0,0,0,0,0.012867739016655833,0.07819823297904804,256.85853576660156,256.95130284898914,5925,1248,22868,2,OPTIMAL,8,28.0,28.0,0.0,0.0,36835,5363553.0,0.0,110.2222299206731,False,True,,,,,,,,,,,,,,
artigo_estrategias_isoladas_1200,artigo_estrategias_isoladas_1200,,inst_Anaheim_n416_m914_st_19.txt,4,0,somente_alcance,False,False,False,False,total,1200.0,12,39e60396cec12ffcbeeb9cd795c156dd855ee46d,cab8bc7ae6657050bbd01e24d340524fb9a85c3fe85408a3419ff4d500e7bf07,,,,,,,,,,,,,,,,,,,,,,,,,,,,,,,,,,,,416,914,5509,5509,416,416,0,0,0,0,0,0,0,0,1,0.09336487000109628,0.08413114602444693,257.1124789714813,257.2921096460195,5925,1248,22868,2,OPTIMAL,8,28.0,28.0,0.0,0.0,36835,5363553.0,0.0,110.2222299206731,False,True,,,,,,,,,,,,,,
artigo_estrategias_isoladas_1200,artigo_estrategias_isoladas_1200,,inst_Anaheim_n416_m914_st_19.txt,4,0,somente_dominancia,False,False,False,False,total,1200.0,12,39e60396cec12ffcbeeb9cd795c156dd855ee46d,cab8bc7ae6657050bbd01e24d340524fb9a85c3fe85408a3419ff4d500e7bf07,,,,,,,,,,,,,,,,,,,,,,,,,,,,,,,,,,,,416,914,5509,5476,416,408,0,0,8,8,8,0,33,33,2,0.1248515960178338,0.07013480603927746,176.14498615264893,176.34160306002013,5884,1248,22720,2,OPTIMAL,7,28.0,28.0,0.0,0.0,27543,3222263.0,0.0,70.82615841057965,False,True,,,,,,,,,,,,,,
artigo_estrategias_isoladas_1200,artigo_estrategias_isoladas_1200,,inst_Barcelona_n1020_m2522_st_54.txt,21,0,somente_folhas,False,False,False,False,total,1200.0,12,39e60396cec12ffcbeeb9cd795c156dd855ee46d,0752d5f1d2acdb683c4de1a6bce096d6187dd6511ec28616c07472cd6aa0f4f5,,,,,,,,,,,,,,,,,,,,,,,,,,,,,,,,,,,,927,2516,534120,534120,927,927,3,0,0,0,3,0,0,0,0,1.1259375109802932,4.46970291499747,7.855263948440552,13.47358713898575,535047,2781,2138334,2,OPTIMAL,2,0.0,0.0,0.0,0.0,1,191.0,0.0,5.510552391501157,False,True,,,,,,,,,,,,,,
artigo_estrategias_isoladas_1200,artigo_estrategias_isoladas_1200,,inst_Barcelona_n1020_m2522_st_54.txt,21,0,somente_alcance,False,False,False,False,total,1200.0,12,39e60396cec12ffcbeeb9cd795c156dd855ee46d,0752d5f1d2acdb683c4de1a6bce096d6187dd6511ec28616c07472cd6aa0f4f5,,,,,,,,,,,,,,,,,,,,,,,,,,,,,,,,,,,,930,2522,536333,535864,930,929,0,1,0,1,1,469,0,469,2,2.560965332959313,5.023643372987863,7.8834099769592285,15.510812119988259,536793,2790,2145314,2,OPTIMAL,2,0.0,0.0,0.0,0.0,1,191.0,0.0,5.448767134588807,False,True,,,,,,,,,,,,,,
artigo_estrategias_isoladas_1200,artigo_estrategias_isoladas_1200,,inst_Barcelona_n1020_m2522_st_54.txt,21,0,somente_dominancia,False,False,False,False,total,1200.0,12,39e60396cec12ffcbeeb9cd795c156dd855ee46d,0752d5f1d2acdb683c4de1a6bce096d6187dd6511ec28616c07472cd6aa0f4f5,,,,,,,,,,,,,,,,,,,,,,,,,,,,,,,,,,,,930,2522,536333,535768,930,929,0,0,1,1,1,0,565,565,2,2.8410899059963413,4.624314741988201,8.018095016479492,15.518955585022923,536697,2790,2144930,2,OPTIMAL,2,0.0,0.0,0.0,0.0,1,192.0,0.0,5.527344173352956,False,True,,,,,,,,,,,,,,
artigo_estrategias_isoladas_1200,artigo_preprocess_1200,artigo_preprocess_1200,lin23.txt,500,0,sem_preprocessamento,True,True,True,True,total,1200.0,12,39e60396cec12ffcbeeb9cd795c156dd855ee46d,4735f1f68ae0d94bed5c3a760288b2e044334ab89728278505efb4621bde0c5d,3716,13500,565174,565174,3716,3716,0,0,0,0,0,0,0,0,0,1.0137293600128032,4.887239536968991,1194.8325989246368,1200.7516047970275,568890,11148,2268128,9,TIME_LIMIT,7,2.0,17.0,0.8823529411764706,88.23529411764706,152,1201421.0,0.0,581.5627361288009,True,True,3716,13500,565174,565174,3716,3716,0,0,0,0,0,0,0,0,0,1.0137293600128032,4.887239536968991,1194.8325989246368,1200.7516047970275,568890,11148,2268128,9,TIME_LIMIT,7,2.0,17.0,0.8823529411764706,88.23529411764706,152,1201421.0,0.0,581.5627361288009,True,True,0.0,0.0,0.0,0.0,0.0,0.0,0.0,0.0,0.0,0.0,0.0,0.0,1.0,1.0
artigo_estrategias_isoladas_1200,artigo_estrategias_isoladas_1200,artigo_preprocess_1200,lin23.txt,500,0,somente_folhas,True,True,True,True,total,1200.0,12,39e60396cec12ffcbeeb9cd795c156dd855ee46d,4735f1f68ae0d94bed5c3a760288b2e044334ab89728278505efb4621bde0c5d,3716,13500,565174,565174,3716,3716,0,0,0,0,0,0,0,0,0,1.0137293600128032,4.887239536968991,1194.8325989246368,1200.7516047970275,568890,11148,2268128,9,TIME_LIMIT,7,2.0,17.0,0.8823529411764706,88.23529411764706,152,1201421.0,0.0,581.5627361288009,True,True,3716,13500,565174,565174,3716,3716,0,0,0,0,0,0,0,0,0,1.2383572980179451,6.096790179028176,1193.1618390083313,1200.527283549949,568890,11148,2268128,9,TIME_LIMIT,7,2.0,17.0,0.8823529411764706,88.23529411764706,152,1201421.0,0.0,578.505111610622,True,True,0.0,0.0,0.0,0.0,0.0,0.0,0.0,0.0,0.0,0.0,0.0,-3.0576245181789545,1.0001868522691255,1.0014002793767642
artigo_estrategias_isoladas_1200,artigo_estrategias_isoladas_1200,artigo_preprocess_1200,lin23.txt,500,0,somente_alcance,True,True,True,True,total,1200.0,12,39e60396cec12ffcbeeb9cd795c156dd855ee46d,4735f1f68ae0d94bed5c3a760288b2e044334ab89728278505efb4621bde0c5d,3716,13500,565174,565174,3716,3716,0,0,0,0,0,0,0,0,0,1.0137293600128032,4.887239536968991,1194.8325989246368,1200.7516047970275,568890,11148,2268128,9,TIME_LIMIT,7,2.0,17.0,0.8823529411764706,88.23529411764706,152,1201421.0,0.0,581.5627361288009,True,True,3716,13500,565174,565174,3716,3716,0,0,0,0,0,0,0,0,1,2.3588629710138775,5.249108682968654,1192.871633052826,1200.5363389250124,568890,11148,2268128,9,TIME_LIMIT,7,2.0,17.0,0.8823529411764706,88.23529411764706,151,1200584.0,0.0,577.5547157446038,True,True,0.0,0.0,0.0,0.0,0.0,0.0,0.0,0.0,0.0,-1.0,-837.0,-4.0080203841971525,1.0001793080850914,1.0016439035160827
artigo_estrategias_isoladas_1200,artigo_estrategias_isoladas_1200,artigo_preprocess_1200,lin23.txt,500,0,somente_dominancia,True,True,True,True,total,1200.0,12,39e60396cec12ffcbeeb9cd795c156dd855ee46d,4735f1f68ae0d94bed5c3a760288b2e044334ab89728278505efb4621bde0c5d,3716,13500,565174,565174,3716,3716,0,0,0,0,0,0,0,0,0,1.0137293600128032,4.887239536968991,1194.8325989246368,1200.7516047970275,568890,11148,2268128,9,TIME_LIMIT,7,2.0,17.0,0.8823529411764706,88.23529411764706,152,1201421.0,0.0,581.5627361288009,True,True,3716,13500,565174,565140,3716,3715,0,0,1,1,1,0,34,34,2,8.661731104948558,5.419377420039382,1186.022521018982,1200.14423853904,568855,11148,2267990,9,TIME_LIMIT,7,2.0,17.0,0.8823529411764706,88.23529411764706,1,317585.0,0.0,664.7921469950664,True,True,0.0,0.02691065662002153,0.0060158464472888,0.006152331733727082,0.0,0.006084312701928639,0.0,0.0,0.0,-151.0,-883836.0,83.22941086626554,1.0005060777183972,1.0074282551549574
artigo_estrategias_isoladas_1200,artigo_preprocess_1200,artigo_preprocess_1200,lin23.txt,500,0,com_preprocessamento,True,True,True,True,total,1200.0,12,39e60396cec12ffcbeeb9cd795c156dd855ee46d,4735f1f68ae0d94bed5c3a760288b2e044334ab89728278505efb4621bde0c5d,3716,13500,565174,565174,3716,3716,0,0,0,0,0,0,0,0,0,1.0137293600128032,4.887239536968991,1194.8325989246368,1200.7516047970275,568890,11148,2268128,9,TIME_LIMIT,7,2.0,17.0,0.8823529411764706,88.23529411764706,152,1201421.0,0.0,581.5627361288009,True,True,3716,13500,565174,565140,3716,3715,0,0,1,1,1,0,34,34,2,10.078360786021221,5.007915021968074,1184.97429895401,1200.0885653420119,568855,11148,2267990,9,TIME_LIMIT,7,2.0,17.0,0.8823529411764706,88.23529411764706,1,318010.0,0.0,667.301237143105,True,True,0.0,0.02691065662002153,0.0060158464472888,0.006152331733727082,0.0,0.006084312701928639,0.0,0.0,0.0,-151.0,-883411.0,85.73850101430412,1.000552492102803,1.0083194209185202
artigo_estrategias_isoladas_1200,artigo_estrategias_isoladas_1200,,lin37.txt,500,0,somente_folhas,False,False,False,False,total,1200.0,12,39e60396cec12ffcbeeb9cd795c156dd855ee46d,4424d0e7a55fdabfb0c736747738389e58c7f74a8ecbcf90757c14bfaeab3e8a,,,,,,,,,,,,,,,,,,,,,,,,,,,,,,,,,,,,38418,143314,6341378,6341378,38418,38418,0,0,0,0,0,0,0,0,0,22.275602461013477,70.19943932798924,1109.6454911231995,1202.491132043011,6379796,115254,25442348,9,TIME_LIMIT,1,2.0,129.0,0.9844961240310077,98.44961240310077,1,420614.0,17.0,359.7943282918705,True,True,,,,,,,,,,,,,,
artigo_estrategias_isoladas_1200,artigo_estrategias_isoladas_1200,,lin37.txt,500,0,somente_alcance,False,False,False,False,total,1200.0,12,39e60396cec12ffcbeeb9cd795c156dd855ee46d,4424d0e7a55fdabfb0c736747738389e58c7f74a8ecbcf90757c14bfaeab3e8a,,,,,,,,,,,,,,,,,,,,,,,,,,,,,,,,,,,,38418,143314,6341378,6341378,38418,38418,0,0,0,0,0,0,0,0,1,32.266828425985295,70.2442655999912,1097.7663009166718,1200.8968008189695,6379796,115254,25442348,9,TIME_LIMIT,1,2.0,129.0,0.9844961240310077,98.44961240310077,1,420614.0,17.0,356.13111239441054,True,True,,,,,,,,,,,,,,
artigo_estrategias_isoladas_1200,artigo_estrategias_isoladas_1200,,lin37.txt,500,0,somente_dominancia,False,False,False,False,total,1200.0,12,39e60396cec12ffcbeeb9cd795c156dd855ee46d,4424d0e7a55fdabfb0c736747738389e58c7f74a8ecbcf90757c14bfaeab3e8a,,,,,,,,,,,,,,,,,,,,,,,,,,,,,,,,,,,,38418,143314,6341378,6341378,38418,38418,0,0,0,0,0,0,0,0,1,21.56453206198057,70.9827027329593,1109.5646510124207,1202.4627511730068,6379796,115254,25442348,9,TIME_LIMIT,1,2.0,129.0,0.9844961240310077,98.44961240310077,1,420614.0,17.0,359.82305343502685,True,True,,,,,,,,,,,,,,
