instance_name,classe,familia,n,m_arestas,m_robos,r,instance_sha256,formulation,modality,status,certification,objective_primal,lb_best,ub_best,gap_abs,gap_rel,optimality_proven,time_s,work,ru_maxrss_kb_before,ru_maxrss_kb_after,n_vars,n_cons,time_to_first_feasible_s,time_to_best_s,time_to_proof_s,nodes,physically_validated,observations
hb-q6-ndir1-p2-k1-L2.txt,estrutural,hb,25,37,11,1.0,6e9b6ca6f9560ac92f9e53eaba48ddbea5aa200d0003ac1968284852ab6504b4,baseline,A,OPTIMAL,CERTIFIED_LP,,0.4545454545454546,,,,,0.006249383091926575,,,,99,75,,,,,,lp_base; K=0
hb-q6-ndir1-p2-k1-L2.txt,estrutural,hb,25,37,11,1.0,6e9b6ca6f9560ac92f9e53eaba48ddbea5aa200d0003ac1968284852ab6504b4,baseline,A,OPTIMAL,CERTIFIED_LP,,1.2727272727272727,,,,,0.004312406061217189,,,,99,83,,,,,,lp_comp; K=8
hb-q6-ndir1-p2-k1-L2.txt,estrutural,hb,25,37,11,1.0,6e9b6ca6f9560ac92f9e53eaba48ddbea5aa200d0003ac1968284852ab6504b4,fcc_k,A,CAP_EXCEEDED,NOT_MEASURED_CAP_EXCEEDED,,,,,,,1.9616784660611302,,,,,,,,,,,lp_fcc_k; K=8; max_W=200001 excede cap=200000
hb-q6-ndir1-p2-k1-L2.txt,estrutural,hb,25,37,11,1.0,6e9b6ca6f9560ac92f9e53eaba48ddbea5aa200d0003ac1968284852ab6504b4,baseline,B,OPTIMAL,CERTIFIED_MIP_OPTIMAL,3.0,3.0,3.0,0.0,0.0,True,0.007898092269897461,0.000971193048761369,226540,226540,99,75,0.00016307830810546875,0.0031130313873291016,0.007898092269897461,1,True,
hb-q6-ndir1-p2-k1-L2.txt,estrutural,hb,25,37,11,1.0,6e9b6ca6f9560ac92f9e53eaba48ddbea5aa200d0003ac1968284852ab6504b4,fcc_k,B,CAP_EXCEEDED,NOT_MEASURED_CAP_EXCEEDED,,,,,,False,0.0,0.0,237256,237256,0,0,,,,0,,max_W=200001 excede cap=200000
hb-q6-ndir1-p1-k1-L2.txt,estrutural,hb,28,52,11,1.0,89f8a4567ddab3a3c8945ed85abd58891747f4604655d20c4efc1dde4aed4020,baseline,A,OPTIMAL,CERTIFIED_LP,,0.4545454545454546,,,,,0.00469154492020607,,,,132,84,,,,,,lp_base; K=0
hb-q6-ndir1-p1-k1-L2.txt,estrutural,hb,28,52,11,1.0,89f8a4567ddab3a3c8945ed85abd58891747f4604655d20c4efc1dde4aed4020,baseline,A,OPTIMAL,CERTIFIED_LP,,1.290909090909091,,,,,0.004528756020590663,,,,132,94,,,,,,lp_comp; K=10
hb-q6-ndir1-p1-k1-L2.txt,estrutural,hb,28,52,11,1.0,89f8a4567ddab3a3c8945ed85abd58891747f4604655d20c4efc1dde4aed4020,fcc_k,A,CAP_EXCEEDED,NOT_MEASURED_CAP_EXCEEDED,,,,,,,1.5125499919522554,,,,,,,,,,,lp_fcc_k; K=10; max_W=200001 excede cap=200000
hb-q6-ndir1-p1-k1-L2.txt,estrutural,hb,28,52,11,1.0,89f8a4567ddab3a3c8945ed85abd58891747f4604655d20c4efc1dde4aed4020,baseline,B,OPTIMAL,CERTIFIED_MIP_OPTIMAL,3.0,3.0,3.0,0.0,0.0,True,0.008989095687866211,0.0017103843690486902,237256,237256,132,84,0.00018596649169921875,0.0035080909729003906,0.008989095687866211,1,True,
hb-q6-ndir1-p1-k1-L2.txt,estrutural,hb,28,52,11,1.0,89f8a4567ddab3a3c8945ed85abd58891747f4604655d20c4efc1dde4aed4020,fcc_k,B,CAP_EXCEEDED,NOT_MEASURED_CAP_EXCEEDED,,,,,,False,0.0,0.0,237256,237256,0,0,,,,0,,max_W=200001 excede cap=200000
hb-q8-ndir1-p1-k1-L2.txt,estrutural,hb,38,86,15,1.0,6e01d7d2c2781ea7e7a6455917877b02133db53d861f8facbe3762c13b817fa6,baseline,A,OPTIMAL,CERTIFIED_LP,,0.4666666666666666,,,,,0.006036428036168218,,,,210,114,,,,,,lp_base; K=0
hb-q8-ndir1-p1-k1-L2.txt,estrutural,hb,38,86,15,1.0,6e01d7d2c2781ea7e7a6455917877b02133db53d861f8facbe3762c13b817fa6,baseline,A,OPTIMAL,CERTIFIED_LP,,1.342857142857143,,,,,0.006234847940504551,,,,210,128,,,,,,lp_comp; K=14
hb-q8-ndir1-p1-k1-L2.txt,estrutural,hb,38,86,15,1.0,6e01d7d2c2781ea7e7a6455917877b02133db53d861f8facbe3762c13b817fa6,fcc_k,A,CAP_EXCEEDED,NOT_MEASURED_CAP_EXCEEDED,,,,,,,1.0028977169422433,,,,,,,,,,,lp_fcc_k; K=14; max_W=200001 excede cap=200000
hb-q8-ndir1-p1-k1-L2.txt,estrutural,hb,38,86,15,1.0,6e01d7d2c2781ea7e7a6455917877b02133db53d861f8facbe3762c13b817fa6,baseline,B,OPTIMAL,CERTIFIED_MIP_OPTIMAL,3.0,3.0,3.0,0.0,0.0,True,0.026015043258666992,0.0051827315483174005,237256,237256,210,114,0.00014591217041015625,0.014221906661987305,0.026015043258666992,1,True,
hb-q8-ndir1-p1-k1-L2.txt,estrutural,hb,38,86,15,1.0,6e01d7d2c2781ea7e7a6455917877b02133db53d861f8facbe3762c13b817fa6,fcc_k,B,CAP_EXCEEDED,NOT_MEASURED_CAP_EXCEEDED,,,,,,False,0.0,0.0,237256,237256,0,0,,,,0,,max_W=200001 excede cap=200000
bp-sim-q2-B3-s0.txt,estrutural,bp,26,28,6,1.0,e345bab4a9478aefb039458c2d5787a2f20d187da86bab08ef39f727bd4856e8,baseline,A,OPTIMAL,CERTIFIED_LP,,3.0,,,,,0.0035231339279562235,,,,82,78,,,,,,lp_base; K=0
bp-sim-q2-B3-s0.txt,estrutural,bp,26,28,6,1.0,e345bab4a9478aefb039458c2d5787a2f20d187da86bab08ef39f727bd4856e8,baseline,A,OPTIMAL,CERTIFIED_LP,,10.0,,,,,0.003581693978048861,,,,82,98,,,,,,lp_comp; K=20
bp-sim-q2-B3-s0.txt,estrutural,bp,26,28,6,1.0,e345bab4a9478aefb039458c2d5787a2f20d187da86bab08ef39f727bd4856e8,fcc_k,A,CAP_EXCEEDED,NOT_MEASURED_CAP_EXCEEDED,,,,,,,1.7358690610853955,,,,,,,,,,,lp_fcc_k; K=20; max_W=200001 excede cap=200000
bp-sim-q2-B3-s0.txt,estrutural,bp,26,28,6,1.0,e345bab4a9478aefb039458c2d5787a2f20d187da86bab08ef39f727bd4856e8,baseline,B,OPTIMAL,CERTIFIED_MIP_OPTIMAL,10.0,10.0,10.0,0.0,0.0,True,0.00397491455078125,0.00047863447664019733,244984,244984,82,78,0.00013899803161621094,0.0020279884338378906,0.00397491455078125,1,True,
bp-sim-q2-B3-s0.txt,estrutural,bp,26,28,6,1.0,e345bab4a9478aefb039458c2d5787a2f20d187da86bab08ef39f727bd4856e8,fcc_k,B,CAP_EXCEEDED,NOT_MEASURED_CAP_EXCEEDED,,,,,,False,0.0,0.0,244984,244984,0,0,,,,0,,max_W=200001 excede cap=200000
sc-gf2-k3.txt,estrutural,sc,21,77,7,1.0,9f338d4a92f25a6353b556a84215029209940d5cbd4d11821b4e54a71fff75c9,baseline,A,OPTIMAL,CERTIFIED_LP,,1.0,,,,,0.004239386064000428,,,,175,63,,,,,,lp_base; K=0
sc-gf2-k3.txt,estrutural,sc,21,77,7,1.0,9f338d4a92f25a6353b556a84215029209940d5cbd4d11821b4e54a71fff75c9,baseline,A,OPTIMAL,CERTIFIED_LP,,1.75,,,,,0.004317368031479418,,,,175,71,,,,,,lp_comp; K=8
sc-gf2-k3.txt,estrutural,sc,21,77,7,1.0,9f338d4a92f25a6353b556a84215029209940d5cbd4d11821b4e54a71fff75c9,fcc_k,A,CAP_EXCEEDED,NOT_MEASURED_CAP_EXCEEDED,,,,,,,1.176456573070027,,,,,,,,,,,lp_fcc_k; K=8; max_W=200001 excede cap=200000
sc-gf2-k3.txt,estrutural,sc,21,77,7,1.0,9f338d4a92f25a6353b556a84215029209940d5cbd4d11821b4e54a71fff75c9,baseline,B,OPTIMAL,CERTIFIED_MIP_OPTIMAL,3.0,3.0,3.0,0.0,0.0,True,0.018246173858642578,0.00419863871289733,244984,244984,175,63,0.00021314620971679688,0.004800081253051758,0.018246173858642578,1,True,
sc-gf2-k3.txt,estrutural,sc,21,77,7,1.0,9f338d4a92f25a6353b556a84215029209940d5cbd4d11821b4e54a71fff75c9,fcc_k,B,CAP_EXCEEDED,NOT_MEASURED_CAP_EXCEEDED,,,,,,False,0.0,0.0,244984,244984,0,0,,,,0,,max_W=200001 excede cap=200000
sc-rigida-k3-s0.txt,estrutural,sc,21,77,7,1.0,5d716281461ce19f7f34bb3b6e89d7fa6b3f3ae940306153d03a2e52d5ba7ea0,baseline,A,OPTIMAL,CERTIFIED_LP,,1.0,,,,,0.004622154985554516,,,,175,63,,,,,,lp_base; K=0
sc-rigida-k3-s0.txt,estrutural,sc,21,77,7,1.0,5d716281461ce19f7f34bb3b6e89d7fa6b3f3ae940306153d03a2e52d5ba7ea0,baseline,A,OPTIMAL,CERTIFIED_LP,,1.75,,,,,0.004437512019649148,,,,175,71,,,,,,lp_comp; K=8
sc-rigida-k3-s0.txt,estrutural,sc,21,77,7,1.0,5d716281461ce19f7f34bb3b6e89d7fa6b3f3ae940306153d03a2e52d5ba7ea0,fcc_k,A,CAP_EXCEEDED,NOT_MEASURED_CAP_EXCEEDED,,,,,,,1.1874967030016705,,,,,,,,,,,lp_fcc_k; K=8; max_W=200001 excede cap=200000
sc-rigida-k3-s0.txt,estrutural,sc,21,77,7,1.0,5d716281461ce19f7f34bb3b6e89d7fa6b3f3ae940306153d03a2e52d5ba7ea0,baseline,B,OPTIMAL,CERTIFIED_MIP_OPTIMAL,2.0,2.0,2.0,0.0,0.0,True,0.010126113891601562,0.00237828478289287,244984,244984,175,63,0.0001900196075439453,0.008898019790649414,0.010126113891601562,1,True,
sc-rigida-k3-s0.txt,estrutural,sc,21,77,7,1.0,5d716281461ce19f7f34bb3b6e89d7fa6b3f3ae940306153d03a2e52d5ba7ea0,fcc_k,B,CAP_EXCEEDED,NOT_MEASURED_CAP_EXCEEDED,,,,,,False,0.0,0.0,244984,244984,0,0,,,,0,,max_W=200001 excede cap=200000
tr-k2-L5-r2-sig2-m2.txt,estrutural,tr,18,22,2,2.0,a0f6d09c3ade97fc8532de56448ea2e3fca877cf442cc598d02ee684f900fd76,baseline,A,OPTIMAL,CERTIFIED_LP,,3.0,,,,,0.004057807964272797,,,,122,54,,,,,,lp_base; K=0
tr-k2-L5-r2-sig2-m2.txt,estrutural,tr,18,22,2,2.0,a0f6d09c3ade97fc8532de56448ea2e3fca877cf442cc598d02ee684f900fd76,baseline,A,OPTIMAL,CERTIFIED_LP,,3.0,,,,,0.0038485180120915174,,,,122,62,,,,,,lp_comp; K=8
tr-k2-L5-r2-sig2-m2.txt,estrutural,tr,18,22,2,2.0,a0f6d09c3ade97fc8532de56448ea2e3fca877cf442cc598d02ee684f900fd76,fcc_k,A,OPTIMAL,CERTIFIED_LP,,3.0,,,,,24.334702107007615,,,,734143,734155,,,,,,lp_fcc_k; K=8
tr-k2-L5-r2-sig2-m2.txt,estrutural,tr,18,22,2,2.0,a0f6d09c3ade97fc8532de56448ea2e3fca877cf442cc598d02ee684f900fd76,baseline,B,OPTIMAL,CERTIFIED_MIP_OPTIMAL,3.0,3.0,3.0,0.0,0.0,True,0.0029630661010742188,0.00075332628323725,1730164,1730164,122,54,0.00011801719665527344,0.002321004867553711,0.0029630661010742188,1,True,
tr-k2-L5-r2-sig2-m2.txt,estrutural,tr,18,22,2,2.0,a0f6d09c3ade97fc8532de56448ea2e3fca877cf442cc598d02ee684f900fd76,fcc_k,B,OPTIMAL,CERTIFIED_MIP_OPTIMAL,3.0,3.0,3.0,0.0,0.0,True,10.759567022323608,9.80303570037113,1730164,1730164,734143,734155,0.7323298454284668,10.678147792816162,10.759567022323608,1,True,
tr-k3-L5-r2-sig2-m2.txt,estrutural,tr,25,34,2,2.0,5535fc441fdd4b51a0063ec3602305dad2059b413a312b7b15cbafbc19b820c1,baseline,A,OPTIMAL,CERTIFIED_LP,,3.0,,,,,0.004737532930448651,,,,199,75,,,,,,lp_base; K=0
tr-k3-L5-r2-sig2-m2.txt,estrutural,tr,25,34,2,2.0,5535fc441fdd4b51a0063ec3602305dad2059b413a312b7b15cbafbc19b820c1,baseline,A,OPTIMAL,CERTIFIED_LP,,3.0,,,,,0.004515410983003676,,,,199,83,,,,,,lp_comp; K=8
tr-k3-L5-r2-sig2-m2.txt,estrutural,tr,25,34,2,2.0,5535fc441fdd4b51a0063ec3602305dad2059b413a312b7b15cbafbc19b820c1,fcc_k,A,CAP_EXCEEDED,NOT_MEASURED_CAP_EXCEEDED,,,,,,,0.8294852919643745,,,,,,,,,,,lp_fcc_k; K=8; max_W=200001 excede cap=200000
tr-k3-L5-r2-sig2-m2.txt,estrutural,tr,25,34,2,2.0,5535fc441fdd4b51a0063ec3602305dad2059b413a312b7b15cbafbc19b820c1,baseline,B,OPTIMAL,CERTIFIED_MIP_OPTIMAL,3.0,3.0,3.0,0.0,0.0,True,0.007534980773925781,0.0019369663536842109,1730164,1730164,199,75,0.00013589859008789062,0.005692005157470703,0.007534980773925781,1,True,
tr-k3-L5-r2-sig2-m2.txt,estrutural,tr,25,34,2,2.0,5535fc441fdd4b51a0063ec3602305dad2059b413a312b7b15cbafbc19b820c1,fcc_k,B,CAP_EXCEEDED,NOT_MEASURED_CAP_EXCEEDED,,,,,,False,0.0,0.0,1730164,1730164,0,0,,,,0,,max_W=200001 excede cap=200000
b-b06-regiao-f2.txt,principal,steinlib-b,50,100,12,2.0,998ea1640263601214f3e23b7c78a5ebb38f35e581f523c9eaf5bf9f0bc3c768,baseline,A,OPTIMAL,CERTIFIED_LP,,0.5833333333333333,,,,,0.016005125013180077,,,,860,150,,,,,,lp_base; K=0
b-b06-regiao-f2.txt,principal,steinlib-b,50,100,12,2.0,998ea1640263601214f3e23b7c78a5ebb38f35e581f523c9eaf5bf9f0bc3c768,baseline,A,OPTIMAL,CERTIFIED_LP,,2.3333333333333335,,,,,0.01412516599521041,,,,860,164,,,,,,lp_comp; K=14
b-b06-regiao-f2.txt,principal,steinlib-b,50,100,12,2.0,998ea1640263601214f3e23b7c78a5ebb38f35e581f523c9eaf5bf9f0bc3c768,fcc_k,A,CAP_EXCEEDED,NOT_MEASURED_CAP_EXCEEDED,,,,,,,0.8459607920376584,,,,,,,,,,,lp_fcc_k; K=14; max_W=200001 excede cap=200000
b-b06-regiao-f2.txt,principal,steinlib-b,50,100,12,2.0,998ea1640263601214f3e23b7c78a5ebb38f35e581f523c9eaf5bf9f0bc3c768,baseline,B,OPTIMAL,CERTIFIED_MIP_OPTIMAL,3.0,3.0,3.0,0.0,0.0,True,0.05166316032409668,0.015083362437525887,1730164,1730164,860,150,0.0002770423889160156,0.04948306083679199,0.05166316032409668,1,True,
b-b06-regiao-f2.txt,principal,steinlib-b,50,100,12,2.0,998ea1640263601214f3e23b7c78a5ebb38f35e581f523c9eaf5bf9f0bc3c768,fcc_k,B,CAP_EXCEEDED,NOT_MEASURED_CAP_EXCEEDED,,,,,,False,0.0,0.0,1730164,1730164,0,0,,,,0,,max_W=200001 excede cap=200000
pucn-cc6-2n-seed-r1.txt,principal,pucn,64,192,6,1.0,6ae2059b39644bafb3a440f2657ef51bdc8082339b34b3dbeb624e2b9bce777a,baseline,A,OPTIMAL,CERTIFIED_LP,,1.3333333333333333,,,,,0.01144322392065078,,,,448,192,,,,,,lp_base; K=0
pucn-cc6-2n-seed-r1.txt,principal,pucn,64,192,6,1.0,6ae2059b39644bafb3a440f2657ef51bdc8082339b34b3dbeb624e2b9bce777a,baseline,A,OPTIMAL,CERTIFIED_LP,,4.111111111111111,,,,,0.010955501929856837,,,,448,204,,,,,,lp_comp; K=12
pucn-cc6-2n-seed-r1.txt,principal,pucn,64,192,6,1.0,6ae2059b39644bafb3a440f2657ef51bdc8082339b34b3dbeb624e2b9bce777a,fcc_k,A,CAP_EXCEEDED,NOT_MEASURED_CAP_EXCEEDED,,,,,,,0.7779607449192554,,,,,,,,,,,lp_fcc_k; K=12; max_W=200001 excede cap=200000
pucn-cc6-2n-seed-r1.txt,principal,pucn,64,192,6,1.0,6ae2059b39644bafb3a440f2657ef51bdc8082339b34b3dbeb624e2b9bce777a,baseline,B,OPTIMAL,CERTIFIED_MIP_OPTIMAL,6.0,6.0,6.0,0.0,0.0,True,0.20317792892456055,0.04204893122157082,1730164,1730164,448,192,0.00023603439331054688,0.02698802947998047,0.20317792892456055,1,True,
pucn-cc6-2n-seed-r1.txt,principal,pucn,64,192,6,1.0,6ae2059b39644bafb3a440f2657ef51bdc8082339b34b3dbeb624e2b9bce777a,fcc_k,B,CAP_EXCEEDED,NOT_MEASURED_CAP_EXCEEDED,,,,,,False,0.0,0.0,1730164,1730164,0,0,,,,0,,max_W=200001 excede cap=200000
