instance,R,n,m,n_arcos,f_type,lp_bound,lp_status,time_lp_s,root_no_gurobi,root_standard,time_root_no_s,time_root_std_s,mip_obj,mip_bound,mip_gap,mip_status,time_mip_s,seed,threads
hc9u.txt,1,512,128,4608,int,1.0,2,0.139,1.0,1.0,0.151,0.17,45.0,28.0,0.37777777777777777,9,120.01,42,4
hc9u.txt,1,512,128,4608,cont,1.0,2,0.106,1.0,1.0,0.123,0.134,44.0,30.0,0.3181818181818182,9,120.004,42,4
cc10-2p.txt,500,1024,67,339124,int,0.14925373134328357,2,8.82,1.0,1.0,4.907,3.708,3.0,1.0,0.6666666666666666,9,120.12,42,4
cc10-2p.txt,500,1024,67,339124,cont,0.14925373134328357,2,8.441,1.0,1.0,4.811,3.744,3.0,1.0,0.6666666666666666,9,120.058,42,4
lin23.txt,500,3716,26,565174,int,1.1153846153846152,2,19.567,2.0,2.0,14.051,14.701,18.0,2.0,0.8888888888888888,9,120.09,42,4
lin23.txt,500,3716,26,565174,cont,1.1153846153846152,2,23.656,2.0,2.0,12.207,13.787,20.0,2.0,0.9,9,120.113,42,4
Chicago_n400_m1130_st5.txt,32,400,5,101617,int,0.0,2,2.105,0.0,0.0,0.666,1.531,0.0,0.0,0.0,2,1.865,42,4
Chicago_n400_m1130_st5.txt,32,400,5,101617,cont,0.0,2,1.402,0.0,0.0,1.622,1.951,0.0,0.0,0.0,2,1.983,42,4
Barcelona_n930_m2522_st_15.txt,24,930,15,629472,int,0.13333333333333333,2,16.341,1.0,1.0,24.959,14.373,1.0,1.0,0.0,2,16.632,42,4
Barcelona_n930_m2522_st_15.txt,24,930,15,629472,cont,0.13333333333333333,2,13.913,1.0,1.0,17.968,14.27,1.0,1.0,0.0,2,14.742,42,4
