instance,R,n,m,n_arcos,config,f_type,n_c1,n_c2,n_c4,lp_bound,n_c3_cuts,n_c3_rounds,time_lp_s,root_no_gurobi,time_root_no_s,root_standard,time_root_std_s,seed,threads
hc9u.txt,1,512,128,4608,A,cont,0,0,0,1.0,0,0,0.142,1.0,0.157,1.0,0.254,42,4
hc9u.txt,1,512,128,4608,B,cont,256,0,0,28.44444444444444,0,0,0.135,29.0,0.209,29.0,0.257,42,4
hc9u.txt,1,512,128,4608,C,cont,256,256,0,28.44444444444441,0,0,0.212,29.0,0.263,29.0,0.258,42,4
hc9u.txt,1,512,128,4608,D,cont,256,256,256,28.444444444444436,0,0,0.193,29.0,0.268,29.0,0.279,42,4
hc9u.txt,1,512,128,4608,E,cont,256,256,256,28.444444444444436,0,1,2.376,29.0,0.298,29.0,0.324,42,4
hc10p.txt,150,1024,256,10240,A,cont,0,0,0,1.0,0,0,1.168,1.0,0.808,1.0,0.943,42,4
hc10p.txt,150,1024,256,10240,B,cont,512,0,0,51.200000000000045,0,0,2.112,52.0,2.415,52.0,2.495,42,4
hc10p.txt,150,1024,256,10240,C,cont,512,512,0,51.199999999999996,0,0,1.668,52.0,2.181,52.0,1.719,42,4
hc10p.txt,150,1024,256,10240,D,cont,512,512,512,51.2,0,0,1.934,52.0,2.809,52.0,2.908,42,4
hc10p.txt,150,1024,256,10240,E,cont,512,512,512,51.199999999999996,10,2,15.651,52.0,3.153,52.0,2.588,42,4
Chicago_n400_m1130_st5.txt,32,400,5,101617,A,cont,0,0,0,0.0,0,0,1.378,0.0,0.638,0.0,1.204,42,4
Chicago_n400_m1130_st5.txt,32,400,5,101617,B,cont,0,0,0,0.0,0,0,1.367,0.0,0.672,0.0,2.015,42,4
Chicago_n400_m1130_st5.txt,32,400,5,101617,C,cont,0,0,0,0.0,0,0,2.174,0.0,1.397,0.0,1.274,42,4
Chicago_n400_m1130_st5.txt,32,400,5,101617,D,cont,0,0,0,0.0,0,0,1.342,0.0,0.601,0.0,1.73,42,4
Chicago_n400_m1130_st5.txt,32,400,5,101617,E,cont,0,0,0,0.0,0,1,2.93,0.0,0.657,0.0,1.319,42,4
Philadelphia_n800_m2404_st_25.txt,3,800,25,9837,A,cont,0,0,0,2.320000000000001,0,0,0.208,3.0,0.212,4.0,0.282,42,4
Philadelphia_n800_m2404_st_25.txt,3,800,25,9837,B,cont,46,0,0,28.044444444444395,0,0,0.251,29.0,0.384,30.0,0.492,42,4
Philadelphia_n800_m2404_st_25.txt,3,800,25,9837,C,cont,46,73,0,33.59499999999996,0,0,0.358,34.0,0.325,35.0,0.391,42,4
Philadelphia_n800_m2404_st_25.txt,3,800,25,9837,D,cont,46,73,46,33.59499999999997,0,0,0.372,34.0,0.351,35.0,0.411,42,4
Philadelphia_n800_m2404_st_25.txt,3,800,25,9837,E,cont,46,73,46,35.3425,266,20,12.844,34.0,0.303,35.0,0.379,42,4
cc10-2p.txt,500,1024,67,339124,A,cont,0,0,0,0.14925373134328357,0,0,12.284,1.0,6.537,1.0,5.551,42,4
cc10-2p.txt,500,1024,67,339124,B,cont,17,0,0,2.5714285714285716,0,0,16.715,3.0,20.506,3.0,13.706,42,4
cc10-2p.txt,500,1024,67,339124,C,cont,17,17,0,2.5714285714285707,0,0,15.766,3.0,26.494,3.0,14.461,42,4
cc10-2p.txt,500,1024,67,339124,D,cont,17,17,20,2.615384615384616,0,0,16.194,3.0,27.233,3.0,19.001,42,4
cc10-2p.txt,500,1024,67,339124,E,cont,17,17,20,2.615384615384616,0,1,79.793,3.0,19.648,3.0,14.72,42,4
cc12-2p.txt,500,4096,236,2795100,A,cont,0,0,0,0.10593220338983055,0,0,232.595,0.0,121.051,1.0,55.828,42,4
cc12-2p.txt,500,4096,236,2795100,B,cont,26,0,0,4.741379310344828,0,0,297.371,0.0,120.708,0.0,123.814,42,4
cc12-2p.txt,500,4096,236,2795100,C,cont,26,26,0,4.741379310344828,0,0,365.384,0.0,121.025,0.0,121.15,42,4
cc12-2p.txt,500,4096,236,2795100,D,cont,26,26,50,5.167410477101266,0,0,315.907,0.0,120.726,0.0,121.247,42,4
cc12-2p.txt,500,4096,236,2795100,E,cont,26,26,50,5.167410477101266,0,1,4198.293,0.0,121.198,0.0,121.361,42,4
