instancia,n,m,n_arcos,config,z_LP_obs,z_LP_teo,n_c1,n_c2,n_c4,n_c3,status,pass_fail
"F1(m=2,k=2)",13,2,24,BASE-C,5.0,5.0,0,0,0,0,2,PASS
"F1(m=2,k=2)",13,2,24,BASE-C+C1,7.0,,4,0,0,0,2,?
"F1(m=2,k=2)",13,2,24,BASE-C+C1+C2,9.0,,4,17,0,0,2,?
"F1(m=2,k=2)",13,2,24,BASE-C+C1+C2+C4,9.0,9.0,4,17,4,0,2,PASS
"F1(m=2,k=2)",13,2,24,BASE-C+C1+C2+C4+C3,9.0,9.0,4,17,4,0,2,PASS
"F1(m=2,k=3)",17,2,32,BASE-C,7.0,7.0,0,0,0,0,2,PASS
"F1(m=2,k=3)",17,2,32,BASE-C+C1,9.0,,4,0,0,0,2,?
"F1(m=2,k=3)",17,2,32,BASE-C+C1+C2,13.0,,4,25,0,0,2,?
"F1(m=2,k=3)",17,2,32,BASE-C+C1+C2+C4,13.0,13.0,4,25,4,0,2,PASS
"F1(m=2,k=3)",17,2,32,BASE-C+C1+C2+C4+C3,13.0,13.0,4,25,4,0,2,PASS
"F2(k=1,L=3)",7,3,14,BASE-C,0.3333333333333333,0.3333333333333333,0,0,0,0,2,PASS
"F2(k=1,L=3)",7,3,14,BASE-C+C1,0.3333333333333333,,0,0,0,0,2,?
"F2(k=1,L=3)",7,3,14,BASE-C+C1+C2,0.3333333333333333,,0,0,0,0,2,?
"F2(k=1,L=3)",7,3,14,BASE-C+C1+C2+C4,1.0,1.0,0,0,2,0,2,PASS
"F2(k=1,L=3)",7,3,14,BASE-C+C1+C2+C4+C3,1.0,1.0,0,0,2,0,2,PASS
"F2(k=2,L=3)",17,6,36,BASE-C,0.3333333333333333,0.3333333333333333,0,0,0,0,2,PASS
"F2(k=2,L=3)",17,6,36,BASE-C+C1,0.3333333333333333,,0,0,0,0,2,?
"F2(k=2,L=3)",17,6,36,BASE-C+C1+C2,0.3333333333333333,,0,0,0,0,2,?
"F2(k=2,L=3)",17,6,36,BASE-C+C1+C2+C4,2.0,2.0,0,0,4,0,2,PASS
"F2(k=2,L=3)",17,6,36,BASE-C+C1+C2+C4+C3,2.0,2.0,0,0,4,0,2,PASS
Tri,9,3,24,BASE-C,1.0,1.0,0,0,0,0,2,PASS
Tri,9,3,24,BASE-C+C1,1.5,,3,0,0,0,2,?
Tri,9,3,24,BASE-C+C1+C2,1.5,,3,3,0,0,2,?
Tri,9,3,24,BASE-C+C1+C2+C4,1.5,1.5,3,3,3,0,2,PASS
Tri,9,3,24,BASE-C+C1+C2+C4+C3,1.5,1.5,3,3,3,0,2,PASS
Sec59(L=7),13,3,26,BASE-C,2.333333333333333,2.3333333333333335,0,0,0,0,2,PASS
Sec59(L=7),13,3,26,BASE-C+C1,2.333333333333333,,0,0,0,0,2,?
Sec59(L=7),13,3,26,BASE-C+C1+C2,2.333333333333333,,0,0,0,0,2,?
Sec59(L=7),13,3,26,BASE-C+C1+C2+C4,3.6666666666666674,,0,0,2,0,2,?
Sec59(L=7),13,3,26,BASE-C+C1+C2+C4+C3,3.6666666666666674,,0,0,2,0,2,?
