instancia,R,r_origem,n,m,n_arcos,config,n_cuts,root_no,root_std,mip_obj,mip_bound,mip_gap,mip_status,time_s,ref_opt,seed,threads
Chicago_n400_m1130_st15.txt,7,override,400,15,10178,BASE-I,0,,,17.0,16.0,0.058823529411764705,9,300.008,17,42,4
Chicago_n400_m1130_st15.txt,7,override,400,15,10178,BASE-C,0,,,17.0,16.000000000000018,0.058823529411763664,9,300.026,17,42,4
Chicago_n400_m1130_st15.txt,7,override,400,15,10178,CORTES,79,,,17.0,16.0,0.058823529411764705,9,300.029,17,42,4
Barcelona_n930_m2522_st_15.txt,5,override,930,15,32648,BASE-I,0,,,15.0,14.0,0.06666666666666667,9,300.032,15,42,4
Barcelona_n930_m2522_st_15.txt,5,override,930,15,32648,BASE-C,0,,,15.0,15.0,0.0,2,284.174,15,42,4
Barcelona_n930_m2522_st_15.txt,5,override,930,15,32648,CORTES,99,,,16.0,14.0,0.125,9,300.553,15,42,4
Barcelona_n930_m2522_st_25.txt,5,override,930,25,32648,BASE-I,0,,,16.0,13.0,0.1875,9,300.512,16,42,4
Barcelona_n930_m2522_st_25.txt,5,override,930,25,32648,BASE-C,0,,,16.0,16.0,0.0,2,299.432,16,42,4
Barcelona_n930_m2522_st_25.txt,5,override,930,25,32648,CORTES,90,,,16.0,16.0,0.0,2,241.131,16,42,4
Philadelphia_n800_m2404_st_5.txt,2,override,800,5,5015,BASE-I,0,,,41.0,35.0,0.14634146341463414,9,300.017,41,42,4
Philadelphia_n800_m2404_st_5.txt,2,override,800,5,5015,BASE-C,0,,,41.0,36.0,0.12195121951219512,9,300.013,41,42,4
Philadelphia_n800_m2404_st_5.txt,2,override,800,5,5015,CORTES,120,,,42.0,37.0,0.11904761904761904,9,300.005,41,42,4
Philadelphia_n800_m2404_st_25.txt,3,override,800,25,9837,BASE-I,0,,,47.0,39.0,0.1702127659574468,9,300.02,,42,4
Philadelphia_n800_m2404_st_25.txt,3,override,800,25,9837,BASE-C,0,,,47.0,40.0,0.14893617021276595,9,300.014,,42,4
Philadelphia_n800_m2404_st_25.txt,3,override,800,25,9837,CORTES,239,,,47.0,40.0,0.14893617021276595,9,300.012,,42,4
hc9u.txt,1,arquivo,512,128,4608,BASE-I,0,,,45.0,28.0,0.37777777777777777,9,300.005,,42,4
hc9u.txt,1,arquivo,512,128,4608,BASE-C,0,,,47.0,30.0,0.3617021276595745,9,300.007,,42,4
hc9u.txt,1,arquivo,512,128,4608,CORTES,1024,,,38.0,32.0,0.15789473684210525,9,300.019,,42,4
