nome,caminho,n,m,r,n_arcos_alcance,n_cortes,lb,ub,gap,status,t_solver_s,t_total_s,dificuldade,tl_s,threads,seed,gurobi,metodo
b-b12-intercalado-f2.txt,instances/benchmark-v1/steinlib-b/b-b12-intercalado-f2.txt,75,19,1.0,300,12,7.0,7.0,0.0,2,0.02,0.09,F,600,4,42,12.0.3,COMP (U + C1+C2+C4)
b-b09-intercalado-f2-rho.txt,instances/benchmark-v1/steinlib-b/b-b09-intercalado-f2-rho.txt,75,19,2.0,592,3,2.0,2.0,0.0,2,0.03,0.08,F,600,4,42,12.0.3,COMP (U + C1+C2+C4)
b-b06-regiao-f2.txt,instances/benchmark-v1/steinlib-b/b-b06-regiao-f2.txt,50,12,2.0,810,14,3.0,3.0,0.0,2,0.05,0.12,F,600,4,42,12.0.3,COMP (U + C1+C2+C4)
i-i080-301-regiao-f2.txt,instances/benchmark-v1/steinlib-i/i-i080-301-regiao-f2.txt,80,10,2.0,878,14,5.0,5.0,0.0,2,0.04,0.09,F,600,4,42,12.0.3,COMP (U + C1+C2+C4)
i-i080-341-intercalado-f2.txt,instances/benchmark-v1/steinlib-i/i-i080-341-intercalado-f2.txt,80,10,1.0,1264,4,2.0,2.0,0.0,2,0.03,0.12,F,600,4,42,12.0.3,COMP (U + C1+C2+C4)
pucn-cc3-5n-seed-r1.txt,instances/benchmark-v1/pucn/pucn-cc3-5n-seed-r1.txt,125,6,1.0,1500,12,8.0,8.0,0.0,2,50.1,50.21,F,600,4,42,12.0.3,COMP (U + C1+C2+C4)
i-i160-301-intercalado-f2-rho.txt,instances/benchmark-v1/steinlib-i/i-i160-301-intercalado-f2-rho.txt,160,20,2.0,1848,9,5.0,5.0,0.0,2,0.09,0.27,F,600,4,42,12.0.3,COMP (U + C1+C2+C4)
pace18-t2-001-regiao-f2.txt,instances/benchmark-v1/pace2018/pace18-t2-001-regiao-f2.txt,74,12,4.0,2360,10,3.0,3.0,0.0,2,0.17,0.28,F,600,4,42,12.0.3,COMP (U + C1+C2+C4)
puc-cc9-2p-seed-r1.txt,instances/benchmark-v1/puc/puc-cc9-2p-seed-r1.txt,512,32,1.0,4608,67,30.0,31.0,0.03225806451612903,9,600.03,600.85,D,600,4,42,12.0.3,COMP (U + C1+C2+C4)
puc-hc9u-seed-r1.txt,instances/benchmark-v1/puc/puc-hc9u-seed-r1.txt,512,128,1.0,4608,256,32.0,41.0,0.21951219512195122,9,600.04,602.39,A,600,4,42,12.0.3,COMP (U + C1+C2+C4)
i-i160-301-regiao-f2.txt,instances/benchmark-v1/steinlib-i/i-i160-301-regiao-f2.txt,160,20,3.0,5262,18,4.0,4.0,0.0,2,0.22,0.49,F,600,4,42,12.0.3,COMP (U + C1+C2+C4)
puc-w23c23-seed-r1.txt,instances/benchmark-v1/puc/puc-w23c23-seed-r1.txt,1081,276,1.0,6348,556,140.0,156.0,0.10256410256410256,9,600.03,607.08,A,600,4,42,12.0.3,COMP (U + C1+C2+C4)
puc-bip42p-regiao-f2.txt,instances/benchmark-v1/puc/puc-bip42p-regiao-f2.txt,1200,100,1.0,7964,200,33.0,43.0,0.23255813953488372,9,600.03,602.53,A,600,4,42,12.0.3,COMP (U + C1+C2+C4)
puc-cc6-3p-seed-r1.txt,instances/benchmark-v1/puc/puc-cc6-3p-seed-r1.txt,729,38,1.0,8736,63,32.0,32.0,0.0,2,21.39,22.25,F,600,4,42,12.0.3,COMP (U + C1+C2+C4)
puc-cc10-2u-seed-r1.txt,instances/benchmark-v1/puc/puc-cc10-2u-seed-r1.txt,1024,67,1.0,10240,121,53.0,60.0,0.11666666666666667,9,600.02,601.33,A,600,4,42,12.0.3,COMP (U + C1+C2+C4)
mapf-room-32-32-4-m10-f8.txt,instances/benchmark-v1/mapf/mapf-room-32-32-4-m10-f8.txt,682,10,4.0,11622,24,16.0,18.0,0.1111111111111111,9,600.04,600.64,A,600,4,42,12.0.3,COMP (U + C1+C2+C4)
mapf-room-32-32-4-m25-f4-rho.txt,instances/benchmark-v1/mapf/mapf-room-32-32-4-m25-f4-rho.txt,682,25,5.0,16206,33,16.0,19.0,0.15789473684210525,9,600.01,601.57,A,600,4,42,12.0.3,COMP (U + C1+C2+C4)
lin-lin06-intercalado-f2.txt,instances/benchmark-v1/steinlib-lin/lin-lin06-intercalado-f2.txt,649,7,6.0,22254,6,3.0,3.0,0.0,2,0.48,1.23,F,600,4,42,12.0.3,COMP (U + C1+C2+C4)
puc-cc11-2u-seed-r1.txt,instances/benchmark-v1/puc/puc-cc11-2u-seed-r1.txt,2048,122,1.0,22526,206,92.00000000000009,102.0,0.09803921568627368,9,600.02,608.6,D,600,4,42,12.0.3,COMP (U + C1+C2+C4)
puc-hc9u-regiao-f2.txt,instances/benchmark-v1/puc/puc-hc9u-regiao-f2.txt,512,128,2.0,23040,32,5.0,5.0,0.0,2,27.26,29.36,F,600,4,42,12.0.3,COMP (U + C1+C2+C4)
pucn-cc3-10n-seed-r1.txt,instances/benchmark-v1/pucn/pucn-cc3-10n-seed-r1.txt,1000,25,1.0,27000,50,17.0,26.0,0.34615384615384615,9,600.02,602.61,A,600,4,42,12.0.3,COMP (U + C1+C2+C4)
pucn-cc7-3n-seed-r1.txt,instances/benchmark-v1/pucn/pucn-cc7-3n-seed-r1.txt,2187,111,1.0,30616,148,69.0,83.0,0.1686746987951807,9,600.05,612.38,A,600,4,42,12.0.3,COMP (U + C1+C2+C4)
puc-cc12-2u-seed-r1.txt,instances/benchmark-v1/puc/puc-cc12-2u-seed-r1.txt,4096,236,1.0,49148,370,165.0,204.0,0.19117647058823528,9,600.03,637.31,A,600,4,42,12.0.3,COMP (U + C1+C2+C4)
puc-hc10p-regiao-f4.txt,instances/benchmark-v1/puc/puc-hc10p-regiao-f4.txt,1024,256,2.0,56320,94,6.0,6.0,0.0,2,41.36,49.18,F,600,4,42,12.0.3,COMP (U + C1+C2+C4)
mapf-maze-32-32-2-m10-f4.txt,instances/benchmark-v1/mapf/mapf-maze-32-32-2-m10-f4.txt,666,10,17.0,59900,10,7.0,7.0,0.0,2,8.18,9.21,F,600,4,42,12.0.3,COMP (U + C1+C2+C4)
mapf-maze-32-32-2-m25-f2.txt,instances/benchmark-v1/mapf/mapf-maze-32-32-2-m25-f2.txt,666,25,18.0,64404,7,5.0,5.0,0.0,2,10.01,12.02,F,600,4,42,12.0.3,COMP (U + C1+C2+C4)
mapf-random-64-64-20-m100-f4.txt,instances/benchmark-v1/mapf/mapf-random-64-64-20-m100-f4.txt,3270,100,5.0,121632,97,41.0,70.0,0.4142857142857143,9,600.07,610.77,A,600,4,42,12.0.3,COMP (U + C1+C2+C4)
pace18-t2-199-regiao-f4.txt,instances/benchmark-v1/pace2018/pace18-t2-199-regiao-f4.txt,1011,18,7.0,145442,38,7.0,7.0,0.0,2,119.18,124.77,M,600,4,42,12.0.3,COMP (U + C1+C2+C4)
pucn-cc7-3n-regiao-f2.txt,instances/benchmark-v1/pucn/pucn-cc7-3n-regiao-f2.txt,2187,111,2.0,214326,58,9.0,14.0,0.35714285714285715,9,600.02,614.15,A,600,4,42,12.0.3,COMP (U + C1+C2+C4)
mapf-den312d-m25-f4.txt,instances/benchmark-v1/mapf/mapf-den312d-m25-f4.txt,2445,25,9.0,249528,30,15.0,17.0,0.11764705882352941,9,600.14,606.4,A,600,4,42,12.0.3,COMP (U + C1+C2+C4)
vienna-I056-regiao-f4.txt,instances/benchmark-v1/vienna/vienna-I056-regiao-f4.txt,1991,25,12.0,381600,101,9.0,12.0,0.25,9,600.19,610.45,A,600,4,42,12.0.3,COMP (U + C1+C2+C4)
vienna-I052-regiao-f4.txt,instances/benchmark-v1/vienna/vienna-I052-regiao-f4.txt,2363,20,13.0,483196,45,7.0,7.0,0.0,2,177.7,186.12,M,600,4,42,12.0.3,COMP (U + C1+C2+C4)
urb-st_helier-m10-f4.txt,instances/benchmark-v1/urbano/urb-st_helier-m10-f4.txt,1345,10,22.0,573956,58,4.0,4.0,0.0,2,25.42,35.71,F,600,4,42,12.0.3,COMP (U + C1+C2+C4)
vienna-I065-regiao-f4.txt,instances/benchmark-v1/vienna/vienna-I065-regiao-f4.txt,3898,72,11.0,790270,174,14.0,19.0,0.2631578947368421,9,600.09,617.84,A,600,4,42,12.0.3,COMP (U + C1+C2+C4)
urb-belize_city-m25-f4.txt,instances/benchmark-v1/urbano/urb-belize_city-m25-f4.txt,2306,25,24.0,1405864,102,4.0,4.0,0.0,2,55.78,74.85,F,600,4,42,12.0.3,COMP (U + C1+C2+C4)
