nome,braco,seed,fase,n,m,n_arcos_alcance,n_cortes,t_cortes_s,lb,ub,gap,status,status_nome,t_metodo_s,t_otimo_s,iteracoes,oracle_calls,n_z,t_mestre_s,t_oraculo_s,node_count,pythonhashseed,threads,tl_s,gurobi,commit
puc-bip42p-regiao-f2.txt,COMP,42,D,1200,100,7964,200,1.197,33.0,44.0,0.25,9,TIME_LIMIT,600.030082,,,,,,,1451,0,4,600.0,12.0.3,1e4f433-dirty
puc-bip42p-regiao-f2.txt,NUCLEO,42,D,1200,100,7964,200,1.197,35.0,37.0,0.054054,9,TIME_LIMIT,600.007315,,,,,,,177237,0,4,600.0,12.0.3,1e4f433-dirty
puc-bip42p-regiao-f2.txt,CBI,42,D,1200,100,7964,200,1.197,35.0,,,TL,TIME_LIMIT,600.171254,,2,2,2,599.928,0.092,169412,0,4,600.0,12.0.3,1e4f433-dirty
pucn-cc3-10n-seed-r1.txt,COMP,42,D,1000,25,27000,50,1.357,17.0,26.0,0.346154,9,TIME_LIMIT,600.020696,,,,,,,809,0,4,600.0,12.0.3,1e4f433-dirty
pucn-cc3-10n-seed-r1.txt,NUCLEO,42,D,1000,25,27000,50,1.357,18.0,18.0,0.0,2,OPTIMAL,0.030696,0.030696,,,,,,1,0,4,600.0,12.0.3,1e4f433-dirty
pucn-cc3-10n-seed-r1.txt,CBI,42,D,1000,25,27000,50,1.357,18.0,,,TL,TIME_LIMIT,600.175491,,445,445,445,529.767,2.131,30128,0,4,600.0,12.0.3,1e4f433-dirty
puc-cc9-2p-seed-r1.txt,COMP,42,A,512,32,4608,67,0.118,30.0,31.0,0.032258,9,TIME_LIMIT,600.016679,,,,,,,9632,0,4,600.0,12.0.3,1849e17-dirty
puc-cc9-2p-seed-r1.txt,NUCLEO,42,A,512,32,4608,67,0.118,27.0,27.0,0.0,2,OPTIMAL,0.008874,0.008874,,,,,,1,0,4,600.0,12.0.3,1849e17-dirty
puc-cc9-2p-seed-r1.txt,CBI,42,A,512,32,4608,67,0.118,27.0,,,TL,TIME_LIMIT,600.138446,,860,860,860,522.449,2.62,860,0,4,600.0,12.0.3,1849e17-dirty
puc-hc9u-seed-r1.txt,COMP,42,A,512,128,4608,256,1.144,32.0,41.0,0.219512,9,TIME_LIMIT,600.051634,,,,,,,1458,0,4,600.0,12.0.3,1849e17-dirty
puc-hc9u-seed-r1.txt,NUCLEO,42,A,512,128,4608,256,1.144,32.0,32.0,0.0,2,OPTIMAL,1.960801,1.960801,,,,,,101,0,4,600.0,12.0.3,1849e17-dirty
puc-hc9u-seed-r1.txt,CBI,42,A,512,128,4608,256,1.144,32.0,,,TL,TIME_LIMIT,600.124259,,124,124,124,589.629,6.432,6844,0,4,600.0,12.0.3,1849e17-dirty
mapf-random-32-32-10-m50-f8.txt,COMP,42,A,922,50,9192,97,0.376,53.0,72.0,0.263889,9,TIME_LIMIT,600.011368,,,,,,,1882,0,4,600.0,12.0.3,1849e17-dirty
mapf-random-32-32-10-m50-f8.txt,NUCLEO,42,A,922,50,9192,97,0.376,43.0,43.0,0.0,2,OPTIMAL,0.020315,0.020315,,,,,,1,0,4,600.0,12.0.3,1849e17-dirty
mapf-random-32-32-10-m50-f8.txt,CBI,42,A,922,50,9192,97,0.376,43.0,,,TL,TIME_LIMIT,600.182611,,743,743,743,535.608,3.712,742,0,4,600.0,12.0.3,1849e17-dirty
puc-hc11p-seed-r1.txt,COMP,42,A,2048,512,22528,1024,15.531,95.0,159.0,0.402516,9,TIME_LIMIT,600.100559,,,,,,,1,0,4,600.0,12.0.3,1849e17-dirty
puc-hc11p-seed-r1.txt,NUCLEO,42,A,2048,512,22528,1024,15.531,102.0,134.0,0.238806,9,TIME_LIMIT,600.071968,,,,,,,1831,0,4,600.0,12.0.3,1849e17-dirty
puc-hc11p-seed-r1.txt,CBI,42,A,2048,512,22528,1024,15.531,101.0,,,TL,TIME_LIMIT,602.999898,,2,2,2,598.928,3.983,1592,0,4,600.0,12.0.3,1849e17-dirty
mapf-empty-32-32-m25-f4.txt,COMP,42,A,1024,25,37180,30,0.22,14.0,18.0,0.222222,9,TIME_LIMIT,600.046876,,,,,,,1160,0,4,600.0,12.0.3,1849e17-dirty
mapf-empty-32-32-m25-f4.txt,NUCLEO,42,A,1024,25,37180,30,0.22,11.0,11.0,0.0,2,OPTIMAL,0.008799,0.008799,,,,,,0,0,4,600.0,12.0.3,1849e17-dirty
mapf-empty-32-32-m25-f4.txt,CBI,42,A,1024,25,37180,30,0.22,11.0,,,TL,TIME_LIMIT,600.283532,,1334,1334,1334,402.259,2.196,1324,0,4,600.0,12.0.3,1849e17-dirty
pucn-cc7-3n-regiao-f2.txt,COMP,42,A,2187,111,214326,58,3.396,9.0,12.0,0.25,9,TIME_LIMIT,600.031558,,,,,,,8,0,4,600.0,12.0.3,1849e17-dirty
pucn-cc7-3n-regiao-f2.txt,NUCLEO,42,A,2187,111,214326,58,3.396,10.0,10.0,0.0,2,OPTIMAL,0.322675,0.322675,,,,,,1,0,4,600.0,12.0.3,1849e17-dirty
pucn-cc7-3n-regiao-f2.txt,CBI,42,A,2187,111,214326,58,3.396,10.0,26.0,0.615385,TL,TIME_LIMIT,600.414949,,337,337,336,526.03,11.423,9242,0,4,600.0,12.0.3,1849e17-dirty
puc-hc9u-regiao-f4.txt,COMP,43,R,512,128,4608,320,0.505,36.0,39.0,0.076923,9,TIME_LIMIT,600.019071,,,,,,,1134,0,4,600.0,12.0.3,1849e17-dirty
puc-hc9u-regiao-f4.txt,NUCLEO,43,R,512,128,4608,320,0.505,36.0,36.0,0.0,2,OPTIMAL,2.399049,2.399049,,,,,,58,0,4,600.0,12.0.3,1849e17-dirty
puc-hc9u-regiao-f4.txt,CBI,43,R,512,128,4608,320,0.505,36.0,,,TL,TIME_LIMIT,600.093596,,114,114,114,592.424,3.929,6661,0,4,600.0,12.0.3,1849e17-dirty
puc-cc11-2u-seed-r1.txt,COMP,43,R,2048,122,22526,206,4.563,92.0,101.0,0.089109,9,TIME_LIMIT,600.013059,,,,,,,219,0,4,600.0,12.0.3,1849e17-dirty
puc-cc11-2u-seed-r1.txt,NUCLEO,43,R,2048,122,22526,206,4.563,92.0,92.0,0.0,2,OPTIMAL,0.025177,0.025177,,,,,,0,0,4,600.0,12.0.3,1849e17-dirty
puc-cc11-2u-seed-r1.txt,CBI,43,R,2048,122,22526,206,4.563,92.0,,,TL,TIME_LIMIT,600.31736,,459,459,459,519.156,10.758,432,0,4,600.0,12.0.3,1849e17-dirty
pucn-cc7-3n-regiao-f2.txt,COMP,43,R,2187,111,214326,58,5.003,9.0,14.0,0.357143,9,TIME_LIMIT,608.333798,,,,,,,1,0,4,600.0,12.0.3,1849e17-dirty
pucn-cc7-3n-regiao-f2.txt,NUCLEO,43,R,2187,111,214326,58,5.003,10.0,10.0,0.0,2,OPTIMAL,0.429946,0.429946,,,,,,1,0,4,600.0,12.0.3,1849e17-dirty
pucn-cc7-3n-regiao-f2.txt,CBI,43,R,2187,111,214326,58,5.003,10.0,26.0,0.615385,TL,TIME_LIMIT,600.493849,,257,257,256,515.099,13.5,1467,0,4,600.0,12.0.3,1849e17-dirty
puc-hc9u-regiao-f4.txt,COMP,44,R,512,128,4608,320,1.016,36.0,39.0,0.076923,9,TIME_LIMIT,600.022331,,,,,,,1257,0,4,600.0,12.0.3,1849e17-dirty
puc-hc9u-regiao-f4.txt,NUCLEO,44,R,512,128,4608,320,1.016,36.0,36.0,0.0,2,OPTIMAL,2.510544,2.510544,,,,,,42,0,4,600.0,12.0.3,1849e17-dirty
puc-hc9u-regiao-f4.txt,CBI,44,R,512,128,4608,320,1.016,36.0,,,TL,TIME_LIMIT,600.08875,,135,135,135,592.743,3.81,7466,0,4,600.0,12.0.3,1849e17-dirty
puc-cc11-2u-seed-r1.txt,COMP,44,R,2048,122,22526,206,3.771,92.0,103.0,0.106796,9,TIME_LIMIT,600.008148,,,,,,,355,0,4,600.0,12.0.3,1849e17-dirty
puc-cc11-2u-seed-r1.txt,NUCLEO,44,R,2048,122,22526,206,3.771,92.0,92.0,0.0,2,OPTIMAL,0.017473,0.017473,,,,,,0,0,4,600.0,12.0.3,1849e17-dirty
puc-cc11-2u-seed-r1.txt,CBI,44,R,2048,122,22526,206,3.771,92.0,,,TL,TIME_LIMIT,600.316918,,513,513,513,524.045,9.693,486,0,4,600.0,12.0.3,1849e17-dirty
pucn-cc7-3n-regiao-f2.txt,COMP,44,R,2187,111,214326,58,3.803,9.0,13.0,0.307692,9,TIME_LIMIT,600.036695,,,,,,,6,0,4,600.0,12.0.3,1849e17-dirty
pucn-cc7-3n-regiao-f2.txt,NUCLEO,44,R,2187,111,214326,58,3.803,10.0,10.0,0.0,2,OPTIMAL,0.308795,0.308795,,,,,,1,0,4,600.0,12.0.3,1849e17-dirty
pucn-cc7-3n-regiao-f2.txt,CBI,44,R,2187,111,214326,58,3.803,10.0,26.0,0.615385,TL,TIME_LIMIT,600.429504,,356,356,355,517.755,12.202,4534,0,4,600.0,12.0.3,1849e17-dirty
