nome,familia,caminho,classe_dif,regime,n,m,r,n_arcos_alcance,ub_ref,fonte_ub,z_lp,z_lp_status,t_zlp_s,root_c1,c1_status,n_c1,t_c1_s,root_c1c2,c1c2_status,n_c1c2,t_c1c2_s,root_c1c2c4,c1c2c4_status,n_c1c2c4,t_c1c2c4_s,ip_nucleo_obj,ip_nucleo_bound,ip_nucleo_status,t_nucleo_s,l_bot,t_lbot_s,threads,seed,tl_nucleo_s
b-b12-intercalado-f2.txt,steinlib-b,instances/benchmark-v1/steinlib-b/b-b12-intercalado-f2.txt,F,R-b,75,19,1,300,7.0,ub (protocolo COMP),0.3713450292397661,2,0.017,7.0,2,10,0.012,7.0,2,10,0.018,7.0,2,12,0.019,7.0,7.0,2,0.009,1,0.004,4,42,60
pace18-t2-001-regiao-f2.txt,pace2018,instances/benchmark-v1/pace2018/pace18-t2-001-regiao-f2.txt,F,R-c,74,12,4,2360,3.0,ub (protocolo COMP),0.5075757575757576,2,0.056,2.2083333333333335,2,7,0.053,2.2083333333333335,2,7,0.053,2.2083333333333335,2,10,0.092,2.0,2.0,2,0.008,1,0.004,4,42,60
puc-hc9u-seed-r1.txt,puc,instances/benchmark-v1/puc/puc-hc9u-seed-r1.txt,A,R-b,512,128,1,4608,41.0,ub (protocolo COMP),1.0,2,0.213,28.44444444444445,2,256,0.295,28.44444444444445,2,256,1.658,28.44444444444445,2,256,0.94,32.0,32.0,2,2.77,1,0.167,4,42,60
pace18-t2-141-regiao-f4.txt,pace2018,instances/benchmark-v1/pace2018/pace18-t2-141-regiao-f4.txt,A,R-a,294,19,3,7354,12.0,ub (protocolo COMP),2.4210526315789473,2,0.287,8.216374269005852,2,34,0.277,8.421052631578949,2,54,0.49,8.421052631578949,2,54,0.396,8.0,8.0,2,0.068,3,0.024,4,42,60
mapf-random-32-32-10-m50-f8.txt,mapf,instances/benchmark-v1/mapf/mapf-random-32-32-10-m50-f8.txt,A,R-a,922,50,2,9192,71.0,ub (protocolo COMP),2.560000000000002,2,0.595,35.76000000000003,2,65,0.539,42.21000000000002,2,90,0.826,43.214444444444474,2,97,0.893,43.0,43.0,2,0.328,6,0.103,4,42,60
mapf-room-32-32-4-m10-f8.txt,mapf,instances/benchmark-v1/mapf/mapf-room-32-32-4-m10-f8.txt,A,R-a,682,10,4,11622,18.0,ub (protocolo COMP),2.400000000000001,2,0.488,9.199999999999996,2,12,0.57,13.19999999999999,2,24,0.54,13.19999999999999,2,24,0.513,13.0,13.0,2,0.054,6,0.024,4,42,60
puc-w3c571-seed-r1.txt,puc,instances/benchmark-v1/puc/puc-w3c571-seed-r1.txt,A,R-b,3997,1142,1,20556,1139.0,ub (protocolo COMP),10.363120499884083,2,5.841,432.9336108676599,2,2284,6.001,432.9336108676599,2,2284,90.283,432.9336108676599,2,2284,83.135,571.0,571.0,2,57.23,25,24.274,4,42,60
pucn-cc3-10n-seed-r1.txt,pucn,instances/benchmark-v1/pucn/pucn-cc3-10n-seed-r1.txt,A,R-a,1000,25,1,27000,26.0,ub (protocolo COMP),1.2000000000000004,2,2.244,16.93333333333333,2,50,2.434,16.93333333333333,2,50,3.387,16.93333333333333,2,50,3.237,18.0,18.0,2,1.046,2,0.133,4,42,60
mapf-empty-32-32-m25-f4.txt,mapf,instances/benchmark-v1/mapf/mapf-empty-32-32-m25-f4.txt,A,R-a,1024,25,4,37180,19.0,ub (protocolo COMP),1.0000000000000002,2,1.536,11.159999999999988,2,20,1.954,11.179999999999993,2,24,2.503,11.253333333333337,2,30,2.491,11.0,11.0,2,0.319,3,0.151,4,42,60
mapf-maze-32-32-2-m10-f4.txt,mapf,instances/benchmark-v1/mapf/mapf-maze-32-32-2-m10-f4.txt,F,R-a,666,10,17,59900,7.0,ub (protocolo COMP),1.0999999999999999,2,1.636,5.1999999999999975,2,6,1.552,5.1999999999999975,2,6,1.611,5.4,2,10,1.723,5.0,5.0,2,0.084,3,0.06,4,42,60
pucn-cc7-3n-regiao-f2.txt,pucn,instances/benchmark-v1/pucn/pucn-cc7-3n-regiao-f2.txt,A,misto,2187,111,2,214326,13.0,ub (protocolo COMP),0.2612612612612612,2,47.191,8.15963765963766,2,44,39.152,8.15963765963766,2,44,54.479,8.460646520350716,2,58,65.331,10.0,10.0,2,8.408,1,4.412,4,42,60
vienna-I056-regiao-f4.txt,vienna,instances/benchmark-v1/vienna/vienna-I056-regiao-f4.txt,A,R-a,1991,25,12,381600,12.0,ub (protocolo COMP),2.4400000000000013,2,65.979,8.360000000000003,2,50,79.569,8.5,2,101,74.261,8.5,2,101,76.638,9.0,9.0,2,1.036,3,1.404,4,42,60
mapf-warehouse-10-20-10-2-1-m25-f4.txt,mapf,instances/benchmark-v1/mapf/mapf-warehouse-10-20-10-2-1-m25-f4.txt,A,R-a,5699,25,9,602328,52.99999995273603,ub (protocolo COMP),1.840000000000001,2,148.82,23.379999999999914,2,38,146.798,26.999999999999936,2,65,127.764,27.64999999999994,2,67,153.029,28.0,28.0,2,3.379,3,2.818,4,42,60
