nome,lb_antes,ub_antes,dif_antes,lb_depois,ub_depois,dif_depois,lb_mudou,ub_mudou,dif_mudou,movimento_DA
b-b06-intercalado-f2.txt,1.0,1.0,F,1.0,1.0,F,False,False,False,
b-b06-regiao-f2.txt,3.0,3.0,F,3.0,3.0,F,False,False,False,
b-b09-intercalado-f2-rho.txt,4.0,4.0,F,2.0,2.0,F,True,True,False,
b-b12-intercalado-f2.txt,7.0,7.0,F,7.0,7.0,F,False,False,False,
b-b12-regiao-f2.txt,3.0,3.0,F,3.0,3.0,F,False,False,False,
b-b15-regiao-f4.txt,9.0,9.0,F,9.0,9.0,F,False,False,False,
b-b18-intercalado-f2.txt,1.0,1.0,F,1.0,1.0,F,False,False,False,
b-b18-regiao-f2.txt,2.0,2.0,F,2.0,2.0,F,False,False,False,
i-i080-001-regiao-f2.txt,1.0,1.0,F,1.0,1.0,F,False,False,False,
i-i080-041-regiao-f2.txt,1.0,1.0,F,1.0,1.0,F,False,False,False,
i-i080-301-regiao-f2.txt,5.0,5.0,F,5.0,5.0,F,False,False,False,
i-i080-341-intercalado-f2.txt,2.0,2.0,F,2.0,2.0,F,False,False,False,
i-i160-301-intercalado-f2-rho.txt,5.0,5.0,F,5.0,5.0,F,False,False,False,
i-i160-301-regiao-f2.txt,4.0,4.0,F,4.0,4.0,F,False,False,False,
lin-lin01-regiao-f2.txt,2.0,2.0,F,2.0,2.0,F,False,False,False,
lin-lin03-regiao-f4.txt,7.0,7.0,F,7.0,7.0,F,False,False,False,
lin-lin06-intercalado-f2.txt,3.0,3.0,F,3.0,3.0,F,False,False,False,
lin-lin06-regiao-f4.txt,7.0,7.0,F,7.0,7.0,F,False,False,False,
mapf-den312d-m25-f4.txt,15.0,17.0,A,15.0,17.0,A,False,False,False,
mapf-den312d-m50-f2-rho.txt,6.0,9.0,A,4.0,9.0,A,True,False,False,
mapf-empty-32-32-m25-f4.txt,13.000005462938512,19.0,A,14.0,18.0,A,True,True,False,
mapf-empty-32-32-m50-f2.txt,6.0,6.0,M,4.0,6.0,A,True,False,True,entrou
mapf-maze-32-32-2-m10-f4.txt,7.0,7.0,F,7.0,7.0,F,False,False,False,
mapf-maze-32-32-2-m25-f2.txt,5.0,5.0,F,5.0,5.0,F,False,False,False,
mapf-random-32-32-10-m25-f4.txt,14.0,21.0,A,15.0,21.0,A,True,False,False,
mapf-random-32-32-10-m50-f8.txt,54.0,71.0,A,53.0,75.0,A,True,True,False,
mapf-random-64-64-20-m100-f4.txt,41.0,67.0,A,41.0,70.0,A,False,True,False,
mapf-room-32-32-4-m10-f8.txt,16.0,18.0,A,16.0,18.0,A,False,False,False,
mapf-room-32-32-4-m25-f4-rho.txt,16.0,20.0,A,16.0,19.0,A,False,True,False,
mapf-warehouse-10-20-10-2-1-m25-f4.txt,29.0,52.99999995273603,A,29.0,48.0,A,False,True,False,
mapf-warehouse-10-20-10-2-1-m50-f8.txt,81.0,126.0,A,81.0,124.0,A,False,True,False,
pace18-t2-001-regiao-f2.txt,3.0,3.0,F,3.0,3.0,F,False,False,False,
pace18-t2-061-regiao-f4.txt,7.0,7.0,F,7.0,7.0,F,False,False,False,
pace18-t2-081-regiao-f2.txt,3.0,3.0,F,3.0,3.0,F,False,False,False,
pace18-t2-141-regiao-f4.txt,10.0,12.0,A,10.0,12.0,A,False,False,False,
pace18-t2-181-regiao-f2.txt,2.0,2.0,F,2.0,2.0,F,False,False,False,
pace18-t2-199-regiao-f4.txt,7.0,7.0,M,7.0,7.0,M,False,False,False,
puc-bip42p-regiao-f2.txt,33.0,43.0,A,33.0,43.0,A,False,False,False,
puc-bip42p-seed-r1.txt,33.0,43.0,A,33.0,43.0,A,False,False,False,
puc-cc10-2u-regiao-f2.txt,2.0,2.0,F,2.0,2.0,F,False,False,False,
puc-cc10-2u-seed-r1.txt,53.00000000000002,58.0,D,53.0,60.0,A,True,True,True,
puc-cc11-2u-seed-r1.txt,92.0000000000001,102.0,D,92.00000000000009,102.0,D,True,False,False,
puc-cc12-2u-seed-r1.txt,165.0,200.0,A,165.0,204.0,A,False,True,False,
puc-cc6-3p-seed-r1.txt,32.0,32.0,F,32.0,32.0,F,False,False,False,
puc-cc9-2p-seed-r1.txt,30.0,31.0,D,30.0,31.0,D,False,False,False,
puc-hc10p-regiao-f4.txt,6.0,6.0,F,6.0,6.0,F,False,False,False,
puc-hc10p-seed-r1.txt,52.0,81.0,A,52.00000000000002,84.0,A,True,True,False,
puc-hc11p-seed-r1.txt,95.0,156.0,A,96.0,160.0,A,True,True,False,
puc-hc12p-seed-r1.txt,171.0,,A,171.0,,A,False,False,False,
puc-hc9u-regiao-f2.txt,5.0,5.0,F,5.0,5.0,F,False,False,False,
puc-hc9u-regiao-f4.txt,36.0,39.0,D,36.0,39.0,D,False,False,False,
puc-hc9u-seed-r1.txt,32.0,41.0,A,32.0,41.0,A,False,False,False,
puc-w23c23-intercalado-f2-rho.txt,128.0,128.0,F,128.0,128.0,F,False,False,False,
puc-w23c23-seed-r1.txt,141.0,158.0,A,140.0,156.0,A,True,True,False,
puc-w3c571-seed-r1.txt,665.0,1139.0,A,666.0,1131.0,A,True,True,False,
pucn-cc3-10n-seed-r1.txt,17.0,26.0,A,17.0,26.0,A,False,False,False,
pucn-cc3-5n-seed-r1.txt,8.0,8.0,F,8.0,8.0,F,False,False,False,
pucn-cc5-3n-seed-r1.txt,15.0,15.0,F,15.0,15.0,F,False,False,False,
pucn-cc6-2n-seed-r1.txt,6.0,6.0,F,6.0,6.0,F,False,False,False,
pucn-cc7-3n-regiao-f2.txt,9.0,13.0,A,9.0,14.0,A,False,True,False,
pucn-cc7-3n-seed-r1.txt,68.0,80.0,A,69.0,83.0,A,True,True,False,
urb-apia-m10-f8.txt,8.0,8.0,F,8.0,8.0,F,False,False,False,
urb-apia-m25-f2.txt,2.0,2.0,M,2.0,2.0,M,False,False,False,
urb-belize_city-m25-f4.txt,4.0,4.0,F,4.0,4.0,F,False,False,False,
urb-mindelo-m25-f4.txt,4.0,4.0,M,4.0,4.0,M,False,False,False,
urb-st_helier-m10-f4.txt,4.0,4.0,F,4.0,4.0,F,False,False,False,
vienna-I052-regiao-f4.txt,7.0,7.0,M,7.0,7.0,M,False,False,False,
vienna-I056-regiao-f4.txt,9.0,12.0,A,9.0,12.0,A,False,False,False,
vienna-I065-intercalado-f2.txt,16.000000000000007,20.0,A,16.000000000000007,21.0,A,False,True,False,
vienna-I065-regiao-f4.txt,14.0,19.0,A,14.0,19.0,A,False,False,False,
