name,family,level,iteration,cumulative_work,cumulative_wall_s,lb_status,lb_exact,lb_source,reference_b0,reference_full_lp,numeric_rmp_objective,n_columns,pricing_calls,note
HB-q4-ndir2-p1,hb,1,0,0.008001441389164381,0.6600439230678603,CERTIFIED,1/2,N1,1.0,2.0,16.0,2,1,CONTINUE
HB-q4-ndir2-p1,hb,1,1,0.029383516095179057,0.8085230150027201,CERTIFIED,1/2,N1,1.0,2.0,16.0,3,2,CONTINUE
HB-q4-ndir2-p1,hb,1,2,0.035971244556310095,0.8787168960552663,CERTIFIED,1/2,N1,1.0,2.0,3.5,4,3,CONTINUE
HB-q4-ndir2-p1,hb,1,3,0.06545158410824074,1.0377549300901592,CERTIFIED,1/2,N1,1.0,2.0,3.5,5,4,CONTINUE
HB-q4-ndir2-p1,hb,1,4,0.0892514855967021,1.2024695420404896,CERTIFIED,1/2,N1,1.0,2.0,3.5,6,5,CONTINUE
HB-q4-ndir2-p1,hb,1,5,0.1278977811066922,1.4066483320202678,CERTIFIED,1/2,N1,1.0,2.0,3.0,7,6,CONTINUE
HB-q4-ndir2-p1,hb,1,6,0.1366677207323519,1.4884632530156523,CERTIFIED,1/2,N1,1.0,2.0,3.0,8,7,CONTINUE
HB-q4-ndir2-p1,hb,1,7,0.1477079588667125,1.57249336107634,CERTIFIED,1/2,N1,1.0,2.0,3.0,9,8,CONTINUE
HB-q4-ndir2-p1,hb,1,8,0.1655346981110759,1.688951907097362,CERTIFIED,1/2,N1,1.0,2.0,3.0,10,9,CONTINUE
HB-q4-ndir2-p1,hb,1,9,0.20239996521812018,1.958718360052444,CERTIFIED,1/2,N1,1.0,2.0,2.0,11,10,CONTINUE
HB-q4-ndir2-p1,hb,1,10,0.23545690557717353,2.207415040000342,CERTIFIED,1/2,N1,1.0,2.0,2.0,12,11,CONTINUE
HB-q4-ndir2-p1,hb,1,11,0.25311599983329597,2.3247506740735844,CERTIFIED,1/2,N1,1.0,2.0,2.0,13,12,CONTINUE
HB-q4-ndir2-p1,hb,1,12,0.2854210983689886,2.5025776750408113,CERTIFIED,1/2,N1,1.0,2.0,2.0,14,13,CONTINUE
HB-q4-ndir2-p1,hb,1,13,0.3170620638847735,2.6712731120642275,CERTIFIED,1/2,N1,1.0,2.0,2.0,15,14,CONTINUE
HB-q4-ndir2-p1,hb,1,14,0.3535776114032205,2.928385858074762,CERTIFIED,1/2,N1,1.0,2.0,2.0,16,15,CONTINUE
HB-q4-ndir2-p1,hb,1,15,0.40034981269074427,3.1748022510437295,CERTIFIED,1/2,N1,1.0,2.0,2.0,17,16,CONTINUE
HB-q4-ndir2-p1,hb,1,16,0.40796439715893834,3.263288011075929,CERTIFIED,1/2,N1,1.0,2.0,2.0,18,17,CONTINUE
HB-q4-ndir2-p1,hb,1,17,0.41796292788509565,3.340854096109979,CERTIFIED,1/2,N1,1.0,2.0,2.0,18,18,NUMERICAL_STATIONARY
"BP-nao-[3,1]-q2",bp-nao,1,0,0.0016395630978786298,0.05657250096555799,CERTIFIED,1/1,N1,6.0,7.0,16.0,2,1,CONTINUE
"BP-nao-[3,1]-q2",bp-nao,1,1,0.0029963956987221646,0.0936082819243893,CERTIFIED,1/1,N1,6.0,7.0,16.0,3,2,CONTINUE
"BP-nao-[3,1]-q2",bp-nao,1,2,0.004353562382899032,0.12681185896508396,CERTIFIED,1/1,N1,6.0,7.0,16.0,4,3,CONTINUE
"BP-nao-[3,1]-q2",bp-nao,1,3,0.00569778748368879,0.15795454394537956,CERTIFIED,1/1,N1,6.0,7.0,16.0,5,4,CONTINUE
"BP-nao-[3,1]-q2",bp-nao,1,4,0.016133344575144346,0.23272650188300759,CERTIFIED,1/1,N1,6.0,7.0,16.0,6,5,CONTINUE
"BP-nao-[3,1]-q2",bp-nao,1,5,0.019334423086608543,0.29897919890936464,CERTIFIED,1/1,N1,6.0,7.0,7.0,7,6,CONTINUE
"BP-nao-[3,1]-q2",bp-nao,1,6,0.035788900288313164,0.40117387392092496,CERTIFIED,1/1,N1,6.0,7.0,7.0,8,7,CONTINUE
"BP-nao-[3,1]-q2",bp-nao,1,7,0.0521854196160263,0.518765436951071,CERTIFIED,1/1,N1,6.0,7.0,7.0,9,8,CONTINUE
"BP-nao-[3,1]-q2",bp-nao,1,8,0.05557750182085404,0.5688709028763697,CERTIFIED,1/1,N1,6.0,7.0,7.0,10,9,CONTINUE
"BP-nao-[3,1]-q2",bp-nao,1,9,0.06328599141848788,0.6455309859011322,CERTIFIED,1/1,N1,6.0,7.0,7.0,11,10,CONTINUE
"BP-nao-[3,1]-q2",bp-nao,1,10,0.08305808597572575,0.7671156879514456,CERTIFIED,1/1,N1,6.0,7.0,7.0,11,11,NUMERICAL_STATIONARY
HB-q6-ndir2-p1,hb,2,0,0.01434595570515615,0.07841529103461653,CERTIFIED,1/2,N1,,,26.0,2,1,CONTINUE
HB-q6-ndir2-p1,hb,2,1,0.04109681990962863,0.1832361021079123,CERTIFIED,13/24,N1,,,26.0,3,2,CONTINUE
HB-q6-ndir2-p1,hb,2,2,0.11105089962931758,0.40994501404929906,CERTIFIED,13/22,N1,,,6.5,4,3,CONTINUE
HB-q6-ndir2-p1,hb,2,3,0.1360589308443831,0.5163568271091208,CERTIFIED,13/22,N1,,,4.0,5,4,CONTINUE
HB-q6-ndir2-p1,hb,2,4,0.21375175755752843,0.863358210073784,CERTIFIED,13/22,N1,,,4.0,6,5,CONTINUE
HB-q6-ndir2-p1,hb,2,5,0.22186936418868283,0.9099875710671768,CERTIFIED,13/22,N1,,,4.0,7,6,CONTINUE
HB-q6-ndir2-p1,hb,2,6,0.23822667240301684,0.9892927730688825,CERTIFIED,2/3,N1,,,4.0,8,7,CONTINUE
HB-q6-ndir2-p1,hb,2,7,0.29756398346190643,1.2392522690352052,CERTIFIED,2/3,N1,,,4.0,9,8,CONTINUE
HB-q6-ndir2-p1,hb,2,8,0.3641368361016169,1.5318472040817142,CERTIFIED,2/3,N1,,,3.0,10,9,CONTINUE
HB-q6-ndir2-p1,hb,2,9,0.37961380207555434,1.6073311411309987,CERTIFIED,2/3,N1,,,3.0,11,10,CONTINUE
HB-q6-ndir2-p1,hb,2,10,0.436860142561105,1.8534705981146544,CERTIFIED,2/3,N1,,,3.0,12,11,CONTINUE
HB-q6-ndir2-p1,hb,2,11,0.49417696299176556,2.121634150040336,CERTIFIED,2/3,N1,,,3.0,13,12,CONTINUE
HB-q6-ndir2-p1,hb,2,12,0.531929984202039,2.265694221132435,CERTIFIED,2/3,N1,,,3.0,14,13,CONTINUE
HB-q6-ndir2-p1,hb,2,13,0.5545980102608972,2.354523181100376,CERTIFIED,2/3,N1,,,3.0,15,14,CONTINUE
HB-q6-ndir2-p1,hb,2,14,0.5804484296450104,2.4573359390487894,CERTIFIED,2/3,N1,,,3.0,16,15,CONTINUE
HB-q6-ndir2-p1,hb,2,15,0.6106134735284371,2.5945334470598027,CERTIFIED,2/3,N1,,,3.0,17,16,CONTINUE
HB-q6-ndir2-p1,hb,2,16,0.6541238719808513,2.7528316320385784,CERTIFIED,2/3,N1,,,3.0,18,17,CONTINUE
HB-q6-ndir2-p1,hb,2,17,0.664360017266353,2.7973558510420844,CERTIFIED,2/3,N1,,,3.0,19,18,CONTINUE
HB-q6-ndir2-p1,hb,2,18,0.6921238806628249,2.9106697851093486,CERTIFIED,2/3,N1,,,3.0,20,19,CONTINUE
HB-q6-ndir2-p1,hb,2,19,0.7305510384339333,3.0884913001209497,CERTIFIED,2/3,N1,,,3.0,21,20,CONTINUE
HB-q6-ndir2-p1,hb,2,20,0.7642165146587669,3.2414925501216203,CERTIFIED,2/3,N1,,,3.0,22,21,CONTINUE
HB-q6-ndir2-p1,hb,2,21,0.8055477833862409,3.4120237911120057,CERTIFIED,2/3,N1,,,3.0,23,22,CONTINUE
HB-q6-ndir2-p1,hb,2,22,0.9448291948843534,3.881622008047998,CERTIFIED,2/3,N1,,,3.0,24,23,CONTINUE
HB-q6-ndir2-p1,hb,2,23,1.044185381126883,4.31082881311886,CERTIFIED,2/3,N1,,,3.0,25,24,CONTINUE
HB-q6-ndir2-p1,hb,2,24,1.1277616056316995,4.645528593100607,CERTIFIED,2/3,N1,,,3.0,26,25,CONTINUE
HB-q6-ndir2-p1,hb,2,25,1.2527711177210055,5.202213417040184,CERTIFIED,2/3,N1,,,3.0,27,26,CONTINUE
HB-q6-ndir2-p1,hb,2,26,1.2929931879223098,5.367435351130553,CERTIFIED,2/3,N1,,,3.0,28,27,CONTINUE
HB-q6-ndir2-p1,hb,2,27,1.3644412881425219,5.639515055110678,CERTIFIED,2/3,N1,,,3.0,28,28,NUMERICAL_STATIONARY
"BP-nao-[2,2,2]-q2",bp-nao,2,0,0.003741070362104009,0.10189709602855146,CERTIFIED,1/1,N1,,,23.0,2,1,CONTINUE
"BP-nao-[2,2,2]-q2",bp-nao,2,1,0.005925709780297805,0.14745104510802776,CERTIFIED,1/1,N1,,,23.0,3,2,CONTINUE
"BP-nao-[2,2,2]-q2",bp-nao,2,2,0.010903046812066563,0.20233292505145073,CERTIFIED,1/1,N1,,,23.0,4,3,CONTINUE
"BP-nao-[2,2,2]-q2",bp-nao,2,3,0.014628873438625725,0.2569767601089552,CERTIFIED,1/1,N1,,,23.0,5,4,CONTINUE
"BP-nao-[2,2,2]-q2",bp-nao,2,4,0.01967634193986741,0.3591397770214826,CERTIFIED,1/1,N1,,,23.0,6,5,CONTINUE
"BP-nao-[2,2,2]-q2",bp-nao,2,5,0.03214476906115603,0.657993974047713,CERTIFIED,1/1,N1,,,23.0,7,6,CONTINUE
"BP-nao-[2,2,2]-q2",bp-nao,2,6,0.06785342563993836,1.162980548106134,CERTIFIED,1/1,N1,,,23.0,8,7,CONTINUE
"BP-nao-[2,2,2]-q2",bp-nao,2,7,0.10656507271755723,1.381315114093013,CERTIFIED,1/1,N1,,,23.0,9,8,CONTINUE
"BP-nao-[2,2,2]-q2",bp-nao,2,8,0.11727989321826487,1.4812163311289623,CERTIFIED,1/1,N1,,,9.0,10,9,CONTINUE
"BP-nao-[2,2,2]-q2",bp-nao,2,9,0.16932228084072054,1.7587144760182127,CERTIFIED,81064793292668933/81064793292668928,N1,,,9.0,11,10,CONTINUE
"BP-nao-[2,2,2]-q2",bp-nao,2,10,0.1870430170751594,1.9199138580588624,CERTIFIED,40532396646334469/35578437056226924,N1,,,9.0,12,11,CONTINUE
"BP-nao-[2,2,2]-q2",bp-nao,2,11,0.2001416680385914,2.0106919300742447,CERTIFIED,40532396646334469/35578437056226924,N1,,,9.0,13,12,CONTINUE
"BP-nao-[2,2,2]-q2",bp-nao,2,12,0.23164726858864876,2.1704018301097676,CERTIFIED,40532396646334469/35578437056226924,N1,,,9.0,14,13,CONTINUE
"BP-nao-[2,2,2]-q2",bp-nao,2,13,0.2876160664160411,2.48916600109078,CERTIFIED,40532396646334469/35578437056226924,N1,,,9.0,15,14,CONTINUE
"BP-nao-[2,2,2]-q2",bp-nao,2,14,0.34030945798364826,2.7927142380503938,CERTIFIED,40532396646334469/35578437056226924,N1,,,9.0,16,15,CONTINUE
"BP-nao-[2,2,2]-q2",bp-nao,2,15,0.3713824794198447,3.127321478095837,CERTIFIED,40532396646334469/35578437056226924,N1,,,9.0,17,16,CONTINUE
"BP-nao-[2,2,2]-q2",bp-nao,2,16,0.4270854822972045,3.624699026113376,CERTIFIED,40532396646334469/35578437056226924,N1,,,9.0,18,17,CONTINUE
"BP-nao-[2,2,2]-q2",bp-nao,2,17,0.44196379174226014,3.877736906055361,CERTIFIED,18/13,N1,,,9.0,19,18,CONTINUE
"BP-nao-[2,2,2]-q2",bp-nao,2,18,0.49247316579834993,4.174140492104925,CERTIFIED,18/13,N1,,,9.0,20,19,CONTINUE
"BP-nao-[2,2,2]-q2",bp-nao,2,19,0.5113898653894899,4.35258316504769,CERTIFIED,18/13,N1,,,9.0,21,20,CONTINUE
"BP-nao-[2,2,2]-q2",bp-nao,2,20,0.5265846055330334,4.47695097012911,CERTIFIED,18/13,N1,,,9.0,22,21,CONTINUE
"BP-nao-[2,2,2]-q2",bp-nao,2,21,0.5572790357444444,4.689538392121904,CERTIFIED,18/13,N1,,,9.0,23,22,CONTINUE
"BP-nao-[2,2,2]-q2",bp-nao,2,22,0.6017272705879441,4.931620188057423,CERTIFIED,18/13,N1,,,9.0,24,23,CONTINUE
"BP-nao-[2,2,2]-q2",bp-nao,2,23,0.6151086200281038,5.072340735117905,CERTIFIED,18/13,N1,,,9.0,25,24,CONTINUE
"BP-nao-[2,2,2]-q2",bp-nao,2,24,0.6705444579647916,5.336059440043755,CERTIFIED,18/13,N1,,,9.0,25,25,NUMERICAL_STATIONARY
