nome,familia,fonte,formato,arquivo_fonte,terminais,regra_G,regra_ST,m,regra_r,rho,seed,instancia_original,problema_original,url,referencia,observacao
puc-hc9u-seed-r1,puc,SteinLib,stp,raw-data/steinlib/hc9u.stp,,G-UNIT,ST-SEED:42,metade,R-1,0,42,hc9u,Steiner em grafos,https://steinlib.zib.de/steinlib.php,"Koch, Martin, Voss. SteinLib (KMV00); PUC: Rosseti et al. (2001), a confirmar",reproduz instances/hc9u.txt
puc-hc9u-regiao-f2,puc,SteinLib,stp,raw-data/steinlib/hc9u.stp,,G-UNIT,ST-REGIAO,metade,R-FRAC:2,0,,hc9u,Steiner em grafos,https://steinlib.zib.de/steinlib.php,"Koch, Martin, Voss. SteinLib (KMV00); PUC: Rosseti et al. (2001), a confirmar",
puc-hc9u-regiao-f4,puc,SteinLib,stp,raw-data/steinlib/hc9u.stp,,G-UNIT,ST-REGIAO,metade,R-FRAC:4,0,,hc9u,Steiner em grafos,https://steinlib.zib.de/steinlib.php,"Koch, Martin, Voss. SteinLib (KMV00); PUC: Rosseti et al. (2001), a confirmar",
puc-hc10p-seed-r1,puc,SteinLib,stp,raw-data/steinlib/hc10p.stp,,G-UNIT,ST-SEED:42,metade,R-1,0,42,hc10p,Steiner em grafos,https://steinlib.zib.de/steinlib.php,"Koch, Martin, Voss. SteinLib (KMV00); PUC: Rosseti et al. (2001), a confirmar",mesmo A_r de instances/hc10p.txt
puc-hc10p-regiao-f4,puc,SteinLib,stp,raw-data/steinlib/hc10p.stp,,G-UNIT,ST-REGIAO,metade,R-FRAC:4,0,,hc10p,Steiner em grafos,https://steinlib.zib.de/steinlib.php,"Koch, Martin, Voss. SteinLib (KMV00); PUC: Rosseti et al. (2001), a confirmar",
puc-hc11p-seed-r1,puc,SteinLib,stp,raw-data/steinlib/hc11p.stp,,G-UNIT,ST-SEED:42,metade,R-1,0,42,hc11p,Steiner em grafos,https://steinlib.zib.de/steinlib.php,"Koch, Martin, Voss. SteinLib (KMV00); PUC: Rosseti et al. (2001), a confirmar",mesmo A_r de instances/hc11p.txt
puc-hc12p-seed-r1,puc,SteinLib,stp,raw-data/steinlib/hc12p.stp,,G-UNIT,ST-SEED:42,metade,R-1,0,42,hc12p,Steiner em grafos,https://steinlib.zib.de/steinlib.php,"Koch, Martin, Voss. SteinLib (KMV00); PUC: Rosseti et al. (2001), a confirmar",mesmo A_r de instances/hc12p.txt
puc-bip42p-seed-r1,puc,SteinLib,stp,raw-data/steinlib/bip42p.stp,,G-UNIT,ST-SEED:42,metade,R-1,0,42,bip42p,Steiner em grafos,https://steinlib.zib.de/steinlib.php,"Koch, Martin, Voss. SteinLib (KMV00); PUC: Rosseti et al. (2001), a confirmar",mesmo A_r de instances/bip42p.txt
puc-bip42p-regiao-f2,puc,SteinLib,stp,raw-data/steinlib/bip42p.stp,,G-UNIT,ST-REGIAO,metade,R-FRAC:2,0,,bip42p,Steiner em grafos,https://steinlib.zib.de/steinlib.php,"Koch, Martin, Voss. SteinLib (KMV00); PUC: Rosseti et al. (2001), a confirmar",
puc-cc10-2u-seed-r1,puc,SteinLib,stp,raw-data/steinlib/cc10-2u.stp,,G-UNIT,ST-SEED:42,metade,R-1,0,42,cc10-2u,Steiner em grafos,https://steinlib.zib.de/steinlib.php,"Koch, Martin, Voss. SteinLib (KMV00); PUC: Rosseti et al. (2001), a confirmar",
puc-cc10-2u-regiao-f2,puc,SteinLib,stp,raw-data/steinlib/cc10-2u.stp,,G-UNIT,ST-REGIAO,metade,R-FRAC:2,0,,cc10-2u,Steiner em grafos,https://steinlib.zib.de/steinlib.php,"Koch, Martin, Voss. SteinLib (KMV00); PUC: Rosseti et al. (2001), a confirmar",
puc-cc11-2u-seed-r1,puc,SteinLib,stp,raw-data/steinlib/cc11-2u.stp,,G-UNIT,ST-SEED:42,metade,R-1,0,42,cc11-2u,Steiner em grafos,https://steinlib.zib.de/steinlib.php,"Koch, Martin, Voss. SteinLib (KMV00); PUC: Rosseti et al. (2001), a confirmar",
puc-cc12-2u-seed-r1,puc,SteinLib,stp,raw-data/steinlib/cc12-2u.stp,,G-UNIT,ST-SEED:42,metade,R-1,0,42,cc12-2u,Steiner em grafos,https://steinlib.zib.de/steinlib.php,"Koch, Martin, Voss. SteinLib (KMV00); PUC: Rosseti et al. (2001), a confirmar","mesmos S e T de instances/cc12-2u.txt, sem pesos"
puc-cc9-2p-seed-r1,puc,SteinLib,stp,raw-data/steinlib/cc9-2p.stp,,G-UNIT,ST-SEED:42,metade,R-1,0,42,cc9-2p,Steiner em grafos,https://steinlib.zib.de/steinlib.php,"Koch, Martin, Voss. SteinLib (KMV00); PUC: Rosseti et al. (2001), a confirmar",
puc-cc6-3p-seed-r1,puc,SteinLib,stp,raw-data/steinlib/cc6-3p.stp,,G-UNIT,ST-SEED:42,metade,R-1,0,42,cc6-3p,Steiner em grafos,https://steinlib.zib.de/steinlib.php,"Koch, Martin, Voss. SteinLib (KMV00); PUC: Rosseti et al. (2001), a confirmar",
puc-w23c23-seed-r1,puc,SteinLib,stp,raw-data/steinlib/w23c23.stp,,G-UNIT,ST-SEED:42,metade,R-1,0,42,w23c23,Steiner em grafos,https://steinlib.zib.de/steinlib.php,"Koch, Martin, Voss. SteinLib (KMV00); PUC: Rosseti et al. (2001), a confirmar",
puc-w23c23-intercalado-f2-rho,puc,SteinLib,stp,raw-data/steinlib/w23c23.stp,,G-UNIT,ST-INTERCALADO,metade,R-FRAC:2,0.1,,w23c23,Steiner em grafos,https://steinlib.zib.de/steinlib.php,"Koch, Martin, Voss. SteinLib (KMV00); PUC: Rosseti et al. (2001), a confirmar",
puc-w3c571-seed-r1,puc,SteinLib,stp,raw-data/steinlib/w3c571.stp,,G-UNIT,ST-SEED:42,metade,R-1,0,42,w3c571,Steiner em grafos,https://steinlib.zib.de/steinlib.php,"Koch, Martin, Voss. SteinLib (KMV00); PUC: Rosseti et al. (2001), a confirmar",
b-b06-regiao-f2,steinlib-b,SteinLib,stp,raw-data/steinlib/b06.stp,,G-UNIT,ST-REGIAO,12,R-FRAC:2,0,,b06,Steiner em grafos,https://steinlib.zib.de/steinlib.php,"Koch, Martin, Voss. SteinLib (KMV00)",
b-b06-intercalado-f2,steinlib-b,SteinLib,stp,raw-data/steinlib/b06.stp,,G-UNIT,ST-INTERCALADO,12,R-FRAC:2,0,,b06,Steiner em grafos,https://steinlib.zib.de/steinlib.php,"Koch, Martin, Voss. SteinLib (KMV00)",
b-b12-regiao-f2,steinlib-b,SteinLib,stp,raw-data/steinlib/b12.stp,,G-UNIT,ST-REGIAO,19,R-FRAC:2,0,,b12,Steiner em grafos,https://steinlib.zib.de/steinlib.php,"Koch, Martin, Voss. SteinLib (KMV00)",
b-b12-intercalado-f2,steinlib-b,SteinLib,stp,raw-data/steinlib/b12.stp,,G-UNIT,ST-INTERCALADO,19,R-FRAC:2,0,,b12,Steiner em grafos,https://steinlib.zib.de/steinlib.php,"Koch, Martin, Voss. SteinLib (KMV00)",
b-b18-regiao-f2,steinlib-b,SteinLib,stp,raw-data/steinlib/b18.stp,,G-UNIT,ST-REGIAO,25,R-FRAC:2,0,,b18,Steiner em grafos,https://steinlib.zib.de/steinlib.php,"Koch, Martin, Voss. SteinLib (KMV00)",
b-b18-intercalado-f2,steinlib-b,SteinLib,stp,raw-data/steinlib/b18.stp,,G-UNIT,ST-INTERCALADO,25,R-FRAC:2,0,,b18,Steiner em grafos,https://steinlib.zib.de/steinlib.php,"Koch, Martin, Voss. SteinLib (KMV00)",
b-b15-regiao-f4,steinlib-b,SteinLib,stp,raw-data/steinlib/b15.stp,,G-UNIT,ST-REGIAO,25,R-FRAC:4,0,,b15,Steiner em grafos,https://steinlib.zib.de/steinlib.php,"Koch, Martin, Voss. SteinLib (KMV00)",
b-b09-intercalado-f2-rho,steinlib-b,SteinLib,stp,raw-data/steinlib/b09.stp,,G-UNIT,ST-INTERCALADO,19,R-FRAC:2,0.1,,b09,Steiner em grafos,https://steinlib.zib.de/steinlib.php,"Koch, Martin, Voss. SteinLib (KMV00)",
i-i080-001-regiao-f2,steinlib-i,SteinLib,stp,raw-data/steinlib/i080-001.stp,,G-UNIT,ST-REGIAO,3,R-FRAC:2,0,,i080-001,Steiner em grafos,https://steinlib.zib.de/steinlib.php,"Koch, Martin, Voss. SteinLib (KMV00)",
i-i080-041-regiao-f2,steinlib-i,SteinLib,stp,raw-data/steinlib/i080-041.stp,,G-UNIT,ST-REGIAO,3,R-FRAC:2,0,,i080-041,Steiner em grafos,https://steinlib.zib.de/steinlib.php,"Koch, Martin, Voss. SteinLib (KMV00)",
i-i080-301-regiao-f2,steinlib-i,SteinLib,stp,raw-data/steinlib/i080-301.stp,,G-UNIT,ST-REGIAO,10,R-FRAC:2,0,,i080-301,Steiner em grafos,https://steinlib.zib.de/steinlib.php,"Koch, Martin, Voss. SteinLib (KMV00)",
i-i080-341-intercalado-f2,steinlib-i,SteinLib,stp,raw-data/steinlib/i080-341.stp,,G-UNIT,ST-INTERCALADO,10,R-FRAC:2,0,,i080-341,Steiner em grafos,https://steinlib.zib.de/steinlib.php,"Koch, Martin, Voss. SteinLib (KMV00)",
i-i160-301-regiao-f2,steinlib-i,SteinLib,stp,raw-data/steinlib/i160-301.stp,,G-UNIT,ST-REGIAO,20,R-FRAC:2,0,,i160-301,Steiner em grafos,https://steinlib.zib.de/steinlib.php,"Koch, Martin, Voss. SteinLib (KMV00)",
i-i160-301-intercalado-f2-rho,steinlib-i,SteinLib,stp,raw-data/steinlib/i160-301.stp,,G-UNIT,ST-INTERCALADO,20,R-FRAC:2,0.1,,i160-301,Steiner em grafos,https://steinlib.zib.de/steinlib.php,"Koch, Martin, Voss. SteinLib (KMV00)",
lin-lin01-regiao-f2,steinlib-lin,SteinLib,stp,raw-data/steinlib/lin01.stp,,G-SUBDIV:10,ST-REGIAO,2,R-FRAC:2,0,,lin01,Steiner em grafos,https://steinlib.zib.de/steinlib.php,"Koch, Martin, Voss. SteinLib (KMV00)",pesos L1 = comprimento; subdivisão a cada 10 unidades
lin-lin03-regiao-f4,steinlib-lin,SteinLib,stp,raw-data/steinlib/lin03.stp,,G-SUBDIV:10,ST-REGIAO,4,R-FRAC:4,0,,lin03,Steiner em grafos,https://steinlib.zib.de/steinlib.php,"Koch, Martin, Voss. SteinLib (KMV00)",idem
lin-lin06-regiao-f4,steinlib-lin,SteinLib,stp,raw-data/steinlib/lin06.stp,,G-SUBDIV:20,ST-REGIAO,7,R-FRAC:4,0,,lin06,Steiner em grafos,https://steinlib.zib.de/steinlib.php,"Koch, Martin, Voss. SteinLib (KMV00)",subdivisão a cada 20 unidades
lin-lin06-intercalado-f2,steinlib-lin,SteinLib,stp,raw-data/steinlib/lin06.stp,,G-SUBDIV:20,ST-INTERCALADO,7,R-FRAC:2,0,,lin06,Steiner em grafos,https://steinlib.zib.de/steinlib.php,"Koch, Martin, Voss. SteinLib (KMV00)",idem
mapf-empty-32-32-m25-f4,mapf,MovingAI MAPF,mapf,raw-data/mapf/maps/empty-32-32.map,../scen-random/empty-32-32-random-1.scen:25,G-GRID,NATIVO,25,R-FRAC:4,0,,empty-32-32.map + empty-32-32-random-1.scen (primeiros 25 agentes),MAPF (multi-agent path finding),https://movingai.com/benchmarks/mapf.html,"Stern et al. Multi-Agent Pathfinding: Definitions, Variants, and Benchmarks. SoCS 2019","células livres (. G S), 4-vizinhança; S e T = início e destino dos primeiros agentes do cenário"
mapf-empty-32-32-m50-f2,mapf,MovingAI MAPF,mapf,raw-data/mapf/maps/empty-32-32.map,../scen-random/empty-32-32-random-1.scen:50,G-GRID,NATIVO,50,R-FRAC:2,0,,empty-32-32.map + empty-32-32-random-1.scen (primeiros 50 agentes),MAPF (multi-agent path finding),https://movingai.com/benchmarks/mapf.html,"Stern et al. Multi-Agent Pathfinding: Definitions, Variants, and Benchmarks. SoCS 2019","células livres (. G S), 4-vizinhança; S e T = início e destino dos primeiros agentes do cenário"
mapf-random-32-32-10-m25-f4,mapf,MovingAI MAPF,mapf,raw-data/mapf/maps/random-32-32-10.map,../scen-random/random-32-32-10-random-1.scen:25,G-GRID,NATIVO,25,R-FRAC:4,0,,random-32-32-10.map + random-32-32-10-random-1.scen (primeiros 25 agentes),MAPF (multi-agent path finding),https://movingai.com/benchmarks/mapf.html,"Stern et al. Multi-Agent Pathfinding: Definitions, Variants, and Benchmarks. SoCS 2019","células livres (. G S), 4-vizinhança; S e T = início e destino dos primeiros agentes do cenário"
mapf-random-32-32-10-m50-f8,mapf,MovingAI MAPF,mapf,raw-data/mapf/maps/random-32-32-10.map,../scen-random/random-32-32-10-random-1.scen:50,G-GRID,NATIVO,50,R-FRAC:8,0,,random-32-32-10.map + random-32-32-10-random-1.scen (primeiros 50 agentes),MAPF (multi-agent path finding),https://movingai.com/benchmarks/mapf.html,"Stern et al. Multi-Agent Pathfinding: Definitions, Variants, and Benchmarks. SoCS 2019","células livres (. G S), 4-vizinhança; S e T = início e destino dos primeiros agentes do cenário"
mapf-room-32-32-4-m25-f4-rho,mapf,MovingAI MAPF,mapf,raw-data/mapf/maps/room-32-32-4.map,../scen-random/room-32-32-4-random-1.scen:25,G-GRID,NATIVO,25,R-FRAC:4,0.1,,room-32-32-4.map + room-32-32-4-random-1.scen (primeiros 25 agentes),MAPF (multi-agent path finding),https://movingai.com/benchmarks/mapf.html,"Stern et al. Multi-Agent Pathfinding: Definitions, Variants, and Benchmarks. SoCS 2019","células livres (. G S), 4-vizinhança; S e T = início e destino dos primeiros agentes do cenário"
mapf-room-32-32-4-m10-f8,mapf,MovingAI MAPF,mapf,raw-data/mapf/maps/room-32-32-4.map,../scen-random/room-32-32-4-random-1.scen:10,G-GRID,NATIVO,10,R-FRAC:8,0,,room-32-32-4.map + room-32-32-4-random-1.scen (primeiros 10 agentes),MAPF (multi-agent path finding),https://movingai.com/benchmarks/mapf.html,"Stern et al. Multi-Agent Pathfinding: Definitions, Variants, and Benchmarks. SoCS 2019","células livres (. G S), 4-vizinhança; S e T = início e destino dos primeiros agentes do cenário"
mapf-maze-32-32-2-m10-f4,mapf,MovingAI MAPF,mapf,raw-data/mapf/maps/maze-32-32-2.map,../scen-random/maze-32-32-2-random-1.scen:10,G-GRID,NATIVO,10,R-FRAC:4,0,,maze-32-32-2.map + maze-32-32-2-random-1.scen (primeiros 10 agentes),MAPF (multi-agent path finding),https://movingai.com/benchmarks/mapf.html,"Stern et al. Multi-Agent Pathfinding: Definitions, Variants, and Benchmarks. SoCS 2019","células livres (. G S), 4-vizinhança; S e T = início e destino dos primeiros agentes do cenário"
mapf-maze-32-32-2-m25-f2,mapf,MovingAI MAPF,mapf,raw-data/mapf/maps/maze-32-32-2.map,../scen-random/maze-32-32-2-random-1.scen:25,G-GRID,NATIVO,25,R-FRAC:2,0,,maze-32-32-2.map + maze-32-32-2-random-1.scen (primeiros 25 agentes),MAPF (multi-agent path finding),https://movingai.com/benchmarks/mapf.html,"Stern et al. Multi-Agent Pathfinding: Definitions, Variants, and Benchmarks. SoCS 2019","células livres (. G S), 4-vizinhança; S e T = início e destino dos primeiros agentes do cenário"
mapf-warehouse-10-20-10-2-1-m25-f4,mapf,MovingAI MAPF,mapf,raw-data/mapf/maps/warehouse-10-20-10-2-1.map,../scen-random/warehouse-10-20-10-2-1-random-1.scen:25,G-GRID,NATIVO,25,R-FRAC:4,0,,warehouse-10-20-10-2-1.map + warehouse-10-20-10-2-1-random-1.scen (primeiros 25 agentes),MAPF (multi-agent path finding),https://movingai.com/benchmarks/mapf.html,"Stern et al. Multi-Agent Pathfinding: Definitions, Variants, and Benchmarks. SoCS 2019","células livres (. G S), 4-vizinhança; S e T = início e destino dos primeiros agentes do cenário"
mapf-warehouse-10-20-10-2-1-m50-f8,mapf,MovingAI MAPF,mapf,raw-data/mapf/maps/warehouse-10-20-10-2-1.map,../scen-random/warehouse-10-20-10-2-1-random-1.scen:50,G-GRID,NATIVO,50,R-FRAC:8,0,,warehouse-10-20-10-2-1.map + warehouse-10-20-10-2-1-random-1.scen (primeiros 50 agentes),MAPF (multi-agent path finding),https://movingai.com/benchmarks/mapf.html,"Stern et al. Multi-Agent Pathfinding: Definitions, Variants, and Benchmarks. SoCS 2019","células livres (. G S), 4-vizinhança; S e T = início e destino dos primeiros agentes do cenário"
mapf-den312d-m25-f4,mapf,MovingAI MAPF,mapf,raw-data/mapf/maps/den312d.map,../scen-random/den312d-random-1.scen:25,G-GRID,NATIVO,25,R-FRAC:4,0,,den312d.map + den312d-random-1.scen (primeiros 25 agentes),MAPF (multi-agent path finding),https://movingai.com/benchmarks/mapf.html,"Stern et al. Multi-Agent Pathfinding: Definitions, Variants, and Benchmarks. SoCS 2019","células livres (. G S), 4-vizinhança; S e T = início e destino dos primeiros agentes do cenário"
mapf-den312d-m50-f2-rho,mapf,MovingAI MAPF,mapf,raw-data/mapf/maps/den312d.map,../scen-random/den312d-random-1.scen:50,G-GRID,NATIVO,50,R-FRAC:2,0.1,,den312d.map + den312d-random-1.scen (primeiros 50 agentes),MAPF (multi-agent path finding),https://movingai.com/benchmarks/mapf.html,"Stern et al. Multi-Agent Pathfinding: Definitions, Variants, and Benchmarks. SoCS 2019","células livres (. G S), 4-vizinhança; S e T = início e destino dos primeiros agentes do cenário"
mapf-random-64-64-20-m100-f4,mapf,MovingAI MAPF,mapf,raw-data/mapf/maps/random-64-64-20.map,../scen-random/random-64-64-20-random-1.scen:100,G-GRID,NATIVO,100,R-FRAC:4,0,,random-64-64-20.map + random-64-64-20-random-1.scen (primeiros 100 agentes),MAPF (multi-agent path finding),https://movingai.com/benchmarks/mapf.html,"Stern et al. Multi-Agent Pathfinding: Definitions, Variants, and Benchmarks. SoCS 2019","células livres (. G S), 4-vizinhança; S e T = início e destino dos primeiros agentes do cenário"
pucn-cc3-5n-seed-r1,pucn,DIMACS 11 (SPG-PUCN),stp,raw-data/dimacs11/SPG-PUCN/cc3-5n.stp,,G-UNIT,ST-SEED:42,metade,R-1,0,42,cc3-5n,"Steiner em grafos (cobertura de código, sem pesos)",https://dimacs11.zib.de/downloads.html,"11th DIMACS Implementation Challenge: Steiner Tree Problems (2014), conjunto SPG-PUCN",
pucn-cc5-3n-seed-r1,pucn,DIMACS 11 (SPG-PUCN),stp,raw-data/dimacs11/SPG-PUCN/cc5-3n.stp,,G-UNIT,ST-SEED:42,metade,R-1,0,42,cc5-3n,"Steiner em grafos (cobertura de código, sem pesos)",https://dimacs11.zib.de/downloads.html,"11th DIMACS Implementation Challenge: Steiner Tree Problems (2014), conjunto SPG-PUCN",
pucn-cc6-2n-seed-r1,pucn,DIMACS 11 (SPG-PUCN),stp,raw-data/dimacs11/SPG-PUCN/cc6-2n.stp,,G-UNIT,ST-SEED:42,metade,R-1,0,42,cc6-2n,"Steiner em grafos (cobertura de código, sem pesos)",https://dimacs11.zib.de/downloads.html,"11th DIMACS Implementation Challenge: Steiner Tree Problems (2014), conjunto SPG-PUCN",
pucn-cc7-3n-seed-r1,pucn,DIMACS 11 (SPG-PUCN),stp,raw-data/dimacs11/SPG-PUCN/cc7-3n.stp,,G-UNIT,ST-SEED:42,metade,R-1,0,42,cc7-3n,"Steiner em grafos (cobertura de código, sem pesos)",https://dimacs11.zib.de/downloads.html,"11th DIMACS Implementation Challenge: Steiner Tree Problems (2014), conjunto SPG-PUCN",
pucn-cc7-3n-regiao-f2,pucn,DIMACS 11 (SPG-PUCN),stp,raw-data/dimacs11/SPG-PUCN/cc7-3n.stp,,G-UNIT,ST-REGIAO,metade,R-FRAC:2,0,,cc7-3n,"Steiner em grafos (cobertura de código, sem pesos)",https://dimacs11.zib.de/downloads.html,"11th DIMACS Implementation Challenge: Steiner Tree Problems (2014), conjunto SPG-PUCN",
pucn-cc3-10n-seed-r1,pucn,DIMACS 11 (SPG-PUCN),stp,raw-data/dimacs11/SPG-PUCN/cc3-10n.stp,,G-UNIT,ST-SEED:42,metade,R-1,0,42,cc3-10n,"Steiner em grafos (cobertura de código, sem pesos)",https://dimacs11.zib.de/downloads.html,"11th DIMACS Implementation Challenge: Steiner Tree Problems (2014), conjunto SPG-PUCN",
vienna-I056-regiao-f4,vienna,"DIMACS 11 (Vienna, I simples)",stp,raw-data/dimacs11/vienna/vienna-i-simple/I056.stp,,G-UNIT,ST-REGIAO,metade,R-FRAC:4,0,,I056,Steiner em grafos (rede de telecomunicação real sobre malha viária),https://dimacs11.zib.de/downloads.html,"Leitner et al. (2014), instâncias Vienna; 11th DIMACS Challenge",custos de instalação de cabo não são comprimento de deslocamento: topologia com passos unitários (G-UNIT)
vienna-I052-regiao-f4,vienna,"DIMACS 11 (Vienna, I simples)",stp,raw-data/dimacs11/vienna/vienna-i-simple/I052.stp,,G-UNIT,ST-REGIAO,metade,R-FRAC:4,0,,I052,Steiner em grafos (rede de telecomunicação real sobre malha viária),https://dimacs11.zib.de/downloads.html,"Leitner et al. (2014), instâncias Vienna; 11th DIMACS Challenge",custos de instalação de cabo não são comprimento de deslocamento: topologia com passos unitários (G-UNIT)
vienna-I065-regiao-f4,vienna,"DIMACS 11 (Vienna, I simples)",stp,raw-data/dimacs11/vienna/vienna-i-simple/I065.stp,,G-UNIT,ST-REGIAO,metade,R-FRAC:4,0,,I065,Steiner em grafos (rede de telecomunicação real sobre malha viária),https://dimacs11.zib.de/downloads.html,"Leitner et al. (2014), instâncias Vienna; 11th DIMACS Challenge",custos de instalação de cabo não são comprimento de deslocamento: topologia com passos unitários (G-UNIT)
vienna-I065-intercalado-f2,vienna,"DIMACS 11 (Vienna, I simples)",stp,raw-data/dimacs11/vienna/vienna-i-simple/I065.stp,,G-UNIT,ST-INTERCALADO,metade,R-FRAC:2,0,,I065,Steiner em grafos (rede de telecomunicação real sobre malha viária),https://dimacs11.zib.de/downloads.html,"Leitner et al. (2014), instâncias Vienna; 11th DIMACS Challenge",custos de instalação de cabo não são comprimento de deslocamento: topologia com passos unitários (G-UNIT)
pace18-t2-001-regiao-f2,pace2018,"PACE 2018 Steiner Tree, trilha 2",stp,raw-data/pace2018/SteinerTree-PACE-2018-instances-master/Track2/instance001.gr,,G-UNIT,ST-REGIAO,metade,R-FRAC:2,0,,Track2/instance001.gr,Steiner em grafos (trilha de largura de árvore limitada),https://github.com/PACE-challenge/SteinerTree-PACE-2018-instances,PACE 2018 Parameterized Algorithms and Computational Experiments Challenge (Steiner Tree); instâncias CC0,"arquivo traz decomposição em árvore; largura registrada pelo PACE na linha ""s td"""
pace18-t2-061-regiao-f4,pace2018,"PACE 2018 Steiner Tree, trilha 2",stp,raw-data/pace2018/SteinerTree-PACE-2018-instances-master/Track2/instance061.gr,,G-UNIT,ST-REGIAO,metade,R-FRAC:4,0,,Track2/instance061.gr,Steiner em grafos (trilha de largura de árvore limitada),https://github.com/PACE-challenge/SteinerTree-PACE-2018-instances,PACE 2018 Parameterized Algorithms and Computational Experiments Challenge (Steiner Tree); instâncias CC0,"arquivo traz decomposição em árvore; largura registrada pelo PACE na linha ""s td"""
pace18-t2-081-regiao-f2,pace2018,"PACE 2018 Steiner Tree, trilha 2",stp,raw-data/pace2018/SteinerTree-PACE-2018-instances-master/Track2/instance081.gr,,G-UNIT,ST-REGIAO,metade,R-FRAC:2,0,,Track2/instance081.gr,Steiner em grafos (trilha de largura de árvore limitada),https://github.com/PACE-challenge/SteinerTree-PACE-2018-instances,PACE 2018 Parameterized Algorithms and Computational Experiments Challenge (Steiner Tree); instâncias CC0,"arquivo traz decomposição em árvore; largura registrada pelo PACE na linha ""s td"""
pace18-t2-141-regiao-f4,pace2018,"PACE 2018 Steiner Tree, trilha 2",stp,raw-data/pace2018/SteinerTree-PACE-2018-instances-master/Track2/instance141.gr,,G-UNIT,ST-REGIAO,metade,R-FRAC:4,0,,Track2/instance141.gr,Steiner em grafos (trilha de largura de árvore limitada),https://github.com/PACE-challenge/SteinerTree-PACE-2018-instances,PACE 2018 Parameterized Algorithms and Computational Experiments Challenge (Steiner Tree); instâncias CC0,"arquivo traz decomposição em árvore; largura registrada pelo PACE na linha ""s td"""
pace18-t2-181-regiao-f2,pace2018,"PACE 2018 Steiner Tree, trilha 2",stp,raw-data/pace2018/SteinerTree-PACE-2018-instances-master/Track2/instance181.gr,,G-UNIT,ST-REGIAO,metade,R-FRAC:2,0,,Track2/instance181.gr,Steiner em grafos (trilha de largura de árvore limitada),https://github.com/PACE-challenge/SteinerTree-PACE-2018-instances,PACE 2018 Parameterized Algorithms and Computational Experiments Challenge (Steiner Tree); instâncias CC0,"arquivo traz decomposição em árvore; largura registrada pelo PACE na linha ""s td"""
pace18-t2-199-regiao-f4,pace2018,"PACE 2018 Steiner Tree, trilha 2",stp,raw-data/pace2018/SteinerTree-PACE-2018-instances-master/Track2/instance199.gr,,G-UNIT,ST-REGIAO,metade,R-FRAC:4,0,,Track2/instance199.gr,Steiner em grafos (trilha de largura de árvore limitada),https://github.com/PACE-challenge/SteinerTree-PACE-2018-instances,PACE 2018 Parameterized Algorithms and Computational Experiments Challenge (Steiner Tree); instâncias CC0,"arquivo traz decomposição em árvore; largura registrada pelo PACE na linha ""s td"""
urb-belize_city-m25-f4,urbano,"Global Urban Street Networks (Boeing), v3.1",graphml,raw-data/boeing/belize-BLZ/belize-BLZ/belize_city-11.graphml,,G-SUBDIV:100,ST-REGIAO,25,R-FRAC:4,0,,belize_city-11.graphml,modelo de rede viária urbana (OSMnx/OpenStreetMap),https://doi.org/10.7910/DVN/KA5HJ3,"G. Boeing, Street network models and indicators for every urban area in the world (Harvard Dataverse, CC0)",não dirigido; aresta de L metros vira caminho com round(L/100) passos (recarga possível a cada 100 m); S e T = interseções nos dois extremos da cidade
urb-mindelo-m25-f4,urbano,"Global Urban Street Networks (Boeing), v3.1",graphml,raw-data/boeing/cabo_verde-CPV/cabo_verde-CPV/mindelo-38.graphml,,G-SUBDIV:100,ST-REGIAO,25,R-FRAC:4,0,,mindelo-38.graphml,modelo de rede viária urbana (OSMnx/OpenStreetMap),https://doi.org/10.7910/DVN/KA5HJ3,"G. Boeing, Street network models and indicators for every urban area in the world (Harvard Dataverse, CC0)",não dirigido; aresta de L metros vira caminho com round(L/100) passos (recarga possível a cada 100 m); S e T = interseções nos dois extremos da cidade
urb-st_helier-m10-f4,urbano,"Global Urban Street Networks (Boeing), v3.1",graphml,raw-data/boeing/jersey-JEY/jersey-JEY/st_helier-59.graphml,,G-SUBDIV:100,ST-REGIAO,10,R-FRAC:4,0,,st_helier-59.graphml,modelo de rede viária urbana (OSMnx/OpenStreetMap),https://doi.org/10.7910/DVN/KA5HJ3,"G. Boeing, Street network models and indicators for every urban area in the world (Harvard Dataverse, CC0)",não dirigido; aresta de L metros vira caminho com round(L/100) passos (recarga possível a cada 100 m); S e T = interseções nos dois extremos da cidade
urb-apia-m25-f2,urbano,"Global Urban Street Networks (Boeing), v3.1",graphml,raw-data/boeing/samoa-WSM/samoa-WSM/apia-1.graphml,,G-SUBDIV:100,ST-REGIAO,25,R-FRAC:2,0,,apia-1.graphml,modelo de rede viária urbana (OSMnx/OpenStreetMap),https://doi.org/10.7910/DVN/KA5HJ3,"G. Boeing, Street network models and indicators for every urban area in the world (Harvard Dataverse, CC0)",não dirigido; aresta de L metros vira caminho com round(L/100) passos (recarga possível a cada 100 m); S e T = interseções nos dois extremos da cidade
urb-apia-m10-f8,urbano,"Global Urban Street Networks (Boeing), v3.1",graphml,raw-data/boeing/samoa-WSM/samoa-WSM/apia-1.graphml,,G-SUBDIV:100,ST-REGIAO,10,R-FRAC:8,0,,apia-1.graphml,modelo de rede viária urbana (OSMnx/OpenStreetMap),https://doi.org/10.7910/DVN/KA5HJ3,"G. Boeing, Street network models and indicators for every urban area in the world (Harvard Dataverse, CC0)",não dirigido; aresta de L metros vira caminho com round(L/100) passos (recarga possível a cada 100 m); S e T = interseções nos dois extremos da cidade
