experiment_id,instance,R,seed,pair_complete,budget_mode,time_limit_s,threads,git_sha,instance_sha256,sem_N_nodes_pre,sem_M_base_pre,sem_A_R_bruto,sem_A_R_final,sem_candidatos_bruto,sem_candidatos_final,sem_grafo_folhas_removidas,sem_candidatos_removidos_alcance,sem_candidatos_removidos_dominancia,sem_candidatos_removidos_total,sem_candidatos_removidos_total_global,sem_arcos_removidos_irrelevantes,sem_arcos_removidos_forcados_zero,sem_A_R_removidos_total,sem_preprocess_iteracoes,sem_preprocess_s,sem_model_build_s,sem_solver_s,sem_runtime_s,sem_vars,sem_cons,sem_model_nonzeros,sem_status,sem_status_name,sem_solcount,sem_LI,sem_LS,sem_gap,sem_gap_pct,sem_nodes,sem_simplex_iterations,sem_barrier_iterations,sem_work_units,sem_timelimit,sem_feasible_like,com_N_nodes_pre,com_M_base_pre,com_A_R_bruto,com_A_R_final,com_candidatos_bruto,com_candidatos_final,com_grafo_folhas_removidas,com_candidatos_removidos_alcance,com_candidatos_removidos_dominancia,com_candidatos_removidos_total,com_candidatos_removidos_total_global,com_arcos_removidos_irrelevantes,com_arcos_removidos_forcados_zero,com_A_R_removidos_total,com_preprocess_iteracoes,com_preprocess_s,com_model_build_s,com_solver_s,com_runtime_s,com_vars,com_cons,com_model_nonzeros,com_status,com_status_name,com_solcount,com_LI,com_LS,com_gap,com_gap_pct,com_nodes,com_simplex_iterations,com_barrier_iterations,com_work_units,com_timelimit,com_feasible_like,reducao_nodes_grafo_pct,reducao_candidatos_pct,reducao_arcos_A_R_pct,reducao_vars_pct,reducao_cons_pct,delta_LI,melhoria_LS,delta_gap_pp,delta_nodes,speedup_runtime,speedup_solver
artigo_preprocess_1200,Barcelona_n930_m2522_st_25.txt,5,0,True,total,1200.0,12,39e60396cec12ffcbeeb9cd795c156dd855ee46d,83ee8413802c47c86dbaaf3db806ede9e35d3dcd8b052999a284a7528a688dcd,930,2522,32648,32648,930,930,0,0,0,0,0,0,0,0,0,0.08462162298383191,0.5654232139931992,623.3759610652924,624.0289284220198,33578,2790,132452,2,OPTIMAL,8,16.0,16.0,0.0,0.0,2184,1153342.0,0.0,203.7887393294199,False,True,919,2500,32454,32378,919,914,11,2,3,5,16,44,32,76,2,1.1599763780250214,0.6419775219983421,797.2092130184174,799.0179954320192,33292,2757,131340,2,OPTIMAL,9,16.0,16.0,0.0,0.0,2113,1070419.0,0.0,253.26959247959223,False,True,1.1827956989247312,1.7204301075268817,0.8270031854937515,0.8517481684436238,1.1827956989247312,0.0,0.0,0.0,-71.0,0.7809948361483586,0.781947763379512
artigo_preprocess_1200,Barcelona_n930_m2522_st_50.txt,6,0,True,total,1200.0,12,39e60396cec12ffcbeeb9cd795c156dd855ee46d,d82b3230df0e74d79e46c80bee08c94ea2c5c0b2282ff8a9afc5eed453e21e25,930,2522,48353,48353,930,930,0,0,0,0,0,0,0,0,0,0.14694161200895905,0.7483424150268547,1199.1590690612793,1198.2563745450461,49283,2790,195272,9,TIME_LIMIT,7,10.0,15.0,0.3333333333333333,33.33333333333333,5081,1490259.0,0.0,465.3384720327976,True,True,927,2516,48283,48200,927,923,3,2,2,4,7,60,23,83,2,0.595252673025243,0.5307403819751926,1199.0335898399353,1200.1662011860171,49123,2781,194646,9,TIME_LIMIT,7,10.0,15.0,0.3333333333333333,33.33333333333333,6941,1696436.0,0.0,497.31196942445825,True,True,0.3225806451612903,0.7526881720430108,0.3164229727214444,0.3246555607410263,0.3225806451612903,0.0,0.0,0.0,1860.0,0.9984086981960635,1.0001046502970452
artigo_preprocess_1200,Philadelphia_n800_m2404_st_25.txt,3,0,True,total,1200.0,12,39e60396cec12ffcbeeb9cd795c156dd855ee46d,7ec1195af1f8cfabcdba9e002f4cc40991454ce413d39f08e82199eacc606ab7,800,2404,9837,9837,800,800,0,0,0,0,0,0,0,0,0,0.016874093969818205,0.12936550902668387,1199.9615528583527,1200.1093628919916,10637,2400,40948,9,TIME_LIMIT,8,40.0,47.0,0.14893617021276595,14.893617021276595,13513,7728356.0,0.0,517.6405565276765,True,True,741,2289,9445,9197,741,707,59,1,33,34,93,7,241,248,5,0.6400539839523844,0.14769976498791948,1199.3069469928741,1200.096675281995,9904,2223,38202,9,TIME_LIMIT,10,40.0,46.0,0.13043478260869565,13.043478260869565,11513,5700003.0,0.0,491.4836596196728,True,True,7.375,11.625,6.506048592050422,6.89104070696625,7.375,0.0,1.0,-1.850138760407031,-2000.0,1.0000105721566086,1.00054582012313
artigo_preprocess_1200,bip42p.txt,200,0,True,total,1200.0,12,39e60396cec12ffcbeeb9cd795c156dd855ee46d,fffb7ecf020b319efd8d99a55da1a90b76dd64d154b27d9a6e5c31aedd7236b5,1200,7964,7964,7964,1200,1200,0,0,0,0,0,0,0,0,0,0.04102408897597343,0.21752726298291236,1199.7555050849915,1200.016427937022,9164,3600,34256,9,TIME_LIMIT,10,33.0,46.0,0.2826086956521739,28.26086956521739,1545,4137148.0,0.0,467.13876046055225,True,True,1152,7868,7868,7682,1152,1106,48,0,46,46,94,0,186,186,2,1.4128203769796528,0.3729112589498982,1198.2458879947662,1200.036256454012,8788,3456,32940,9,TIME_LIMIT,10,33.0,49.0,0.32653061224489793,32.6530612244898,1241,3466648.0,0.0,459.54205106196554,True,True,4.0,7.833333333333333,3.5409342039176295,4.1030117852466175,4.0,0.0,-3.0,4.392191659272406,-304.0,0.9999834767350708,1.0012598558487453
artigo_preprocess_1200,cc10-2p.txt,500,0,True,total,1200.0,12,39e60396cec12ffcbeeb9cd795c156dd855ee46d,ae70e45521ed4138e654f86a8c9b071ee5cc9f19dc78bd37ec15063741cdcde6,1024,10240,339124,339124,1024,1024,0,0,0,0,0,0,0,0,0,2.129295594000723,4.792701030033641,1193.68404006958,1200.63384783105,340148,3072,1358544,9,TIME_LIMIT,7,1.0,3.0,0.6666666666666666,66.66666666666666,4992,261859.0,0.0,408.30323281185883,True,True,1024,10240,339124,339124,1024,1024,0,0,0,0,0,0,0,0,1,2.2285022719879635,3.0726770750479773,1194.8407351970673,1200.163523553987,340148,3072,1358544,9,TIME_LIMIT,7,1.0,3.0,0.6666666666666666,66.66666666666666,5204,281125.0,0.0,459.47779295385527,True,True,0.0,0.0,0.0,0.0,0.0,0.0,0.0,0.0,212.0,1.0003918834957342,0.9990319252655071
artigo_preprocess_1200,cc12-2p.txt,500,0,True,total,1200.0,12,39e60396cec12ffcbeeb9cd795c156dd855ee46d,480ac0727ec74850c4c629e6a2ca3e8542a04aecb74f771eafb665c36800fb20,4096,49148,2795100,2795100,4096,4096,0,0,0,0,0,0,0,0,0,11.090733741992153,26.43529655400198,1162.6783900260925,1200.305634142016,2799196,12288,11188592,9,TIME_LIMIT,6,1.0,7.0,0.8571428571428571,85.71428571428571,1,1939904.0,0.0,468.2594171556267,True,True,4096,49148,2795100,2795100,4096,4096,0,0,0,0,0,0,0,0,1,25.068999466020614,26.830330559052527,1148.2496299743652,1200.298817451985,2799196,12288,11188592,9,TIME_LIMIT,6,1.0,7.0,0.8571428571428571,85.71428571428571,1,1939904.0,0.0,465.8906638040207,True,True,0.0,0.0,0.0,0.0,0.0,0.0,0.0,0.0,0.0,1.0000056791608323,1.0125658738962968
artigo_preprocess_1200,cc12-2u.txt,2,0,True,total,1200.0,12,39e60396cec12ffcbeeb9cd795c156dd855ee46d,48f80f2089538eeb47fc743bb28c0c17dd8d10c99f5ce1fbb167a1837204bcb9,4096,49148,256874,256874,4096,4096,0,0,0,0,0,0,0,0,0,0.6557701060082763,3.1084844670258462,1212.5113248825073,1216.286689666973,260970,12288,1035688,9,TIME_LIMIT,10,5.0,219.0,0.9771689497716894,97.71689497716895,1,205142.0,0.0,444.3232991602206,True,True,4096,49148,256874,256874,4096,4096,0,0,0,0,0,0,0,0,1,6.85769632604206,2.355370932025835,1209.2116310596466,1218.4386510250042,260970,12288,1035688,9,TIME_LIMIT,10,5.0,219.0,0.9771689497716894,97.71689497716895,1,205142.0,0.0,444.3232991602206,True,True,0.0,0.0,0.0,0.0,0.0,0.0,0.0,0.0,0.0,0.9982338369221783,1.0027287976216117
artigo_preprocess_1200,hc10p.txt,150,0,True,total,1200.0,12,39e60396cec12ffcbeeb9cd795c156dd855ee46d,8cd73be105f57ab1ca33bad09190eacd48d2ad1463037b62e8c706b75d775168,1024,10240,10240,10240,1024,1024,0,0,0,0,0,0,0,0,0,0.022540271980687976,0.10427557304501534,1199.961170911789,1200.0895906509832,11264,3072,43008,9,TIME_LIMIT,10,51.0,88.0,0.42045454545454547,42.04545454545455,40,836851.0,0.0,584.3788828501629,True,True,1024,10240,10240,10240,1024,1024,0,0,0,0,0,0,0,0,1,0.7174395489855669,0.4881139220087789,1198.8650650978088,1200.0725134149543,11264,3072,43008,9,TIME_LIMIT,10,51.0,88.0,0.42045454545454547,42.04545454545455,40,836851.0,0.0,580.137252928946,True,True,0.0,0.0,0.0,0.0,0.0,0.0,0.0,0.0,0.0,1.0000142301701256,1.000914286224439
artigo_preprocess_1200,hc11p.txt,150,0,True,total,1200.0,12,39e60396cec12ffcbeeb9cd795c156dd855ee46d,7d4c55a4deb37ffc5f5675ea2d189a20090fdc9e6dea1fc8a64298405542a2e5,2048,22528,22528,22528,2048,2048,0,0,0,0,0,0,0,0,0,0.04824535397347063,0.242652437009383,1199.7262599468231,1200.0188755299896,24576,6144,94208,9,TIME_LIMIT,10,87.0,170.0,0.48823529411764705,48.8235294117647,1,507571.0,0.0,579.1312682909245,True,True,2048,22528,22528,22528,2048,2048,0,0,0,0,0,0,0,0,1,2.729093906003982,0.2907371440087445,1197.003103017807,1200.0257584810024,24576,6144,94208,9,TIME_LIMIT,10,87.0,170.0,0.48823529411764705,48.8235294117647,1,507571.0,0.0,580.7451305411689,True,True,0.0,0.0,0.0,0.0,0.0,0.0,0.0,0.0,0.0,0.9999942643306078,1.0022749790056105
artigo_preprocess_1200,hc12p.txt,150,0,True,total,1200.0,12,39e60396cec12ffcbeeb9cd795c156dd855ee46d,01ed34bb2b99500b148617b54b7f0502d595624243e21e5be9818194a668ebda,4096,49152,49152,49152,4096,4096,0,0,0,0,0,0,0,0,0,0.14093111001420766,0.5971778910025023,1199.323791027069,1200.06501415401,53248,12288,204800,9,TIME_LIMIT,10,39.0,349.0,0.8882521489971347,88.82521489971347,1,318956.0,0.0,548.0238203762389,True,True,4096,49152,49152,49152,4096,4096,0,0,0,0,0,0,0,0,1,10.805987706989981,0.5332746680360287,1188.735825061798,1200.0799061130383,53248,12288,204800,9,TIME_LIMIT,10,39.0,349.0,0.8882521489971347,88.82521489971347,1,316808.0,0.0,541.9397330450859,True,True,0.0,0.0,0.0,0.0,0.0,0.0,0.0,0.0,0.0,0.9999875908604482,1.00890691248808
artigo_preprocess_1200,hc9u.txt,1,0,True,total,1200.0,12,39e60396cec12ffcbeeb9cd795c156dd855ee46d,1f2d51b5734e6b7118a1c4a15144760b763b5e1cf51e6c7d6b84bef2a80e04e0,512,4608,4608,4608,512,512,0,0,0,0,0,0,0,0,0,0.009737821004819125,0.047070678032469004,1199.970613002777,1200.0285283830017,5120,1536,19456,9,TIME_LIMIT,10,28.0,45.0,0.37777777777777777,37.77777777777778,1078,4351776.0,0.0,614.4841641249162,True,True,512,4608,4608,4608,512,512,0,0,0,0,0,0,0,0,1,0.19009614299284294,0.047572467010468245,1199.7858679294586,1200.0249614020577,5120,1536,19456,9,TIME_LIMIT,10,28.0,45.0,0.37777777777777777,37.77777777777778,1015,4122125.0,0.0,604.3219947124826,True,True,0.0,0.0,0.0,0.0,0.0,0.0,0.0,0.0,-63.0,1.00000297242229,1.000153981704783
artigo_preprocess_1200,lin23.txt,500,0,True,total,1200.0,12,39e60396cec12ffcbeeb9cd795c156dd855ee46d,4735f1f68ae0d94bed5c3a760288b2e044334ab89728278505efb4621bde0c5d,3716,13500,565174,565174,3716,3716,0,0,0,0,0,0,0,0,0,1.0137293600128032,4.887239536968991,1194.8325989246368,1200.7516047970275,568890,11148,2268128,9,TIME_LIMIT,7,2.0,17.0,0.8823529411764706,88.23529411764706,152,1201421.0,0.0,581.5627361288009,True,True,3716,13500,565174,565140,3716,3715,0,0,1,1,1,0,34,34,2,10.078360786021221,5.007915021968074,1184.97429895401,1200.0885653420119,568855,11148,2267990,9,TIME_LIMIT,7,2.0,17.0,0.8823529411764706,88.23529411764706,1,318010.0,0.0,667.301237143105,True,True,0.0,0.02691065662002153,0.0060158464472888,0.006152331733727082,0.0,0.0,0.0,0.0,-151.0,1.000552492102803,1.0083194209185202
