experiment_id,run_id,timestamp_utc,variant,seed,threads,python_hash_seed,budget_mode,time_limit_s,solver_time_limit_s,git_sha,instance_sha256,gurobi_version,hostname,platform,instance,R,N_nodes_original,M_base_original,VI_original,N_nodes_pre,M_base_pre,A_R_bruto,A_R_final,m,candidatos_bruto,candidatos_final,grafo_folhas_removidas,grafo_grau2_diag,candidatos_removidos_alcance,candidatos_removidos_dominancia,candidatos_removidos_total,arcos_removidos_irrelevantes,arcos_removidos_forcados_zero,A_R_removidos_total,preprocess_iteracoes,preprocess_s,solver_s,diag_eq_classes,diag_eq_candidatos,diag_eq_maior_classe,diag_qdom_90,diag_qdom_95,diag_qdom_99,diag_global_classes,diag_global_candidatos,diag_global_maior_classe,vars,cons,status,solcount,LI,LS,gap,runtime_s,nodes,timelimit,feasible_like,status_name,gap_pct,preprocess_wall_s,model_build_s,solver_log_path,preprocess_log_path,timeseries_csv_path,plot_png_path,simplex_iterations,barrier_iterations,work_units,model_nonzeros,model_fingerprint,candidatos_removidos_total_global,erro
artigo_estrategias_isoladas_1200,artigo_estrategias_isoladas_1200__Barcelona_n930_m2522_st_15__R24__seed0__somente_folhas,2026-08-26T03:15:24+00:00,somente_folhas,0,12,0,total,1200.0,1192.1254931529984,39e60396cec12ffcbeeb9cd795c156dd855ee46d,6837455a0cb3b33f79b15fe3bdb343eb1f50f19e8866c5796ee8034961ab6bde,12.0.3,eliel-A50i,Linux-6.8.0-136-generic-x86_64-with-glibc2.39,Barcelona_n930_m2522_st_15.txt,24,930,2522,900,915,2492,614987,614987,15,915,915,15,51,0,0,0,0,0,0,0,2.1024653190397657,16.89074683189392,,,,,,,,,,615902,2745,2,3,1.0,1.0,0.0,24.766575138957705,1,False,True,OPTIMAL,0.0,2.128843216050882,5.7448802390135825,experimentos_preprocess/artigo_estrategias_isoladas_1200/somente_folhas/solver_logs/artigo_estrategias_isoladas_1200__Barcelona_n930_m2522_st_15__R24__seed0__somente_folhas.log,experimentos_preprocess/artigo_estrategias_isoladas_1200/somente_folhas/preprocess_logs/Barcelona_n930_m2522_st_15.txt__R24__preprocess.log,experimentos_preprocess/artigo_estrategias_isoladas_1200/somente_folhas/timeseries/Barcelona_n930_m2522_st_15.txt__R24__timeseries__seed0__somente_folhas.csv,experimentos_preprocess/artigo_estrategias_isoladas_1200/somente_folhas/plots/Barcelona_n930_m2522_st_15.txt__R24__lb_ub__seed0__somente_folhas.png,818.0,0.0,5.278980007465011,2461778,1898429898,15,
artigo_estrategias_isoladas_1200,artigo_estrategias_isoladas_1200__Barcelona_n930_m2522_st_15__R24__seed0__somente_alcance,2026-08-26T03:15:48+00:00,somente_alcance,0,12,0,total,1200.0,1190.5087330089882,39e60396cec12ffcbeeb9cd795c156dd855ee46d,6837455a0cb3b33f79b15fe3bdb343eb1f50f19e8866c5796ee8034961ab6bde,12.0.3,eliel-A50i,Linux-6.8.0-136-generic-x86_64-with-glibc2.39,Barcelona_n930_m2522_st_15.txt,24,930,2522,900,930,2522,629472,628934,15,930,929,0,,1,0,1,538,0,538,2,3.8568361390498467,13.42569088935852,,,,,,,,,,629863,2790,2,3,1.0,1.0,0.0,22.918257738056127,1,False,True,OPTIMAL,0.0,3.899492093012668,5.5911930410075,experimentos_preprocess/artigo_estrategias_isoladas_1200/somente_alcance/solver_logs/artigo_estrategias_isoladas_1200__Barcelona_n930_m2522_st_15__R24__seed0__somente_alcance.log,experimentos_preprocess/artigo_estrategias_isoladas_1200/somente_alcance/preprocess_logs/Barcelona_n930_m2522_st_15.txt__R24__preprocess.log,experimentos_preprocess/artigo_estrategias_isoladas_1200/somente_alcance/timeseries/Barcelona_n930_m2522_st_15.txt__R24__timeseries__seed0__somente_alcance.csv,experimentos_preprocess/artigo_estrategias_isoladas_1200/somente_alcance/plots/Barcelona_n930_m2522_st_15.txt__R24__lb_ub__seed0__somente_alcance.png,2560.0,0.0,4.915455447732396,2517594,750089410,1,
artigo_estrategias_isoladas_1200,artigo_estrategias_isoladas_1200__Barcelona_n930_m2522_st_15__R24__seed0__somente_dominancia,2026-08-26T03:16:11+00:00,somente_dominancia,0,12,0,total,1200.0,1190.8452587450156,39e60396cec12ffcbeeb9cd795c156dd855ee46d,6837455a0cb3b33f79b15fe3bdb343eb1f50f19e8866c5796ee8034961ab6bde,12.0.3,eliel-A50i,Linux-6.8.0-136-generic-x86_64-with-glibc2.39,Barcelona_n930_m2522_st_15.txt,24,930,2522,900,930,2522,629472,629472,15,930,930,0,,0,0,0,0,0,0,1,3.185125050949864,13.669409990310669,,,,,,,,,,630402,2790,2,3,1.0,1.0,0.0,22.825209771981463,1,False,True,OPTIMAL,0.0,3.215623955009505,5.938429631001782,experimentos_preprocess/artigo_estrategias_isoladas_1200/somente_dominancia/solver_logs/artigo_estrategias_isoladas_1200__Barcelona_n930_m2522_st_15__R24__seed0__somente_dominancia.log,experimentos_preprocess/artigo_estrategias_isoladas_1200/somente_dominancia/preprocess_logs/Barcelona_n930_m2522_st_15.txt__R24__preprocess.log,experimentos_preprocess/artigo_estrategias_isoladas_1200/somente_dominancia/timeseries/Barcelona_n930_m2522_st_15.txt__R24__timeseries__seed0__somente_dominancia.csv,experimentos_preprocess/artigo_estrategias_isoladas_1200/somente_dominancia/plots/Barcelona_n930_m2522_st_15.txt__R24__lb_ub__seed0__somente_dominancia.png,2560.0,0.0,5.021164836470575,2519748,-1933970757,0,
artigo_estrategias_isoladas_1200,artigo_estrategias_isoladas_1200__Barcelona_n930_m2522_st_25__R5__seed0__somente_folhas,2026-08-26T03:25:12+00:00,somente_folhas,0,12,0,total,1200.0,1199.6454789100098,39e60396cec12ffcbeeb9cd795c156dd855ee46d,83ee8413802c47c86dbaaf3db806ede9e35d3dcd8b052999a284a7528a688dcd,12.0.3,eliel-A50i,Linux-6.8.0-136-generic-x86_64-with-glibc2.39,Barcelona_n930_m2522_st_25.txt,5,930,2522,880,919,2500,32454,32454,25,919,919,11,45,0,0,0,0,0,0,0,0.1180806320044212,540.5689570903778,,,,,,,,,,33373,2757,2,10,16.0,16.0,0.0,540.9242582049919,2117,False,True,OPTIMAL,0.0,0.11942870798520744,0.23465668398421258,experimentos_preprocess/artigo_estrategias_isoladas_1200/somente_folhas/solver_logs/artigo_estrategias_isoladas_1200__Barcelona_n930_m2522_st_25__R5__seed0__somente_folhas.log,experimentos_preprocess/artigo_estrategias_isoladas_1200/somente_folhas/preprocess_logs/Barcelona_n930_m2522_st_25.txt__R5__preprocess.log,experimentos_preprocess/artigo_estrategias_isoladas_1200/somente_folhas/timeseries/Barcelona_n930_m2522_st_25.txt__R5__timeseries__seed0__somente_folhas.csv,experimentos_preprocess/artigo_estrategias_isoladas_1200/somente_folhas/plots/Barcelona_n930_m2522_st_25.txt__R5__lb_ub__seed0__somente_folhas.png,1157901.0,0.0,219.8039700367332,131654,-653560106,11,
artigo_estrategias_isoladas_1200,artigo_estrategias_isoladas_1200__Barcelona_n930_m2522_st_25__R5__seed0__somente_alcance,2026-08-26T03:44:10+00:00,somente_alcance,0,12,0,total,1200.0,1198.9243908129865,39e60396cec12ffcbeeb9cd795c156dd855ee46d,83ee8413802c47c86dbaaf3db806ede9e35d3dcd8b052999a284a7528a688dcd,12.0.3,eliel-A50i,Linux-6.8.0-136-generic-x86_64-with-glibc2.39,Barcelona_n930_m2522_st_25.txt,5,930,2522,880,930,2522,32648,32604,25,930,928,0,,2,0,2,44,0,44,2,0.21228516002884135,1136.2170569896698,,,,,,,,,,33532,2790,2,8,16.0,16.0,0.0,1137.2942617459921,12961,False,True,OPTIMAL,0.0,0.21659555396763608,0.8583364369696938,experimentos_preprocess/artigo_estrategias_isoladas_1200/somente_alcance/solver_logs/artigo_estrategias_isoladas_1200__Barcelona_n930_m2522_st_25__R5__seed0__somente_alcance.log,experimentos_preprocess/artigo_estrategias_isoladas_1200/somente_alcance/preprocess_logs/Barcelona_n930_m2522_st_25.txt__R5__preprocess.log,experimentos_preprocess/artigo_estrategias_isoladas_1200/somente_alcance/timeseries/Barcelona_n930_m2522_st_25.txt__R5__timeseries__seed0__somente_alcance.csv,experimentos_preprocess/artigo_estrategias_isoladas_1200/somente_alcance/plots/Barcelona_n930_m2522_st_25.txt__R5__lb_ub__seed0__somente_alcance.png,3274977.0,0.0,474.6953769472972,132272,866465037,2,
artigo_estrategias_isoladas_1200,artigo_estrategias_isoladas_1200__Barcelona_n930_m2522_st_25__R5__seed0__somente_dominancia,2026-08-26T03:51:00+00:00,somente_dominancia,0,12,0,total,1200.0,1199.0773743109894,39e60396cec12ffcbeeb9cd795c156dd855ee46d,83ee8413802c47c86dbaaf3db806ede9e35d3dcd8b052999a284a7528a688dcd,12.0.3,eliel-A50i,Linux-6.8.0-136-generic-x86_64-with-glibc2.39,Barcelona_n930_m2522_st_25.txt,5,930,2522,880,930,2522,32648,32591,25,930,926,0,,0,4,4,0,57,57,2,0.576355985016562,409.2509560585022,,,,,,,,,,33517,2790,2,7,16.0,16.0,0.0,410.1743807760067,2203,False,True,OPTIMAL,0.0,0.5772808380424976,0.3450496530276723,experimentos_preprocess/artigo_estrategias_isoladas_1200/somente_dominancia/solver_logs/artigo_estrategias_isoladas_1200__Barcelona_n930_m2522_st_25__R5__seed0__somente_dominancia.log,experimentos_preprocess/artigo_estrategias_isoladas_1200/somente_dominancia/preprocess_logs/Barcelona_n930_m2522_st_25.txt__R5__preprocess.log,experimentos_preprocess/artigo_estrategias_isoladas_1200/somente_dominancia/timeseries/Barcelona_n930_m2522_st_25.txt__R5__timeseries__seed0__somente_dominancia.csv,experimentos_preprocess/artigo_estrategias_isoladas_1200/somente_dominancia/plots/Barcelona_n930_m2522_st_25.txt__R5__lb_ub__seed0__somente_dominancia.png,930970.0,0.0,170.6089974902066,132216,1909447671,4,
artigo_estrategias_isoladas_1200,artigo_estrategias_isoladas_1200__Barcelona_n930_m2522_st_50__R6__seed0__somente_folhas,2026-08-26T04:11:01+00:00,somente_folhas,0,12,0,total,1200.0,1199.4741841210052,39e60396cec12ffcbeeb9cd795c156dd855ee46d,d82b3230df0e74d79e46c80bee08c94ea2c5c0b2282ff8a9afc5eed453e21e25,12.0.3,eliel-A50i,Linux-6.8.0-136-generic-x86_64-with-glibc2.39,Barcelona_n930_m2522_st_50.txt,6,930,2522,830,927,2516,48283,48283,50,927,927,3,33,0,0,0,0,0,0,0,0.17288271500729024,1199.5538539886475,,,,,,,,,,49210,2781,9,7,9.0,15.0,0.4,1200.0805192909902,9505,True,True,TIME_LIMIT,40.0,0.17454283498227596,0.35090823099017143,experimentos_preprocess/artigo_estrategias_isoladas_1200/somente_folhas/solver_logs/artigo_estrategias_isoladas_1200__Barcelona_n930_m2522_st_50__R6__seed0__somente_folhas.log,experimentos_preprocess/artigo_estrategias_isoladas_1200/somente_folhas/preprocess_logs/Barcelona_n930_m2522_st_50.txt__R6__preprocess.log,experimentos_preprocess/artigo_estrategias_isoladas_1200/somente_folhas/timeseries/Barcelona_n930_m2522_st_50.txt__R6__timeseries__seed0__somente_folhas.csv,experimentos_preprocess/artigo_estrategias_isoladas_1200/somente_folhas/plots/Barcelona_n930_m2522_st_50.txt__R6__lb_ub__seed0__somente_folhas.png,2426105.0,0.0,466.47633742045826,194986,-1187500433,3,
artigo_estrategias_isoladas_1200,artigo_estrategias_isoladas_1200__Barcelona_n930_m2522_st_50__R6__seed0__somente_alcance,2026-08-26T04:31:01+00:00,somente_alcance,0,12,0,total,1200.0,1199.1913714080001,39e60396cec12ffcbeeb9cd795c156dd855ee46d,d82b3230df0e74d79e46c80bee08c94ea2c5c0b2282ff8a9afc5eed453e21e25,12.0.3,eliel-A50i,Linux-6.8.0-136-generic-x86_64-with-glibc2.39,Barcelona_n930_m2522_st_50.txt,6,930,2522,830,930,2522,48353,48293,50,930,928,0,,2,0,2,60,0,60,2,0.3379161750199273,1199.4572649002075,,,,,,,,,,49221,2790,9,7,10.0,14.0,0.2857142857142857,1200.2668088560458,4260,True,True,TIME_LIMIT,28.57142857142857,0.34205032204044983,0.465714230958838,experimentos_preprocess/artigo_estrategias_isoladas_1200/somente_alcance/solver_logs/artigo_estrategias_isoladas_1200__Barcelona_n930_m2522_st_50__R6__seed0__somente_alcance.log,experimentos_preprocess/artigo_estrategias_isoladas_1200/somente_alcance/preprocess_logs/Barcelona_n930_m2522_st_50.txt__R6__preprocess.log,experimentos_preprocess/artigo_estrategias_isoladas_1200/somente_alcance/timeseries/Barcelona_n930_m2522_st_50.txt__R6__timeseries__seed0__somente_alcance.csv,experimentos_preprocess/artigo_estrategias_isoladas_1200/somente_alcance/plots/Barcelona_n930_m2522_st_50.txt__R6__lb_ub__seed0__somente_alcance.png,1524222.0,0.0,504.78282459392017,195028,-459407067,2,
artigo_estrategias_isoladas_1200,artigo_estrategias_isoladas_1200__Barcelona_n930_m2522_st_50__R6__seed0__somente_dominancia,2026-08-26T04:51:02+00:00,somente_dominancia,0,12,0,total,1200.0,1198.8805663260282,39e60396cec12ffcbeeb9cd795c156dd855ee46d,d82b3230df0e74d79e46c80bee08c94ea2c5c0b2282ff8a9afc5eed453e21e25,12.0.3,eliel-A50i,Linux-6.8.0-136-generic-x86_64-with-glibc2.39,Barcelona_n930_m2522_st_50.txt,6,930,2522,830,930,2522,48353,48301,50,930,927,0,,0,3,3,0,52,52,2,0.6577144770417362,1198.943365097046,,,,,,,,,,49228,2790,9,6,9.0,15.0,0.4,1200.0638959399657,9518,True,True,TIME_LIMIT,40.0,0.6593648070120253,0.4596490460098721,experimentos_preprocess/artigo_estrategias_isoladas_1200/somente_dominancia/solver_logs/artigo_estrategias_isoladas_1200__Barcelona_n930_m2522_st_50__R6__seed0__somente_dominancia.log,experimentos_preprocess/artigo_estrategias_isoladas_1200/somente_dominancia/preprocess_logs/Barcelona_n930_m2522_st_50.txt__R6__preprocess.log,experimentos_preprocess/artigo_estrategias_isoladas_1200/somente_dominancia/timeseries/Barcelona_n930_m2522_st_50.txt__R6__timeseries__seed0__somente_dominancia.csv,experimentos_preprocess/artigo_estrategias_isoladas_1200/somente_dominancia/plots/Barcelona_n930_m2522_st_50.txt__R6__lb_ub__seed0__somente_dominancia.png,2842286.0,0.0,469.77717663396584,195058,-276225890,3,
artigo_estrategias_isoladas_1200,artigo_estrategias_isoladas_1200__Chicago_n400_m1130_st10__R9__seed0__somente_folhas,2026-08-26T04:51:22+00:00,somente_folhas,0,12,0,total,1200.0,1199.8519571839715,39e60396cec12ffcbeeb9cd795c156dd855ee46d,0a58dbe57b3c73f141d6dee531eb8f1063fc228dcfe3670a3bd1bb6f2e0785c6,12.0.3,eliel-A50i,Linux-6.8.0-136-generic-x86_64-with-glibc2.39,Chicago_n400_m1130_st10.txt,9,400,1130,380,371,1074,14076,14076,10,371,371,29,73,0,0,0,0,0,0,0,0.04080731398425996,19.4998939037323,,,,,,,,,,14447,1113,2,5,10.0,10.0,0.0,19.64870244404301,1,False,True,OPTIMAL,0.0,0.04149806697387248,0.10613043699413538,experimentos_preprocess/artigo_estrategias_isoladas_1200/somente_folhas/solver_logs/artigo_estrategias_isoladas_1200__Chicago_n400_m1130_st10__R9__seed0__somente_folhas.log,experimentos_preprocess/artigo_estrategias_isoladas_1200/somente_folhas/preprocess_logs/Chicago_n400_m1130_st10.txt__R9__preprocess.log,experimentos_preprocess/artigo_estrategias_isoladas_1200/somente_folhas/timeseries/Chicago_n400_m1130_st10.txt__R9__timeseries__seed0__somente_folhas.csv,experimentos_preprocess/artigo_estrategias_isoladas_1200/somente_folhas/plots/Chicago_n400_m1130_st10.txt__R9__lb_ub__seed0__somente_folhas.png,31267.0,0.0,4.8208838540772065,57046,-636163075,29,
artigo_estrategias_isoladas_1200,artigo_estrategias_isoladas_1200__Chicago_n400_m1130_st10__R9__seed0__somente_alcance,2026-08-26T04:51:40+00:00,somente_alcance,0,12,0,total,1200.0,1199.7430330999778,39e60396cec12ffcbeeb9cd795c156dd855ee46d,0a58dbe57b3c73f141d6dee531eb8f1063fc228dcfe3670a3bd1bb6f2e0785c6,12.0.3,eliel-A50i,Linux-6.8.0-136-generic-x86_64-with-glibc2.39,Chicago_n400_m1130_st10.txt,9,400,1130,380,400,1130,15471,15451,10,400,396,0,,4,0,4,20,0,20,2,0.11276027304120362,17.92226791381836,,,,,,,,,,15847,1200,2,7,10.0,10.0,0.0,18.180187750025652,1,False,True,OPTIMAL,0.0,0.11544848699122667,0.14029683597618714,experimentos_preprocess/artigo_estrategias_isoladas_1200/somente_alcance/solver_logs/artigo_estrategias_isoladas_1200__Chicago_n400_m1130_st10__R9__seed0__somente_alcance.log,experimentos_preprocess/artigo_estrategias_isoladas_1200/somente_alcance/preprocess_logs/Chicago_n400_m1130_st10.txt__R9__preprocess.log,experimentos_preprocess/artigo_estrategias_isoladas_1200/somente_alcance/timeseries/Chicago_n400_m1130_st10.txt__R9__timeseries__seed0__somente_alcance.csv,experimentos_preprocess/artigo_estrategias_isoladas_1200/somente_alcance/plots/Chicago_n400_m1130_st10.txt__R9__lb_ub__seed0__somente_alcance.png,25613.0,0.0,4.757827323426185,62596,-891143370,4,
artigo_estrategias_isoladas_1200,artigo_estrategias_isoladas_1200__Chicago_n400_m1130_st10__R9__seed0__somente_dominancia,2026-08-26T04:52:42+00:00,somente_dominancia,0,12,0,total,1200.0,1199.6427281130455,39e60396cec12ffcbeeb9cd795c156dd855ee46d,0a58dbe57b3c73f141d6dee531eb8f1063fc228dcfe3670a3bd1bb6f2e0785c6,12.0.3,eliel-A50i,Linux-6.8.0-136-generic-x86_64-with-glibc2.39,Chicago_n400_m1130_st10.txt,9,400,1130,380,400,1130,15471,15239,10,400,385,0,,0,15,15,0,232,232,2,0.17209986998932436,60.81983494758606,,,,,,,,,,15624,1200,2,6,10.0,10.0,0.0,61.17883028095821,2099,False,True,OPTIMAL,0.0,0.17280404700431973,0.18407361599383876,experimentos_preprocess/artigo_estrategias_isoladas_1200/somente_dominancia/solver_logs/artigo_estrategias_isoladas_1200__Chicago_n400_m1130_st10__R9__seed0__somente_dominancia.log,experimentos_preprocess/artigo_estrategias_isoladas_1200/somente_dominancia/preprocess_logs/Chicago_n400_m1130_st10.txt__R9__preprocess.log,experimentos_preprocess/artigo_estrategias_isoladas_1200/somente_dominancia/timeseries/Chicago_n400_m1130_st10.txt__R9__timeseries__seed0__somente_dominancia.csv,experimentos_preprocess/artigo_estrategias_isoladas_1200/somente_dominancia/plots/Chicago_n400_m1130_st10.txt__R9__lb_ub__seed0__somente_dominancia.png,201754.0,0.0,17.841769265237954,61726,-591304677,15,
artigo_estrategias_isoladas_1200,artigo_estrategias_isoladas_1200__Chicago_n400_m1130_st15__R26__seed0__somente_folhas,2026-08-26T04:52:44+00:00,somente_folhas,0,12,0,total,1200.0,1199.1156645489973,39e60396cec12ffcbeeb9cd795c156dd855ee46d,985da2dca00e86fee905ae9864cb6b30d9daf189bedfe99a34589bc8e26f6854,12.0.3,eliel-A50i,Linux-6.8.0-136-generic-x86_64-with-glibc2.39,Chicago_n400_m1130_st15.txt,26,400,1130,370,381,1094,73594,73594,15,381,381,19,70,0,0,0,0,0,0,0,0.24868744902778417,0.7567300796508789,,,,,,,,,,73975,1143,2,2,0.0,0.0,0.0,1.6419814960099757,1,False,True,OPTIMAL,0.0,0.2511677949805744,0.6327741079730913,experimentos_preprocess/artigo_estrategias_isoladas_1200/somente_folhas/solver_logs/artigo_estrategias_isoladas_1200__Chicago_n400_m1130_st15__R26__seed0__somente_folhas.log,experimentos_preprocess/artigo_estrategias_isoladas_1200/somente_folhas/preprocess_logs/Chicago_n400_m1130_st15.txt__R26__preprocess.log,experimentos_preprocess/artigo_estrategias_isoladas_1200/somente_folhas/timeseries/Chicago_n400_m1130_st15.txt__R26__timeseries__seed0__somente_folhas.csv,experimentos_preprocess/artigo_estrategias_isoladas_1200/somente_folhas/plots/Chicago_n400_m1130_st15.txt__R26__lb_ub__seed0__somente_folhas.png,157.0,0.0,0.4628557136558507,295138,1562883937,19,
artigo_estrategias_isoladas_1200,artigo_estrategias_isoladas_1200__Chicago_n400_m1130_st15__R26__seed0__somente_alcance,2026-08-26T04:52:46+00:00,somente_alcance,0,12,0,total,1200.0,1198.8508449739893,39e60396cec12ffcbeeb9cd795c156dd855ee46d,985da2dca00e86fee905ae9864cb6b30d9daf189bedfe99a34589bc8e26f6854,12.0.3,eliel-A50i,Linux-6.8.0-136-generic-x86_64-with-glibc2.39,Chicago_n400_m1130_st15.txt,26,400,1130,370,400,1130,80019,79729,15,400,398,0,,2,0,2,290,0,290,2,0.4512524890014902,0.7690961360931396,,,,,,,,,,80127,1200,2,2,0.0,0.0,0.0,1.9191637999610975,1,False,True,OPTIMAL,0.0,0.45772150496486574,0.6907502489630133,experimentos_preprocess/artigo_estrategias_isoladas_1200/somente_alcance/solver_logs/artigo_estrategias_isoladas_1200__Chicago_n400_m1130_st15__R26__seed0__somente_alcance.log,experimentos_preprocess/artigo_estrategias_isoladas_1200/somente_alcance/preprocess_logs/Chicago_n400_m1130_st15.txt__R26__preprocess.log,experimentos_preprocess/artigo_estrategias_isoladas_1200/somente_alcance/timeseries/Chicago_n400_m1130_st15.txt__R26__timeseries__seed0__somente_alcance.csv,experimentos_preprocess/artigo_estrategias_isoladas_1200/somente_alcance/plots/Chicago_n400_m1130_st15.txt__R26__lb_ub__seed0__somente_alcance.png,198.0,0.0,0.5052371496350957,319712,759456690,2,
artigo_estrategias_isoladas_1200,artigo_estrategias_isoladas_1200__Chicago_n400_m1130_st15__R26__seed0__somente_dominancia,2026-08-26T04:52:48+00:00,somente_dominancia,0,12,0,total,1200.0,1198.7618613960221,39e60396cec12ffcbeeb9cd795c156dd855ee46d,985da2dca00e86fee905ae9864cb6b30d9daf189bedfe99a34589bc8e26f6854,12.0.3,eliel-A50i,Linux-6.8.0-136-generic-x86_64-with-glibc2.39,Chicago_n400_m1130_st15.txt,26,400,1130,370,400,1130,80019,79827,15,400,396,0,,0,4,4,0,192,192,3,0.5277419850463048,0.8270659446716309,,,,,,,,,,80223,1200,2,2,0.0,0.0,0.0,2.0661289579584263,1,False,True,OPTIMAL,0.0,0.5321585970232263,0.7052881389972754,experimentos_preprocess/artigo_estrategias_isoladas_1200/somente_dominancia/solver_logs/artigo_estrategias_isoladas_1200__Chicago_n400_m1130_st15__R26__seed0__somente_dominancia.log,experimentos_preprocess/artigo_estrategias_isoladas_1200/somente_dominancia/preprocess_logs/Chicago_n400_m1130_st15.txt__R26__preprocess.log,experimentos_preprocess/artigo_estrategias_isoladas_1200/somente_dominancia/timeseries/Chicago_n400_m1130_st15.txt__R26__timeseries__seed0__somente_dominancia.csv,experimentos_preprocess/artigo_estrategias_isoladas_1200/somente_dominancia/plots/Chicago_n400_m1130_st15.txt__R26__lb_ub__seed0__somente_dominancia.png,194.0,0.0,0.5151425308028587,320100,1455934831,4,
artigo_estrategias_isoladas_1200,artigo_estrategias_isoladas_1200__Chicago_n400_m1130_st5__R32__seed0__somente_folhas,2026-08-26T04:52:50+00:00,somente_folhas,0,12,0,total,1200.0,1199.0956132719875,39e60396cec12ffcbeeb9cd795c156dd855ee46d,3e284916d8d3b0f7b25e82cb39d41ce3e7c83502abeb54e52c5f33dcf3d3ee84,12.0.3,eliel-A50i,Linux-6.8.0-136-generic-x86_64-with-glibc2.39,Chicago_n400_m1130_st5.txt,32,400,1130,390,361,1054,83526,83526,5,361,361,39,73,0,0,0,0,0,0,0,0.15299105399753898,0.8219859600067139,,,,,,,,,,83887,1083,2,2,0.0,0.0,0.0,1.7271626210422255,1,False,True,OPTIMAL,0.0,0.15510354901198298,0.7489935110206716,experimentos_preprocess/artigo_estrategias_isoladas_1200/somente_folhas/solver_logs/artigo_estrategias_isoladas_1200__Chicago_n400_m1130_st5__R32__seed0__somente_folhas.log,experimentos_preprocess/artigo_estrategias_isoladas_1200/somente_folhas/preprocess_logs/Chicago_n400_m1130_st5.txt__R32__preprocess.log,experimentos_preprocess/artigo_estrategias_isoladas_1200/somente_folhas/timeseries/Chicago_n400_m1130_st5.txt__R32__timeseries__seed0__somente_folhas.csv,experimentos_preprocess/artigo_estrategias_isoladas_1200/somente_folhas/plots/Chicago_n400_m1130_st5.txt__R32__lb_ub__seed0__somente_folhas.png,13.0,0.0,0.505235844878095,334826,-1887412859,39,
artigo_estrategias_isoladas_1200,artigo_estrategias_isoladas_1200__Chicago_n400_m1130_st5__R32__seed0__somente_alcance,2026-08-26T04:52:53+00:00,somente_alcance,0,12,0,total,1200.0,1198.6440817569965,39e60396cec12ffcbeeb9cd795c156dd855ee46d,3e284916d8d3b0f7b25e82cb39d41ce3e7c83502abeb54e52c5f33dcf3d3ee84,12.0.3,eliel-A50i,Linux-6.8.0-136-generic-x86_64-with-glibc2.39,Chicago_n400_m1130_st5.txt,32,400,1130,390,400,1130,101617,101156,5,400,398,0,,2,0,2,461,0,461,2,0.46388484502676874,0.9590659141540527,,,,,,,,,,101554,1200,2,2,0.0,0.0,0.0,2.3158130859956145,1,False,True,OPTIMAL,0.0,0.47261819802224636,0.8827094620210119,experimentos_preprocess/artigo_estrategias_isoladas_1200/somente_alcance/solver_logs/artigo_estrategias_isoladas_1200__Chicago_n400_m1130_st5__R32__seed0__somente_alcance.log,experimentos_preprocess/artigo_estrategias_isoladas_1200/somente_alcance/preprocess_logs/Chicago_n400_m1130_st5.txt__R32__preprocess.log,experimentos_preprocess/artigo_estrategias_isoladas_1200/somente_alcance/timeseries/Chicago_n400_m1130_st5.txt__R32__timeseries__seed0__somente_alcance.csv,experimentos_preprocess/artigo_estrategias_isoladas_1200/somente_alcance/plots/Chicago_n400_m1130_st5.txt__R32__lb_ub__seed0__somente_alcance.png,16.0,0.0,0.6226514980802079,405420,1488431053,2,
artigo_estrategias_isoladas_1200,artigo_estrategias_isoladas_1200__Chicago_n400_m1130_st5__R32__seed0__somente_dominancia,2026-08-26T04:52:57+00:00,somente_dominancia,0,12,0,total,1200.0,1198.0322210549493,39e60396cec12ffcbeeb9cd795c156dd855ee46d,3e284916d8d3b0f7b25e82cb39d41ce3e7c83502abeb54e52c5f33dcf3d3ee84,12.0.3,eliel-A50i,Linux-6.8.0-136-generic-x86_64-with-glibc2.39,Chicago_n400_m1130_st5.txt,32,400,1130,390,400,1130,101617,100079,5,400,389,0,,0,11,11,0,1538,1538,6,1.2277198809897527,0.9527120590209961,,,,,,,,,,100468,1200,2,2,0.0,0.0,0.0,2.9213786220061593,1,False,True,OPTIMAL,0.0,1.2338089609984308,0.7334204329526983,experimentos_preprocess/artigo_estrategias_isoladas_1200/somente_dominancia/solver_logs/artigo_estrategias_isoladas_1200__Chicago_n400_m1130_st5__R32__seed0__somente_dominancia.log,experimentos_preprocess/artigo_estrategias_isoladas_1200/somente_dominancia/preprocess_logs/Chicago_n400_m1130_st5.txt__R32__preprocess.log,experimentos_preprocess/artigo_estrategias_isoladas_1200/somente_dominancia/timeseries/Chicago_n400_m1130_st5.txt__R32__timeseries__seed0__somente_dominancia.csv,experimentos_preprocess/artigo_estrategias_isoladas_1200/somente_dominancia/plots/Chicago_n400_m1130_st5.txt__R32__lb_ub__seed0__somente_dominancia.png,9.0,0.0,0.629117906116292,401094,-61079168,11,
artigo_estrategias_isoladas_1200,artigo_estrategias_isoladas_1200__Philadelphia_n800_m2404_st_25__R3__seed0__somente_folhas,2026-08-26T05:12:57+00:00,somente_folhas,0,12,0,total,1200.0,1199.777521550015,39e60396cec12ffcbeeb9cd795c156dd855ee46d,7ec1195af1f8cfabcdba9e002f4cc40991454ce413d39f08e82199eacc606ab7,12.0.3,eliel-A50i,Linux-6.8.0-136-generic-x86_64-with-glibc2.39,Philadelphia_n800_m2404_st_25.txt,3,800,2404,750,741,2289,9445,9445,25,741,741,59,90,0,0,0,0,0,0,0,0.04224633297417313,1199.828593969345,,,,,,,,,,10186,2223,9,6,40.0,47.0,0.14893617021276595,1200.0521556379972,14378,True,True,TIME_LIMIT,14.893617021276595,0.04303638997953385,0.17877252196194604,experimentos_preprocess/artigo_estrategias_isoladas_1200/somente_folhas/solver_logs/artigo_estrategias_isoladas_1200__Philadelphia_n800_m2404_st_25__R3__seed0__somente_folhas.log,experimentos_preprocess/artigo_estrategias_isoladas_1200/somente_folhas/preprocess_logs/Philadelphia_n800_m2404_st_25.txt__R3__preprocess.log,experimentos_preprocess/artigo_estrategias_isoladas_1200/somente_folhas/timeseries/Philadelphia_n800_m2404_st_25.txt__R3__timeseries__seed0__somente_folhas.csv,experimentos_preprocess/artigo_estrategias_isoladas_1200/somente_folhas/plots/Philadelphia_n800_m2404_st_25.txt__R3__lb_ub__seed0__somente_folhas.png,7765135.0,0.0,517.513056180175,39262,-187398649,59,
artigo_estrategias_isoladas_1200,artigo_estrategias_isoladas_1200__Philadelphia_n800_m2404_st_25__R3__seed0__somente_alcance,2026-08-26T05:32:57+00:00,somente_alcance,0,12,0,total,1200.0,1199.7207702429732,39e60396cec12ffcbeeb9cd795c156dd855ee46d,7ec1195af1f8cfabcdba9e002f4cc40991454ce413d39f08e82199eacc606ab7,12.0.3,eliel-A50i,Linux-6.8.0-136-generic-x86_64-with-glibc2.39,Philadelphia_n800_m2404_st_25.txt,3,800,2404,750,800,2404,9837,9808,25,800,787,0,,13,0,13,29,0,29,2,0.0751727189635858,1199.7802920341492,,,,,,,,,,10595,2400,9,10,40.0,47.0,0.14893617021276595,1200.0605304519995,21719,True,True,TIME_LIMIT,14.893617021276595,0.07709808700019494,0.20139446499524638,experimentos_preprocess/artigo_estrategias_isoladas_1200/somente_alcance/solver_logs/artigo_estrategias_isoladas_1200__Philadelphia_n800_m2404_st_25__R3__seed0__somente_alcance.log,experimentos_preprocess/artigo_estrategias_isoladas_1200/somente_alcance/preprocess_logs/Philadelphia_n800_m2404_st_25.txt__R3__preprocess.log,experimentos_preprocess/artigo_estrategias_isoladas_1200/somente_alcance/timeseries/Philadelphia_n800_m2404_st_25.txt__R3__timeseries__seed0__somente_alcance.csv,experimentos_preprocess/artigo_estrategias_isoladas_1200/somente_alcance/plots/Philadelphia_n800_m2404_st_25.txt__R3__lb_ub__seed0__somente_alcance.png,10735039.0,0.0,490.7411440168938,40806,874013690,13,
artigo_estrategias_isoladas_1200,artigo_estrategias_isoladas_1200__Philadelphia_n800_m2404_st_25__R3__seed0__somente_dominancia,2026-08-26T05:52:58+00:00,somente_dominancia,0,12,0,total,1200.0,1199.067953761958,39e60396cec12ffcbeeb9cd795c156dd855ee46d,7ec1195af1f8cfabcdba9e002f4cc40991454ce413d39f08e82199eacc606ab7,12.0.3,eliel-A50i,Linux-6.8.0-136-generic-x86_64-with-glibc2.39,Philadelphia_n800_m2404_st_25.txt,3,800,2404,750,800,2404,9837,9440,25,800,742,0,,0,58,58,0,397,397,4,0.756444544007536,1199.1402740478516,,,,,,,,,,10182,2400,9,9,40.0,47.0,0.14893617021276595,1200.073067320045,19458,True,True,TIME_LIMIT,14.893617021276595,0.7567561839823611,0.17501872003776953,experimentos_preprocess/artigo_estrategias_isoladas_1200/somente_dominancia/solver_logs/artigo_estrategias_isoladas_1200__Philadelphia_n800_m2404_st_25__R3__seed0__somente_dominancia.log,experimentos_preprocess/artigo_estrategias_isoladas_1200/somente_dominancia/preprocess_logs/Philadelphia_n800_m2404_st_25.txt__R3__preprocess.log,experimentos_preprocess/artigo_estrategias_isoladas_1200/somente_dominancia/timeseries/Philadelphia_n800_m2404_st_25.txt__R3__timeseries__seed0__somente_dominancia.csv,experimentos_preprocess/artigo_estrategias_isoladas_1200/somente_dominancia/plots/Philadelphia_n800_m2404_st_25.txt__R3__lb_ub__seed0__somente_dominancia.png,8741852.0,0.0,506.24886084054606,39244,-1426135505,58,
artigo_estrategias_isoladas_1200,artigo_estrategias_isoladas_1200__Philadelphia_n800_m2404_st_39__R20__seed0__somente_folhas,2026-08-26T05:53:05+00:00,somente_folhas,0,12,0,total,1200.0,1196.9882578009856,39e60396cec12ffcbeeb9cd795c156dd855ee46d,28da35dbb426af58cf3105a3273ecd344fcffc80db17acd57af1b6044c278278,12.0.3,eliel-A50i,Linux-6.8.0-136-generic-x86_64-with-glibc2.39,Philadelphia_n800_m2404_st_39.txt,20,800,2404,722,747,2301,281250,281250,39,747,747,53,86,0,0,0,0,0,0,0,0.6603997109923512,3.5797369480133057,,,,,,,,,,281997,2241,2,2,0.0,0.0,0.0,6.592521426966414,1,False,True,OPTIMAL,0.0,0.6698953070444986,2.3414361600298434,experimentos_preprocess/artigo_estrategias_isoladas_1200/somente_folhas/solver_logs/artigo_estrategias_isoladas_1200__Philadelphia_n800_m2404_st_39__R20__seed0__somente_folhas.log,experimentos_preprocess/artigo_estrategias_isoladas_1200/somente_folhas/preprocess_logs/Philadelphia_n800_m2404_st_39.txt__R20__preprocess.log,experimentos_preprocess/artigo_estrategias_isoladas_1200/somente_folhas/timeseries/Philadelphia_n800_m2404_st_39.txt__R20__timeseries__seed0__somente_folhas.csv,experimentos_preprocess/artigo_estrategias_isoladas_1200/somente_folhas/plots/Philadelphia_n800_m2404_st_39.txt__R20__lb_ub__seed0__somente_folhas.png,427.0,0.0,1.8822994499207786,1126494,-916053232,53,
artigo_estrategias_isoladas_1200,artigo_estrategias_isoladas_1200__Philadelphia_n800_m2404_st_39__R20__seed0__somente_alcance,2026-08-26T05:53:13+00:00,somente_alcance,0,12,0,total,1200.0,1196.0665941669722,39e60396cec12ffcbeeb9cd795c156dd855ee46d,28da35dbb426af58cf3105a3273ecd344fcffc80db17acd57af1b6044c278278,12.0.3,eliel-A50i,Linux-6.8.0-136-generic-x86_64-with-glibc2.39,Philadelphia_n800_m2404_st_39.txt,20,800,2404,722,800,2404,303714,302633,39,800,796,0,,4,0,4,1081,0,1081,2,1.5369606590247713,4.577422857284546,,,,,,,,,,303429,2400,2,2,0.0,0.0,0.0,8.51181302004261,1,False,True,OPTIMAL,0.0,1.560849188012071,2.371756852022372,experimentos_preprocess/artigo_estrategias_isoladas_1200/somente_alcance/solver_logs/artigo_estrategias_isoladas_1200__Philadelphia_n800_m2404_st_39__R20__seed0__somente_alcance.log,experimentos_preprocess/artigo_estrategias_isoladas_1200/somente_alcance/preprocess_logs/Philadelphia_n800_m2404_st_39.txt__R20__preprocess.log,experimentos_preprocess/artigo_estrategias_isoladas_1200/somente_alcance/timeseries/Philadelphia_n800_m2404_st_39.txt__R20__timeseries__seed0__somente_alcance.csv,experimentos_preprocess/artigo_estrategias_isoladas_1200/somente_alcance/plots/Philadelphia_n800_m2404_st_39.txt__R20__lb_ub__seed0__somente_alcance.png,886.0,0.0,2.3096275179334493,1212124,727009664,4,
artigo_estrategias_isoladas_1200,artigo_estrategias_isoladas_1200__Philadelphia_n800_m2404_st_39__R20__seed0__somente_dominancia,2026-08-26T05:53:24+00:00,somente_dominancia,0,12,0,total,1200.0,1195.0047108340077,39e60396cec12ffcbeeb9cd795c156dd855ee46d,28da35dbb426af58cf3105a3273ecd344fcffc80db17acd57af1b6044c278278,12.0.3,eliel-A50i,Linux-6.8.0-136-generic-x86_64-with-glibc2.39,Philadelphia_n800_m2404_st_39.txt,20,800,2404,722,800,2404,303714,302046,39,800,793,0,,0,7,7,0,1668,1668,4,2.612613247008994,4.839651107788086,,,,,,,,,,302839,2400,2,2,0.0,0.0,0.0,9.835972359986044,1,False,True,OPTIMAL,0.0,2.6212846109992824,2.3734947170014493,experimentos_preprocess/artigo_estrategias_isoladas_1200/somente_dominancia/solver_logs/artigo_estrategias_isoladas_1200__Philadelphia_n800_m2404_st_39__R20__seed0__somente_dominancia.log,experimentos_preprocess/artigo_estrategias_isoladas_1200/somente_dominancia/preprocess_logs/Philadelphia_n800_m2404_st_39.txt__R20__preprocess.log,experimentos_preprocess/artigo_estrategias_isoladas_1200/somente_dominancia/timeseries/Philadelphia_n800_m2404_st_39.txt__R20__timeseries__seed0__somente_dominancia.csv,experimentos_preprocess/artigo_estrategias_isoladas_1200/somente_dominancia/plots/Philadelphia_n800_m2404_st_39.txt__R20__lb_ub__seed0__somente_dominancia.png,536.0,0.0,2.3461943525262177,1209770,-1117862920,7,
artigo_estrategias_isoladas_1200,artigo_estrategias_isoladas_1200__Philadelphia_n800_m2404_st_5__R22__seed0__somente_folhas,2026-08-26T05:53:31+00:00,somente_folhas,0,12,0,total,1200.0,1196.7102216009516,39e60396cec12ffcbeeb9cd795c156dd855ee46d,cad5135fdc150bd84a554e52c4342e1ba709a8a943543a28e73555dd17a2054f,12.0.3,eliel-A50i,Linux-6.8.0-136-generic-x86_64-with-glibc2.39,Philadelphia_n800_m2404_st_5.txt,22,800,2404,790,736,2279,313830,313830,5,736,736,64,92,0,0,0,0,0,0,0,0.5654824060038663,3.458216905593872,,,,,,,,,,314566,2208,2,2,1.0,1.0,0.0,6.748955046001356,1,False,True,OPTIMAL,0.0,0.5761394659639336,2.7132702660164796,experimentos_preprocess/artigo_estrategias_isoladas_1200/somente_folhas/solver_logs/artigo_estrategias_isoladas_1200__Philadelphia_n800_m2404_st_5__R22__seed0__somente_folhas.log,experimentos_preprocess/artigo_estrategias_isoladas_1200/somente_folhas/preprocess_logs/Philadelphia_n800_m2404_st_5.txt__R22__preprocess.log,experimentos_preprocess/artigo_estrategias_isoladas_1200/somente_folhas/timeseries/Philadelphia_n800_m2404_st_5.txt__R22__timeseries__seed0__somente_folhas.csv,experimentos_preprocess/artigo_estrategias_isoladas_1200/somente_folhas/plots/Philadelphia_n800_m2404_st_5.txt__R22__lb_ub__seed0__somente_folhas.png,180.0,0.0,1.8356531994484684,1256792,-286708371,64,
artigo_estrategias_isoladas_1200,artigo_estrategias_isoladas_1200__Philadelphia_n800_m2404_st_5__R22__seed0__somente_alcance,2026-08-26T05:53:40+00:00,somente_alcance,0,12,0,total,1200.0,1195.627219108981,39e60396cec12ffcbeeb9cd795c156dd855ee46d,cad5135fdc150bd84a554e52c4342e1ba709a8a943543a28e73555dd17a2054f,12.0.3,eliel-A50i,Linux-6.8.0-136-generic-x86_64-with-glibc2.39,Philadelphia_n800_m2404_st_5.txt,22,800,2404,790,800,2404,348585,347296,5,800,796,0,,4,0,4,1289,0,1289,2,1.5741172680282034,3.862567901611328,,,,,,,,,,348092,2400,2,2,1.0,1.0,0.0,8.23645636800211,1,False,True,OPTIMAL,0.0,1.6039077179739252,2.768093527003657,experimentos_preprocess/artigo_estrategias_isoladas_1200/somente_alcance/solver_logs/artigo_estrategias_isoladas_1200__Philadelphia_n800_m2404_st_5__R22__seed0__somente_alcance.log,experimentos_preprocess/artigo_estrategias_isoladas_1200/somente_alcance/preprocess_logs/Philadelphia_n800_m2404_st_5.txt__R22__preprocess.log,experimentos_preprocess/artigo_estrategias_isoladas_1200/somente_alcance/timeseries/Philadelphia_n800_m2404_st_5.txt__R22__timeseries__seed0__somente_alcance.csv,experimentos_preprocess/artigo_estrategias_isoladas_1200/somente_alcance/plots/Philadelphia_n800_m2404_st_5.txt__R22__lb_ub__seed0__somente_alcance.png,487.0,0.0,1.9855914401052155,1390776,-56091737,4,
artigo_estrategias_isoladas_1200,artigo_estrategias_isoladas_1200__Philadelphia_n800_m2404_st_5__R22__seed0__somente_dominancia,2026-08-26T05:53:50+00:00,somente_dominancia,0,12,0,total,1200.0,1194.1436125200125,39e60396cec12ffcbeeb9cd795c156dd855ee46d,cad5135fdc150bd84a554e52c4342e1ba709a8a943543a28e73555dd17a2054f,12.0.3,eliel-A50i,Linux-6.8.0-136-generic-x86_64-with-glibc2.39,Philadelphia_n800_m2404_st_5.txt,22,800,2404,790,800,2404,348585,347213,5,800,794,0,,0,6,6,0,1372,1372,4,2.943000237981323,4.119494199752808,,,,,,,,,,348007,2400,2,2,1.0,1.0,0.0,9.976808956009336,1,False,True,OPTIMAL,0.0,2.9565862989984453,2.8991941169952042,experimentos_preprocess/artigo_estrategias_isoladas_1200/somente_dominancia/solver_logs/artigo_estrategias_isoladas_1200__Philadelphia_n800_m2404_st_5__R22__seed0__somente_dominancia.log,experimentos_preprocess/artigo_estrategias_isoladas_1200/somente_dominancia/preprocess_logs/Philadelphia_n800_m2404_st_5.txt__R22__preprocess.log,experimentos_preprocess/artigo_estrategias_isoladas_1200/somente_dominancia/timeseries/Philadelphia_n800_m2404_st_5.txt__R22__timeseries__seed0__somente_dominancia.csv,experimentos_preprocess/artigo_estrategias_isoladas_1200/somente_dominancia/plots/Philadelphia_n800_m2404_st_5.txt__R22__lb_ub__seed0__somente_dominancia.png,1001.0,0.0,2.0607868109731196,1390440,-63651136,6,
artigo_estrategias_isoladas_1200,artigo_estrategias_isoladas_1200__bip42p__R200__seed0__somente_folhas,2026-08-26T06:13:50+00:00,somente_folhas,0,12,0,total,1200.0,1199.7693570159608,39e60396cec12ffcbeeb9cd795c156dd855ee46d,fffb7ecf020b319efd8d99a55da1a90b76dd64d154b27d9a6e5c31aedd7236b5,12.0.3,eliel-A50i,Linux-6.8.0-136-generic-x86_64-with-glibc2.39,bip42p.txt,200,1200,7964,1000,1152,7868,7868,7868,100,1152,1152,48,162,0,0,0,0,0,0,0,0.07408839702839032,1199.8070049285889,,,,,,,,,,9020,3456,9,10,33.0,44.0,0.25,1200.0386919890298,2356,True,True,TIME_LIMIT,25.0,0.07489153795177117,0.1551679850090295,experimentos_preprocess/artigo_estrategias_isoladas_1200/somente_folhas/solver_logs/artigo_estrategias_isoladas_1200__bip42p__R200__seed0__somente_folhas.log,experimentos_preprocess/artigo_estrategias_isoladas_1200/somente_folhas/preprocess_logs/bip42p.txt__R200__preprocess.log,experimentos_preprocess/artigo_estrategias_isoladas_1200/somente_folhas/timeseries/bip42p.txt__R200__timeseries__seed0__somente_folhas.csv,experimentos_preprocess/artigo_estrategias_isoladas_1200/somente_folhas/plots/bip42p.txt__R200__lb_ub__seed0__somente_folhas.png,5268401.0,0.0,502.6473810953778,33776,1029746923,48,
artigo_estrategias_isoladas_1200,artigo_estrategias_isoladas_1200__bip42p__R200__seed0__somente_alcance,2026-08-26T06:33:51+00:00,somente_alcance,0,12,0,total,1200.0,1199.8025143499835,39e60396cec12ffcbeeb9cd795c156dd855ee46d,fffb7ecf020b319efd8d99a55da1a90b76dd64d154b27d9a6e5c31aedd7236b5,12.0.3,eliel-A50i,Linux-6.8.0-136-generic-x86_64-with-glibc2.39,bip42p.txt,200,1200,7964,1000,1200,7964,7964,7964,100,1200,1200,0,,0,0,0,0,0,0,1,0.056755397003144026,1199.8253421783447,,,,,,,,,,9164,3600,9,10,33.0,46.0,0.2826086956521739,1200.0236367040197,2097,True,True,TIME_LIMIT,28.26086956521739,0.0593587449984625,0.13728385302238166,experimentos_preprocess/artigo_estrategias_isoladas_1200/somente_alcance/solver_logs/artigo_estrategias_isoladas_1200__bip42p__R200__seed0__somente_alcance.log,experimentos_preprocess/artigo_estrategias_isoladas_1200/somente_alcance/preprocess_logs/bip42p.txt__R200__preprocess.log,experimentos_preprocess/artigo_estrategias_isoladas_1200/somente_alcance/timeseries/bip42p.txt__R200__timeseries__seed0__somente_alcance.csv,experimentos_preprocess/artigo_estrategias_isoladas_1200/somente_alcance/plots/bip42p.txt__R200__lb_ub__seed0__somente_alcance.png,4975731.0,0.0,524.8759377136225,34256,-1704168,0,
artigo_estrategias_isoladas_1200,artigo_estrategias_isoladas_1200__bip42p__R200__seed0__somente_dominancia,2026-08-26T06:53:51+00:00,somente_dominancia,0,12,0,total,1200.0,1198.834546639002,39e60396cec12ffcbeeb9cd795c156dd855ee46d,fffb7ecf020b319efd8d99a55da1a90b76dd64d154b27d9a6e5c31aedd7236b5,12.0.3,eliel-A50i,Linux-6.8.0-136-generic-x86_64-with-glibc2.39,bip42p.txt,200,1200,7964,1000,1200,7964,7964,7682,100,1200,1106,0,,0,94,94,0,282,282,2,0.8368433669675142,1198.8773410320282,,,,,,,,,,8788,3600,9,10,33.0,49.0,0.32653061224489793,1200.043678810005,1432,True,True,TIME_LIMIT,32.6530612244898,0.837282663967926,0.3278894709656015,experimentos_preprocess/artigo_estrategias_isoladas_1200/somente_dominancia/solver_logs/artigo_estrategias_isoladas_1200__bip42p__R200__seed0__somente_dominancia.log,experimentos_preprocess/artigo_estrategias_isoladas_1200/somente_dominancia/preprocess_logs/bip42p.txt__R200__preprocess.log,experimentos_preprocess/artigo_estrategias_isoladas_1200/somente_dominancia/timeseries/bip42p.txt__R200__timeseries__seed0__somente_dominancia.csv,experimentos_preprocess/artigo_estrategias_isoladas_1200/somente_dominancia/plots/bip42p.txt__R200__lb_ub__seed0__somente_dominancia.png,3867916.0,0.0,534.2919517044744,32940,1266347252,94,
artigo_estrategias_isoladas_1200,artigo_estrategias_isoladas_1200__cc10-2p__R500__seed0__somente_folhas,2026-08-26T07:13:52+00:00,somente_folhas,0,12,0,total,1200.0,1195.8963833550224,39e60396cec12ffcbeeb9cd795c156dd855ee46d,ae70e45521ed4138e654f86a8c9b071ee5cc9f19dc78bd37ec15063741cdcde6,12.0.3,eliel-A50i,Linux-6.8.0-136-generic-x86_64-with-glibc2.39,cc10-2p.txt,500,1024,10240,890,1024,10240,339124,339124,67,1024,1024,0,0,0,0,0,0,0,0,0,1.2054298110306263,1196.1850299835205,,,,,,,,,,340148,3072,9,7,1.0,3.0,0.6666666666666666,1200.2897278310265,5204,True,True,TIME_LIMIT,66.66666666666666,1.2222803800250404,2.8807318389881402,experimentos_preprocess/artigo_estrategias_isoladas_1200/somente_folhas/solver_logs/artigo_estrategias_isoladas_1200__cc10-2p__R500__seed0__somente_folhas.log,experimentos_preprocess/artigo_estrategias_isoladas_1200/somente_folhas/preprocess_logs/cc10-2p.txt__R500__preprocess.log,experimentos_preprocess/artigo_estrategias_isoladas_1200/somente_folhas/timeseries/cc10-2p.txt__R500__timeseries__seed0__somente_folhas.csv,experimentos_preprocess/artigo_estrategias_isoladas_1200/somente_folhas/plots/cc10-2p.txt__R500__lb_ub__seed0__somente_folhas.png,281125.0,0.0,459.50510891571093,1358544,977886523,0,
artigo_estrategias_isoladas_1200,artigo_estrategias_isoladas_1200__cc10-2p__R500__seed0__somente_alcance,2026-08-26T07:33:52+00:00,somente_alcance,0,12,0,total,1200.0,1195.258925771981,39e60396cec12ffcbeeb9cd795c156dd855ee46d,ae70e45521ed4138e654f86a8c9b071ee5cc9f19dc78bd37ec15063741cdcde6,12.0.3,eliel-A50i,Linux-6.8.0-136-generic-x86_64-with-glibc2.39,cc10-2p.txt,500,1024,10240,890,1024,10240,339124,339124,67,1024,1024,0,,0,0,0,0,0,0,1,1.7348895620089024,1195.4729659557343,,,,,,,,,,340148,3072,9,7,1.0,3.0,0.6666666666666666,1200.2150950619834,5204,True,True,TIME_LIMIT,66.66666666666666,1.7775793169857934,2.9626241819933057,experimentos_preprocess/artigo_estrategias_isoladas_1200/somente_alcance/solver_logs/artigo_estrategias_isoladas_1200__cc10-2p__R500__seed0__somente_alcance.log,experimentos_preprocess/artigo_estrategias_isoladas_1200/somente_alcance/preprocess_logs/cc10-2p.txt__R500__preprocess.log,experimentos_preprocess/artigo_estrategias_isoladas_1200/somente_alcance/timeseries/cc10-2p.txt__R500__timeseries__seed0__somente_alcance.csv,experimentos_preprocess/artigo_estrategias_isoladas_1200/somente_alcance/plots/cc10-2p.txt__R500__lb_ub__seed0__somente_alcance.png,281125.0,0.0,460.4832733452227,1358544,977886523,0,
artigo_estrategias_isoladas_1200,artigo_estrategias_isoladas_1200__cc10-2p__R500__seed0__somente_dominancia,2026-08-26T07:53:53+00:00,somente_dominancia,0,12,0,total,1200.0,1194.7821028470062,39e60396cec12ffcbeeb9cd795c156dd855ee46d,ae70e45521ed4138e654f86a8c9b071ee5cc9f19dc78bd37ec15063741cdcde6,12.0.3,eliel-A50i,Linux-6.8.0-136-generic-x86_64-with-glibc2.39,cc10-2p.txt,500,1024,10240,890,1024,10240,339124,339124,67,1024,1024,0,,0,0,0,0,0,0,1,1.9800263319630176,1195.0976030826569,,,,,,,,,,340148,3072,9,7,1.0,3.0,0.6666666666666666,1200.3164861999685,5204,True,True,TIME_LIMIT,66.66666666666666,2.0006070010131225,3.216586010006722,experimentos_preprocess/artigo_estrategias_isoladas_1200/somente_dominancia/solver_logs/artigo_estrategias_isoladas_1200__cc10-2p__R500__seed0__somente_dominancia.log,experimentos_preprocess/artigo_estrategias_isoladas_1200/somente_dominancia/preprocess_logs/cc10-2p.txt__R500__preprocess.log,experimentos_preprocess/artigo_estrategias_isoladas_1200/somente_dominancia/timeseries/cc10-2p.txt__R500__timeseries__seed0__somente_dominancia.csv,experimentos_preprocess/artigo_estrategias_isoladas_1200/somente_dominancia/plots/cc10-2p.txt__R500__lb_ub__seed0__somente_dominancia.png,281125.0,0.0,458.75431665885526,1358544,977886523,0,
artigo_estrategias_isoladas_1200,artigo_estrategias_isoladas_1200__cc12-2p__R500__seed0__somente_folhas,2026-08-26T08:13:54+00:00,somente_folhas,0,12,0,total,1200.0,1162.2692108050105,39e60396cec12ffcbeeb9cd795c156dd855ee46d,480ac0727ec74850c4c629e6a2ca3e8542a04aecb74f771eafb665c36800fb20,12.0.3,eliel-A50i,Linux-6.8.0-136-generic-x86_64-with-glibc2.39,cc12-2p.txt,500,4096,49148,3624,4096,49148,2795100,2795100,236,4096,4096,0,0,0,0,0,0,0,0,0,11.590384279959835,1162.5816929340363,,,,,,,,,,2799196,12288,9,6,1.0,7.0,0.8571428571428571,1200.313457348966,1,True,True,TIME_LIMIT,85.71428571428571,11.726171927002724,26.00426613498712,experimentos_preprocess/artigo_estrategias_isoladas_1200/somente_folhas/solver_logs/artigo_estrategias_isoladas_1200__cc12-2p__R500__seed0__somente_folhas.log,experimentos_preprocess/artigo_estrategias_isoladas_1200/somente_folhas/preprocess_logs/cc12-2p.txt__R500__preprocess.log,experimentos_preprocess/artigo_estrategias_isoladas_1200/somente_folhas/timeseries/cc12-2p.txt__R500__timeseries__seed0__somente_folhas.csv,experimentos_preprocess/artigo_estrategias_isoladas_1200/somente_folhas/plots/cc12-2p.txt__R500__lb_ub__seed0__somente_folhas.png,1939904.0,0.0,464.4405681188326,11188592,475603974,0,
artigo_estrategias_isoladas_1200,artigo_estrategias_isoladas_1200__cc12-2p__R500__seed0__somente_alcance,2026-08-26T08:33:55+00:00,somente_alcance,0,12,0,total,1200.0,1156.0120348539785,39e60396cec12ffcbeeb9cd795c156dd855ee46d,480ac0727ec74850c4c629e6a2ca3e8542a04aecb74f771eafb665c36800fb20,12.0.3,eliel-A50i,Linux-6.8.0-136-generic-x86_64-with-glibc2.39,cc12-2p.txt,500,4096,49148,3624,4096,49148,2795100,2795100,236,4096,4096,0,,0,0,0,0,0,0,1,15.580609685974196,1156.3459169864655,,,,,,,,,,2799196,12288,9,6,1.0,7.0,0.8571428571428571,1200.3349041390466,1,True,True,TIME_LIMIT,85.71428571428571,15.757771405973472,28.22981929697562,experimentos_preprocess/artigo_estrategias_isoladas_1200/somente_alcance/solver_logs/artigo_estrategias_isoladas_1200__cc12-2p__R500__seed0__somente_alcance.log,experimentos_preprocess/artigo_estrategias_isoladas_1200/somente_alcance/preprocess_logs/cc12-2p.txt__R500__preprocess.log,experimentos_preprocess/artigo_estrategias_isoladas_1200/somente_alcance/timeseries/cc12-2p.txt__R500__timeseries__seed0__somente_alcance.csv,experimentos_preprocess/artigo_estrategias_isoladas_1200/somente_alcance/plots/cc12-2p.txt__R500__lb_ub__seed0__somente_alcance.png,1939904.0,0.0,474.22112806701983,11188592,475603974,0,
artigo_estrategias_isoladas_1200,artigo_estrategias_isoladas_1200__cc12-2p__R500__seed0__somente_dominancia,2026-08-26T08:53:55+00:00,somente_dominancia,0,12,0,total,1200.0,1151.6281143130036,39e60396cec12ffcbeeb9cd795c156dd855ee46d,480ac0727ec74850c4c629e6a2ca3e8542a04aecb74f771eafb665c36800fb20,12.0.3,eliel-A50i,Linux-6.8.0-136-generic-x86_64-with-glibc2.39,cc12-2p.txt,500,4096,49148,3624,4096,49148,2795100,2795100,236,4096,4096,0,,0,0,0,0,0,0,1,19.910530910012312,1151.9655940532684,,,,,,,,,,2799196,12288,9,6,1.0,7.0,0.8571428571428571,1200.3384171010111,1,True,True,TIME_LIMIT,85.71428571428571,20.03255209804047,28.338946369010955,experimentos_preprocess/artigo_estrategias_isoladas_1200/somente_dominancia/solver_logs/artigo_estrategias_isoladas_1200__cc12-2p__R500__seed0__somente_dominancia.log,experimentos_preprocess/artigo_estrategias_isoladas_1200/somente_dominancia/preprocess_logs/cc12-2p.txt__R500__preprocess.log,experimentos_preprocess/artigo_estrategias_isoladas_1200/somente_dominancia/timeseries/cc12-2p.txt__R500__timeseries__seed0__somente_dominancia.csv,experimentos_preprocess/artigo_estrategias_isoladas_1200/somente_dominancia/plots/cc12-2p.txt__R500__lb_ub__seed0__somente_dominancia.png,1939904.0,0.0,468.15204505871134,11188592,475603974,0,
artigo_estrategias_isoladas_1200,artigo_estrategias_isoladas_1200__cc12-2u__R2__seed0__somente_folhas,2026-08-26T09:14:21+00:00,somente_folhas,0,12,0,total,1200.0,1196.0267953400034,39e60396cec12ffcbeeb9cd795c156dd855ee46d,48f80f2089538eeb47fc743bb28c0c17dd8d10c99f5ce1fbb167a1837204bcb9,12.0.3,eliel-A50i,Linux-6.8.0-136-generic-x86_64-with-glibc2.39,cc12-2u.txt,2,4096,49148,3624,4096,49148,256874,256874,236,4096,4096,0,0,0,0,0,0,0,0,0,0.8618792599881999,1221.3913900852203,,,,,,,,,,260970,12288,9,10,5.0,219.0,0.9771689497716894,1225.3655429180362,1,True,True,TIME_LIMIT,97.71689497716895,0.8716103520127945,3.1011344449943863,experimentos_preprocess/artigo_estrategias_isoladas_1200/somente_folhas/solver_logs/artigo_estrategias_isoladas_1200__cc12-2u__R2__seed0__somente_folhas.log,experimentos_preprocess/artigo_estrategias_isoladas_1200/somente_folhas/preprocess_logs/cc12-2u.txt__R2__preprocess.log,experimentos_preprocess/artigo_estrategias_isoladas_1200/somente_folhas/timeseries/cc12-2u.txt__R2__timeseries__seed0__somente_folhas.csv,experimentos_preprocess/artigo_estrategias_isoladas_1200/somente_folhas/plots/cc12-2u.txt__R2__lb_ub__seed0__somente_folhas.png,205142.0,0.0,444.3232991602206,1035688,376876990,0,
artigo_estrategias_isoladas_1200,artigo_estrategias_isoladas_1200__cc12-2u__R2__seed0__somente_alcance,2026-08-26T09:34:52+00:00,somente_alcance,0,12,0,total,1200.0,1196.1943580150255,39e60396cec12ffcbeeb9cd795c156dd855ee46d,48f80f2089538eeb47fc743bb28c0c17dd8d10c99f5ce1fbb167a1837204bcb9,12.0.3,eliel-A50i,Linux-6.8.0-136-generic-x86_64-with-glibc2.39,cc12-2u.txt,2,4096,49148,3624,4096,49148,256874,256874,236,4096,4096,0,,0,0,0,0,0,0,1,1.1985044640023261,1226.044438123703,,,,,,,,,,260970,12288,9,10,5.0,219.0,0.9771689497716894,1229.8510859819944,1,True,True,TIME_LIMIT,97.71689497716895,1.2259345430065878,2.578885179013014,experimentos_preprocess/artigo_estrategias_isoladas_1200/somente_alcance/solver_logs/artigo_estrategias_isoladas_1200__cc12-2u__R2__seed0__somente_alcance.log,experimentos_preprocess/artigo_estrategias_isoladas_1200/somente_alcance/preprocess_logs/cc12-2u.txt__R2__preprocess.log,experimentos_preprocess/artigo_estrategias_isoladas_1200/somente_alcance/timeseries/cc12-2u.txt__R2__timeseries__seed0__somente_alcance.csv,experimentos_preprocess/artigo_estrategias_isoladas_1200/somente_alcance/plots/cc12-2u.txt__R2__lb_ub__seed0__somente_alcance.png,205142.0,0.0,444.3232991602206,1035688,376876990,0,
artigo_estrategias_isoladas_1200,artigo_estrategias_isoladas_1200__cc12-2u__R2__seed0__somente_dominancia,2026-08-26T09:55:20+00:00,somente_dominancia,0,12,0,total,1200.0,1191.1697515620035,39e60396cec12ffcbeeb9cd795c156dd855ee46d,48f80f2089538eeb47fc743bb28c0c17dd8d10c99f5ce1fbb167a1837204bcb9,12.0.3,eliel-A50i,Linux-6.8.0-136-generic-x86_64-with-glibc2.39,cc12-2u.txt,2,4096,49148,3624,4096,49148,256874,256874,236,4096,4096,0,,0,0,0,0,0,0,1,6.295203976973426,1218.8180730342865,,,,,,,,,,260970,12288,9,10,5.0,219.0,0.9771689497716894,1227.6493682840373,1,True,True,TIME_LIMIT,97.71689497716895,6.3156084140064195,2.51387143303873,experimentos_preprocess/artigo_estrategias_isoladas_1200/somente_dominancia/solver_logs/artigo_estrategias_isoladas_1200__cc12-2u__R2__seed0__somente_dominancia.log,experimentos_preprocess/artigo_estrategias_isoladas_1200/somente_dominancia/preprocess_logs/cc12-2u.txt__R2__preprocess.log,experimentos_preprocess/artigo_estrategias_isoladas_1200/somente_dominancia/timeseries/cc12-2u.txt__R2__timeseries__seed0__somente_dominancia.csv,experimentos_preprocess/artigo_estrategias_isoladas_1200/somente_dominancia/plots/cc12-2u.txt__R2__lb_ub__seed0__somente_dominancia.png,205142.0,0.0,444.3232991602206,1035688,376876990,0,
artigo_estrategias_isoladas_1200,artigo_estrategias_isoladas_1200__fnl4461fst__R250__seed0__somente_folhas,2026-08-26T10:15:24+00:00,somente_folhas,0,12,0,total,1200.0,1167.9853913130355,39e60396cec12ffcbeeb9cd795c156dd855ee46d,19e47b376fb95ff47c26837c8593244e607e7a3c85c3ed1b7bade279b85f310d,12.0.3,eliel-A50i,Linux-6.8.0-136-generic-x86_64-with-glibc2.39,fnl4461fst.txt,250,17127,54704,12667,17127,54704,2922520,2922520,2230,17127,17127,0,0,0,0,0,0,0,0,0,5.874428039998747,1168.4009900093079,,,,,,,,,,2939647,51381,9,7,1.0,13.0,0.9230769230769231,1200.416723704955,1,True,True,TIME_LIMIT,92.3076923076923,5.979197851964273,26.035063416988123,experimentos_preprocess/artigo_estrategias_isoladas_1200/somente_folhas/solver_logs/artigo_estrategias_isoladas_1200__fnl4461fst__R250__seed0__somente_folhas.log,experimentos_preprocess/artigo_estrategias_isoladas_1200/somente_folhas/preprocess_logs/fnl4461fst.txt__R250__preprocess.log,experimentos_preprocess/artigo_estrategias_isoladas_1200/somente_folhas/timeseries/fnl4461fst.txt__R250__timeseries__seed0__somente_folhas.csv,experimentos_preprocess/artigo_estrategias_isoladas_1200/somente_folhas/plots/fnl4461fst.txt__R250__lb_ub__seed0__somente_folhas.png,1033623.0,29.0,575.9763375793623,11724334,1661887020,0,
artigo_estrategias_isoladas_1200,artigo_estrategias_isoladas_1200__fnl4461fst__R250__seed0__somente_alcance,2026-08-26T10:35:25+00:00,somente_alcance,0,12,0,total,1200.0,1164.8375511040213,39e60396cec12ffcbeeb9cd795c156dd855ee46d,19e47b376fb95ff47c26837c8593244e607e7a3c85c3ed1b7bade279b85f310d,12.0.3,eliel-A50i,Linux-6.8.0-136-generic-x86_64-with-glibc2.39,fnl4461fst.txt,250,17127,54704,12667,17127,54704,2922520,2922520,2230,17127,17127,0,,0,0,0,0,0,0,1,9.053784220013767,1165.2968850135803,,,,,,,,,,2939647,51381,9,7,1.0,13.0,0.9230769230769231,1200.4604604970082,1,True,True,TIME_LIMIT,92.3076923076923,9.22594019799726,25.9360441690078,experimentos_preprocess/artigo_estrategias_isoladas_1200/somente_alcance/solver_logs/artigo_estrategias_isoladas_1200__fnl4461fst__R250__seed0__somente_alcance.log,experimentos_preprocess/artigo_estrategias_isoladas_1200/somente_alcance/preprocess_logs/fnl4461fst.txt__R250__preprocess.log,experimentos_preprocess/artigo_estrategias_isoladas_1200/somente_alcance/timeseries/fnl4461fst.txt__R250__timeseries__seed0__somente_alcance.csv,experimentos_preprocess/artigo_estrategias_isoladas_1200/somente_alcance/plots/fnl4461fst.txt__R250__lb_ub__seed0__somente_alcance.png,1036110.0,29.0,584.4730182464821,11724334,1661887020,0,
artigo_estrategias_isoladas_1200,artigo_estrategias_isoladas_1200__fnl4461fst__R250__seed0__somente_dominancia,2026-08-26T10:55:26+00:00,somente_dominancia,0,12,0,total,1200.0,1166.4680006189737,39e60396cec12ffcbeeb9cd795c156dd855ee46d,19e47b376fb95ff47c26837c8593244e607e7a3c85c3ed1b7bade279b85f310d,12.0.3,eliel-A50i,Linux-6.8.0-136-generic-x86_64-with-glibc2.39,fnl4461fst.txt,250,17127,54704,12667,17127,54704,2922520,2922520,2230,17127,17127,0,,0,0,0,0,0,0,1,6.2504520019865595,1166.8399708271027,,,,,,,,,,2939647,51381,9,7,1.0,13.0,0.9230769230769231,1200.3730280890013,1,True,True,TIME_LIMIT,92.3076923076923,6.3472668310278095,27.184367749025114,experimentos_preprocess/artigo_estrategias_isoladas_1200/somente_dominancia/solver_logs/artigo_estrategias_isoladas_1200__fnl4461fst__R250__seed0__somente_dominancia.log,experimentos_preprocess/artigo_estrategias_isoladas_1200/somente_dominancia/preprocess_logs/fnl4461fst.txt__R250__preprocess.log,experimentos_preprocess/artigo_estrategias_isoladas_1200/somente_dominancia/timeseries/fnl4461fst.txt__R250__timeseries__seed0__somente_dominancia.csv,experimentos_preprocess/artigo_estrategias_isoladas_1200/somente_dominancia/plots/fnl4461fst.txt__R250__lb_ub__seed0__somente_dominancia.png,1036785.0,29.0,587.360803166172,11724334,1661887020,0,
artigo_estrategias_isoladas_1200,artigo_estrategias_isoladas_1200__hc10p__R150__seed0__somente_folhas,2026-08-26T11:15:27+00:00,somente_folhas,0,12,0,total,1200.0,1199.7808354430017,39e60396cec12ffcbeeb9cd795c156dd855ee46d,8cd73be105f57ab1ca33bad09190eacd48d2ad1463037b62e8c706b75d775168,12.0.3,eliel-A50i,Linux-6.8.0-136-generic-x86_64-with-glibc2.39,hc10p.txt,150,1024,10240,512,1024,10240,10240,10240,256,1024,1024,0,0,0,0,0,0,0,0,0,0.07103491196176037,1199.8888289928436,,,,,,,,,,11264,3072,9,10,51.0,88.0,0.42045454545454547,1200.1088537219912,40,True,True,TIME_LIMIT,42.04545454545455,0.0715170309995301,0.1472343310015276,experimentos_preprocess/artigo_estrategias_isoladas_1200/somente_folhas/solver_logs/artigo_estrategias_isoladas_1200__hc10p__R150__seed0__somente_folhas.log,experimentos_preprocess/artigo_estrategias_isoladas_1200/somente_folhas/preprocess_logs/hc10p.txt__R150__preprocess.log,experimentos_preprocess/artigo_estrategias_isoladas_1200/somente_folhas/timeseries/hc10p.txt__R150__timeseries__seed0__somente_folhas.csv,experimentos_preprocess/artigo_estrategias_isoladas_1200/somente_folhas/plots/hc10p.txt__R150__lb_ub__seed0__somente_folhas.png,836851.0,0.0,580.4523224857465,43008,296412456,0,
artigo_estrategias_isoladas_1200,artigo_estrategias_isoladas_1200__hc10p__R150__seed0__somente_alcance,2026-08-26T11:35:27+00:00,somente_alcance,0,12,0,total,1200.0,1199.806462773995,39e60396cec12ffcbeeb9cd795c156dd855ee46d,8cd73be105f57ab1ca33bad09190eacd48d2ad1463037b62e8c706b75d775168,12.0.3,eliel-A50i,Linux-6.8.0-136-generic-x86_64-with-glibc2.39,hc10p.txt,150,1024,10240,512,1024,10240,10240,10240,256,1024,1024,0,,0,0,0,0,0,0,1,0.05691565095912665,1199.8848679065704,,,,,,,,,,11264,3072,9,10,51.0,88.0,0.42045454545454547,1200.0791278570541,40,True,True,TIME_LIMIT,42.04545454545455,0.05831840599421412,0.13456295698415488,experimentos_preprocess/artigo_estrategias_isoladas_1200/somente_alcance/solver_logs/artigo_estrategias_isoladas_1200__hc10p__R150__seed0__somente_alcance.log,experimentos_preprocess/artigo_estrategias_isoladas_1200/somente_alcance/preprocess_logs/hc10p.txt__R150__preprocess.log,experimentos_preprocess/artigo_estrategias_isoladas_1200/somente_alcance/timeseries/hc10p.txt__R150__timeseries__seed0__somente_alcance.csv,experimentos_preprocess/artigo_estrategias_isoladas_1200/somente_alcance/plots/hc10p.txt__R150__lb_ub__seed0__somente_alcance.png,836851.0,0.0,581.0236291559668,43008,296412456,0,
artigo_estrategias_isoladas_1200,artigo_estrategias_isoladas_1200__hc10p__R150__seed0__somente_dominancia,2026-08-26T11:55:28+00:00,somente_dominancia,0,12,0,total,1200.0,1199.01821857295,39e60396cec12ffcbeeb9cd795c156dd855ee46d,8cd73be105f57ab1ca33bad09190eacd48d2ad1463037b62e8c706b75d775168,12.0.3,eliel-A50i,Linux-6.8.0-136-generic-x86_64-with-glibc2.39,hc10p.txt,150,1024,10240,512,1024,10240,10240,10240,256,1024,1024,0,,0,0,0,0,0,0,1,0.8341303879860789,1199.0943279266357,,,,,,,,,,11264,3072,9,10,51.0,88.0,0.42045454545454547,1200.0768574580434,40,True,True,TIME_LIMIT,42.04545454545455,0.834911430021748,0.14639310003258288,experimentos_preprocess/artigo_estrategias_isoladas_1200/somente_dominancia/solver_logs/artigo_estrategias_isoladas_1200__hc10p__R150__seed0__somente_dominancia.log,experimentos_preprocess/artigo_estrategias_isoladas_1200/somente_dominancia/preprocess_logs/hc10p.txt__R150__preprocess.log,experimentos_preprocess/artigo_estrategias_isoladas_1200/somente_dominancia/timeseries/hc10p.txt__R150__timeseries__seed0__somente_dominancia.csv,experimentos_preprocess/artigo_estrategias_isoladas_1200/somente_dominancia/plots/hc10p.txt__R150__lb_ub__seed0__somente_dominancia.png,836851.0,0.0,582.1802452079244,43008,296412456,0,
artigo_estrategias_isoladas_1200,artigo_estrategias_isoladas_1200__hc11p__R150__seed0__somente_folhas,2026-08-26T12:15:28+00:00,somente_folhas,0,12,0,total,1200.0,1198.1609655240318,39e60396cec12ffcbeeb9cd795c156dd855ee46d,7d4c55a4deb37ffc5f5675ea2d189a20090fdc9e6dea1fc8a64298405542a2e5,12.0.3,eliel-A50i,Linux-6.8.0-136-generic-x86_64-with-glibc2.39,hc11p.txt,150,2048,22528,1024,2048,22528,22528,22528,512,2048,2048,0,0,0,0,0,0,0,0,0,0.12157422100426629,1198.1735768318176,,,,,,,,,,24576,6144,9,10,87.0,170.0,0.48823529411764705,1200.0134572539828,1,True,True,TIME_LIMIT,48.8235294117647,0.12250056496122852,1.7161870599957183,experimentos_preprocess/artigo_estrategias_isoladas_1200/somente_folhas/solver_logs/artigo_estrategias_isoladas_1200__hc11p__R150__seed0__somente_folhas.log,experimentos_preprocess/artigo_estrategias_isoladas_1200/somente_folhas/preprocess_logs/hc11p.txt__R150__preprocess.log,experimentos_preprocess/artigo_estrategias_isoladas_1200/somente_folhas/timeseries/hc11p.txt__R150__timeseries__seed0__somente_folhas.csv,experimentos_preprocess/artigo_estrategias_isoladas_1200/somente_folhas/plots/hc11p.txt__R150__lb_ub__seed0__somente_folhas.png,507571.0,0.0,570.753346494963,94208,-1921292980,0,
artigo_estrategias_isoladas_1200,artigo_estrategias_isoladas_1200__hc11p__R150__seed0__somente_alcance,2026-08-26T12:35:29+00:00,somente_alcance,0,12,0,total,1200.0,1199.4690178660094,39e60396cec12ffcbeeb9cd795c156dd855ee46d,7d4c55a4deb37ffc5f5675ea2d189a20090fdc9e6dea1fc8a64298405542a2e5,12.0.3,eliel-A50i,Linux-6.8.0-136-generic-x86_64-with-glibc2.39,hc11p.txt,150,2048,22528,1024,2048,22528,22528,22528,512,2048,2048,0,,0,0,0,0,0,0,1,0.11737434199312702,1199.482423067093,,,,,,,,,,24576,6144,9,10,87.0,170.0,0.48823529411764705,1200.0143691889825,1,True,True,TIME_LIMIT,48.8235294117647,0.12056721100816503,0.40985470201121643,experimentos_preprocess/artigo_estrategias_isoladas_1200/somente_alcance/solver_logs/artigo_estrategias_isoladas_1200__hc11p__R150__seed0__somente_alcance.log,experimentos_preprocess/artigo_estrategias_isoladas_1200/somente_alcance/preprocess_logs/hc11p.txt__R150__preprocess.log,experimentos_preprocess/artigo_estrategias_isoladas_1200/somente_alcance/timeseries/hc11p.txt__R150__timeseries__seed0__somente_alcance.csv,experimentos_preprocess/artigo_estrategias_isoladas_1200/somente_alcance/plots/hc11p.txt__R150__lb_ub__seed0__somente_alcance.png,507571.0,0.0,576.6675298521102,94208,-1921292980,0,
artigo_estrategias_isoladas_1200,artigo_estrategias_isoladas_1200__hc11p__R150__seed0__somente_dominancia,2026-08-26T12:55:29+00:00,somente_dominancia,0,12,0,total,1200.0,1196.570647525019,39e60396cec12ffcbeeb9cd795c156dd855ee46d,7d4c55a4deb37ffc5f5675ea2d189a20090fdc9e6dea1fc8a64298405542a2e5,12.0.3,eliel-A50i,Linux-6.8.0-136-generic-x86_64-with-glibc2.39,hc11p.txt,150,2048,22528,1024,2048,22528,22528,22528,512,2048,2048,0,,0,0,0,0,0,0,1,3.0150989959947765,1196.584354877472,,,,,,,,,,24576,6144,9,10,87.0,170.0,0.48823529411764705,1200.0145861529745,1,True,True,TIME_LIMIT,48.8235294117647,3.0160801490419544,0.4129323310335167,experimentos_preprocess/artigo_estrategias_isoladas_1200/somente_dominancia/solver_logs/artigo_estrategias_isoladas_1200__hc11p__R150__seed0__somente_dominancia.log,experimentos_preprocess/artigo_estrategias_isoladas_1200/somente_dominancia/preprocess_logs/hc11p.txt__R150__preprocess.log,experimentos_preprocess/artigo_estrategias_isoladas_1200/somente_dominancia/timeseries/hc11p.txt__R150__timeseries__seed0__somente_dominancia.csv,experimentos_preprocess/artigo_estrategias_isoladas_1200/somente_dominancia/plots/hc11p.txt__R150__lb_ub__seed0__somente_dominancia.png,507571.0,0.0,572.2991640696223,94208,-1921292980,0,
artigo_estrategias_isoladas_1200,artigo_estrategias_isoladas_1200__hc12p__R150__seed0__somente_folhas,2026-08-26T13:15:30+00:00,somente_folhas,0,12,0,total,1200.0,1198.927065210999,39e60396cec12ffcbeeb9cd795c156dd855ee46d,01ed34bb2b99500b148617b54b7f0502d595624243e21e5be9818194a668ebda,12.0.3,eliel-A50i,Linux-6.8.0-136-generic-x86_64-with-glibc2.39,hc12p.txt,150,4096,49152,2048,4096,49152,49152,49152,1024,4096,4096,0,0,0,0,0,0,0,0,0,0.38439979404211044,1198.9945769309998,,,,,,,,,,53248,12288,9,10,39.0,349.0,0.8882521489971347,1200.0684571110178,1,True,True,TIME_LIMIT,88.82521489971347,0.38666232000105083,0.6859206680092029,experimentos_preprocess/artigo_estrategias_isoladas_1200/somente_folhas/solver_logs/artigo_estrategias_isoladas_1200__hc12p__R150__seed0__somente_folhas.log,experimentos_preprocess/artigo_estrategias_isoladas_1200/somente_folhas/preprocess_logs/hc12p.txt__R150__preprocess.log,experimentos_preprocess/artigo_estrategias_isoladas_1200/somente_folhas/timeseries/hc12p.txt__R150__timeseries__seed0__somente_folhas.csv,experimentos_preprocess/artigo_estrategias_isoladas_1200/somente_folhas/plots/hc12p.txt__R150__lb_ub__seed0__somente_folhas.png,317652.0,0.0,544.3245072919236,204800,1539133051,0,
artigo_estrategias_isoladas_1200,artigo_estrategias_isoladas_1200__hc12p__R150__seed0__somente_alcance,2026-08-26T13:35:31+00:00,somente_alcance,0,12,0,total,1200.0,1198.8745670099743,39e60396cec12ffcbeeb9cd795c156dd855ee46d,01ed34bb2b99500b148617b54b7f0502d595624243e21e5be9818194a668ebda,12.0.3,eliel-A50i,Linux-6.8.0-136-generic-x86_64-with-glibc2.39,hc12p.txt,150,4096,49152,2048,4096,49152,49152,49152,1024,4096,4096,0,,0,0,0,0,0,0,1,0.38023210101528093,1198.9836900234222,,,,,,,,,,53248,12288,9,10,39.0,349.0,0.8882521489971347,1200.1099400060484,1,True,True,TIME_LIMIT,88.82521489971347,0.38804393901955336,0.7367214449914172,experimentos_preprocess/artigo_estrategias_isoladas_1200/somente_alcance/solver_logs/artigo_estrategias_isoladas_1200__hc12p__R150__seed0__somente_alcance.log,experimentos_preprocess/artigo_estrategias_isoladas_1200/somente_alcance/preprocess_logs/hc12p.txt__R150__preprocess.log,experimentos_preprocess/artigo_estrategias_isoladas_1200/somente_alcance/timeseries/hc12p.txt__R150__timeseries__seed0__somente_alcance.csv,experimentos_preprocess/artigo_estrategias_isoladas_1200/somente_alcance/plots/hc12p.txt__R150__lb_ub__seed0__somente_alcance.png,317908.0,0.0,545.044706783861,204800,1539133051,0,
artigo_estrategias_isoladas_1200,artigo_estrategias_isoladas_1200__hc12p__R150__seed0__somente_dominancia,2026-08-26T13:55:32+00:00,somente_dominancia,0,12,0,total,1200.0,1188.0084481029771,39e60396cec12ffcbeeb9cd795c156dd855ee46d,01ed34bb2b99500b148617b54b7f0502d595624243e21e5be9818194a668ebda,12.0.3,eliel-A50i,Linux-6.8.0-136-generic-x86_64-with-glibc2.39,hc12p.txt,150,4096,49152,2048,4096,49152,49152,49152,1024,4096,4096,0,,0,0,0,0,0,0,1,11.388079755997751,1188.1260781288147,,,,,,,,,,53248,12288,9,10,39.0,349.0,0.8882521489971347,1200.1184705190244,1,True,True,TIME_LIMIT,88.82521489971347,11.392032199015375,0.5988920700037852,experimentos_preprocess/artigo_estrategias_isoladas_1200/somente_dominancia/solver_logs/artigo_estrategias_isoladas_1200__hc12p__R150__seed0__somente_dominancia.log,experimentos_preprocess/artigo_estrategias_isoladas_1200/somente_dominancia/preprocess_logs/hc12p.txt__R150__preprocess.log,experimentos_preprocess/artigo_estrategias_isoladas_1200/somente_dominancia/timeseries/hc12p.txt__R150__timeseries__seed0__somente_dominancia.csv,experimentos_preprocess/artigo_estrategias_isoladas_1200/somente_dominancia/plots/hc12p.txt__R150__lb_ub__seed0__somente_dominancia.png,315593.0,0.0,538.5428542565966,204800,1539133051,0,
artigo_estrategias_isoladas_1200,artigo_estrategias_isoladas_1200__hc9u__R1__seed0__somente_folhas,2026-08-26T14:15:32+00:00,somente_folhas,0,12,0,total,1200.0,1199.881306090043,39e60396cec12ffcbeeb9cd795c156dd855ee46d,1f2d51b5734e6b7118a1c4a15144760b763b5e1cf51e6c7d6b84bef2a80e04e0,12.0.3,eliel-A50i,Linux-6.8.0-136-generic-x86_64-with-glibc2.39,hc9u.txt,1,512,4608,256,512,4608,4608,4608,128,512,512,0,0,0,0,0,0,0,0,0,0.03601484501268715,1199.9042110443115,,,,,,,,,,5120,1536,9,10,28.0,45.0,0.37777777777777777,1200.0237335289712,977,True,True,TIME_LIMIT,37.77777777777778,0.03648696100572124,0.08159568504197523,experimentos_preprocess/artigo_estrategias_isoladas_1200/somente_folhas/solver_logs/artigo_estrategias_isoladas_1200__hc9u__R1__seed0__somente_folhas.log,experimentos_preprocess/artigo_estrategias_isoladas_1200/somente_folhas/preprocess_logs/hc9u.txt__R1__preprocess.log,experimentos_preprocess/artigo_estrategias_isoladas_1200/somente_folhas/timeseries/hc9u.txt__R1__timeseries__seed0__somente_folhas.csv,experimentos_preprocess/artigo_estrategias_isoladas_1200/somente_folhas/plots/hc9u.txt__R1__lb_ub__seed0__somente_folhas.png,3977112.0,0.0,596.100334896527,19456,658193913,0,
artigo_estrategias_isoladas_1200,artigo_estrategias_isoladas_1200__hc9u__R1__seed0__somente_alcance,2026-08-26T14:35:32+00:00,somente_alcance,0,12,0,total,1200.0,1199.8941288330243,39e60396cec12ffcbeeb9cd795c156dd855ee46d,1f2d51b5734e6b7118a1c4a15144760b763b5e1cf51e6c7d6b84bef2a80e04e0,12.0.3,eliel-A50i,Linux-6.8.0-136-generic-x86_64-with-glibc2.39,hc9u.txt,1,512,4608,256,512,4608,4608,4608,128,512,512,0,,0,0,0,0,0,0,1,0.02232338098110631,1199.9262669086456,,,,,,,,,,5120,1536,9,10,28.0,45.0,0.37777777777777777,1200.0329661879805,1017,True,True,TIME_LIMIT,37.77777777777778,0.02302935696206987,0.0823327109683305,experimentos_preprocess/artigo_estrategias_isoladas_1200/somente_alcance/solver_logs/artigo_estrategias_isoladas_1200__hc9u__R1__seed0__somente_alcance.log,experimentos_preprocess/artigo_estrategias_isoladas_1200/somente_alcance/preprocess_logs/hc9u.txt__R1__preprocess.log,experimentos_preprocess/artigo_estrategias_isoladas_1200/somente_alcance/timeseries/hc9u.txt__R1__timeseries__seed0__somente_alcance.csv,experimentos_preprocess/artigo_estrategias_isoladas_1200/somente_alcance/plots/hc9u.txt__R1__lb_ub__seed0__somente_alcance.png,4130264.0,0.0,604.429885437147,19456,658193913,0,
artigo_estrategias_isoladas_1200,artigo_estrategias_isoladas_1200__hc9u__R1__seed0__somente_dominancia,2026-08-26T14:55:33+00:00,somente_dominancia,0,12,0,total,1200.0,1199.5043893679976,39e60396cec12ffcbeeb9cd795c156dd855ee46d,1f2d51b5734e6b7118a1c4a15144760b763b5e1cf51e6c7d6b84bef2a80e04e0,12.0.3,eliel-A50i,Linux-6.8.0-136-generic-x86_64-with-glibc2.39,hc9u.txt,1,512,4608,256,512,4608,4608,4608,128,512,512,0,,0,0,0,0,0,0,1,0.2047050010296516,1199.5315039157867,,,,,,,,,,5120,1536,9,10,28.0,45.0,0.37777777777777777,1200.0279892089893,1010,True,True,TIME_LIMIT,37.77777777777778,0.2048866969998926,0.2904370960313827,experimentos_preprocess/artigo_estrategias_isoladas_1200/somente_dominancia/solver_logs/artigo_estrategias_isoladas_1200__hc9u__R1__seed0__somente_dominancia.log,experimentos_preprocess/artigo_estrategias_isoladas_1200/somente_dominancia/preprocess_logs/hc9u.txt__R1__preprocess.log,experimentos_preprocess/artigo_estrategias_isoladas_1200/somente_dominancia/timeseries/hc9u.txt__R1__timeseries__seed0__somente_dominancia.csv,experimentos_preprocess/artigo_estrategias_isoladas_1200/somente_dominancia/plots/hc9u.txt__R1__lb_ub__seed0__somente_dominancia.png,4104392.0,0.0,603.2852412714807,19456,658193913,0,
artigo_estrategias_isoladas_1200,artigo_estrategias_isoladas_1200__inst_Anaheim_n416_m914_st_19__R4__seed0__somente_folhas,2026-08-26T14:59:50+00:00,somente_folhas,0,12,0,total,1200.0,1199.9081289519672,39e60396cec12ffcbeeb9cd795c156dd855ee46d,cab8bc7ae6657050bbd01e24d340524fb9a85c3fe85408a3419ff4d500e7bf07,12.0.3,eliel-A50i,Linux-6.8.0-136-generic-x86_64-with-glibc2.39,inst_Anaheim_n416_m914_st_19.txt,4,416,914,378,416,914,5509,5509,19,416,416,0,90,0,0,0,0,0,0,0,0.012867739016655833,256.85853576660156,,,,,,,,,,5925,1248,2,8,28.0,28.0,0.0,256.95130284898914,36835,False,True,OPTIMAL,0.0,0.013165750016923994,0.07819823297904804,experimentos_preprocess/artigo_estrategias_isoladas_1200/somente_folhas/solver_logs/artigo_estrategias_isoladas_1200__inst_Anaheim_n416_m914_st_19__R4__seed0__somente_folhas.log,experimentos_preprocess/artigo_estrategias_isoladas_1200/somente_folhas/preprocess_logs/inst_Anaheim_n416_m914_st_19.txt__R4__preprocess.log,experimentos_preprocess/artigo_estrategias_isoladas_1200/somente_folhas/timeseries/inst_Anaheim_n416_m914_st_19.txt__R4__timeseries__seed0__somente_folhas.csv,experimentos_preprocess/artigo_estrategias_isoladas_1200/somente_folhas/plots/inst_Anaheim_n416_m914_st_19.txt__R4__lb_ub__seed0__somente_folhas.png,5363553.0,0.0,110.2222299206731,22868,365524238,0,
artigo_estrategias_isoladas_1200,artigo_estrategias_isoladas_1200__inst_Anaheim_n416_m914_st_19__R4__seed0__somente_alcance,2026-08-26T15:04:08+00:00,somente_alcance,0,12,0,total,1200.0,1199.8213362440001,39e60396cec12ffcbeeb9cd795c156dd855ee46d,cab8bc7ae6657050bbd01e24d340524fb9a85c3fe85408a3419ff4d500e7bf07,12.0.3,eliel-A50i,Linux-6.8.0-136-generic-x86_64-with-glibc2.39,inst_Anaheim_n416_m914_st_19.txt,4,416,914,378,416,914,5509,5509,19,416,416,0,,0,0,0,0,0,0,1,0.09336487000109628,257.1124789714813,,,,,,,,,,5925,1248,2,8,28.0,28.0,0.0,257.2921096460195,36835,False,True,OPTIMAL,0.0,0.09389210102381185,0.08413114602444693,experimentos_preprocess/artigo_estrategias_isoladas_1200/somente_alcance/solver_logs/artigo_estrategias_isoladas_1200__inst_Anaheim_n416_m914_st_19__R4__seed0__somente_alcance.log,experimentos_preprocess/artigo_estrategias_isoladas_1200/somente_alcance/preprocess_logs/inst_Anaheim_n416_m914_st_19.txt__R4__preprocess.log,experimentos_preprocess/artigo_estrategias_isoladas_1200/somente_alcance/timeseries/inst_Anaheim_n416_m914_st_19.txt__R4__timeseries__seed0__somente_alcance.csv,experimentos_preprocess/artigo_estrategias_isoladas_1200/somente_alcance/plots/inst_Anaheim_n416_m914_st_19.txt__R4__lb_ub__seed0__somente_alcance.png,5363553.0,0.0,110.2222299206731,22868,365524238,0,
artigo_estrategias_isoladas_1200,artigo_estrategias_isoladas_1200__inst_Anaheim_n416_m914_st_19__R4__seed0__somente_dominancia,2026-08-26T15:07:04+00:00,somente_dominancia,0,12,0,total,1200.0,1199.8043675330118,39e60396cec12ffcbeeb9cd795c156dd855ee46d,cab8bc7ae6657050bbd01e24d340524fb9a85c3fe85408a3419ff4d500e7bf07,12.0.3,eliel-A50i,Linux-6.8.0-136-generic-x86_64-with-glibc2.39,inst_Anaheim_n416_m914_st_19.txt,4,416,914,378,416,914,5509,5476,19,416,408,0,,0,8,8,0,33,33,2,0.1248515960178338,176.14498615264893,,,,,,,,,,5884,1248,2,7,28.0,28.0,0.0,176.34160306002013,27543,False,True,OPTIMAL,0.0,0.12512958300067112,0.07013480603927746,experimentos_preprocess/artigo_estrategias_isoladas_1200/somente_dominancia/solver_logs/artigo_estrategias_isoladas_1200__inst_Anaheim_n416_m914_st_19__R4__seed0__somente_dominancia.log,experimentos_preprocess/artigo_estrategias_isoladas_1200/somente_dominancia/preprocess_logs/inst_Anaheim_n416_m914_st_19.txt__R4__preprocess.log,experimentos_preprocess/artigo_estrategias_isoladas_1200/somente_dominancia/timeseries/inst_Anaheim_n416_m914_st_19.txt__R4__timeseries__seed0__somente_dominancia.csv,experimentos_preprocess/artigo_estrategias_isoladas_1200/somente_dominancia/plots/inst_Anaheim_n416_m914_st_19.txt__R4__lb_ub__seed0__somente_dominancia.png,3222263.0,0.0,70.82615841057965,22720,-275458769,8,
artigo_estrategias_isoladas_1200,artigo_estrategias_isoladas_1200__inst_Barcelona_n1020_m2522_st_54__R21__seed0__somente_folhas,2026-08-26T15:07:18+00:00,somente_folhas,0,12,0,total,1200.0,1194.382816739031,39e60396cec12ffcbeeb9cd795c156dd855ee46d,0752d5f1d2acdb683c4de1a6bce096d6187dd6511ec28616c07472cd6aa0f4f5,12.0.3,eliel-A50i,Linux-6.8.0-136-generic-x86_64-with-glibc2.39,inst_Barcelona_n1020_m2522_st_54.txt,21,930,2522,822,927,2516,534120,534120,54,927,927,3,30,0,0,0,0,0,0,0,1.1259375109802932,7.855263948440552,,,,,,,,,,535047,2781,2,2,0.0,0.0,0.0,13.47358713898575,1,False,True,OPTIMAL,0.0,1.146777154004667,4.46970291499747,experimentos_preprocess/artigo_estrategias_isoladas_1200/somente_folhas/solver_logs/artigo_estrategias_isoladas_1200__inst_Barcelona_n1020_m2522_st_54__R21__seed0__somente_folhas.log,experimentos_preprocess/artigo_estrategias_isoladas_1200/somente_folhas/preprocess_logs/inst_Barcelona_n1020_m2522_st_54.txt__R21__preprocess.log,experimentos_preprocess/artigo_estrategias_isoladas_1200/somente_folhas/timeseries/inst_Barcelona_n1020_m2522_st_54.txt__R21__timeseries__seed0__somente_folhas.csv,experimentos_preprocess/artigo_estrategias_isoladas_1200/somente_folhas/plots/inst_Barcelona_n1020_m2522_st_54.txt__R21__lb_ub__seed0__somente_folhas.png,191.0,0.0,5.510552391501157,2138334,664950303,3,
artigo_estrategias_isoladas_1200,artigo_estrategias_isoladas_1200__inst_Barcelona_n1020_m2522_st_54__R21__seed0__somente_alcance,2026-08-26T15:07:34+00:00,somente_alcance,0,12,0,total,1200.0,1192.3738712260383,39e60396cec12ffcbeeb9cd795c156dd855ee46d,0752d5f1d2acdb683c4de1a6bce096d6187dd6511ec28616c07472cd6aa0f4f5,12.0.3,eliel-A50i,Linux-6.8.0-136-generic-x86_64-with-glibc2.39,inst_Barcelona_n1020_m2522_st_54.txt,21,930,2522,822,930,2522,536333,535864,54,930,929,0,,1,0,1,469,0,469,2,2.560965332959313,7.8834099769592285,,,,,,,,,,536793,2790,2,2,0.0,0.0,0.0,15.510812119988259,1,False,True,OPTIMAL,0.0,2.6016875590430573,5.023643372987863,experimentos_preprocess/artigo_estrategias_isoladas_1200/somente_alcance/solver_logs/artigo_estrategias_isoladas_1200__inst_Barcelona_n1020_m2522_st_54__R21__seed0__somente_alcance.log,experimentos_preprocess/artigo_estrategias_isoladas_1200/somente_alcance/preprocess_logs/inst_Barcelona_n1020_m2522_st_54.txt__R21__preprocess.log,experimentos_preprocess/artigo_estrategias_isoladas_1200/somente_alcance/timeseries/inst_Barcelona_n1020_m2522_st_54.txt__R21__timeseries__seed0__somente_alcance.csv,experimentos_preprocess/artigo_estrategias_isoladas_1200/somente_alcance/plots/inst_Barcelona_n1020_m2522_st_54.txt__R21__lb_ub__seed0__somente_alcance.png,191.0,0.0,5.448767134588807,2145314,-245982655,1,
artigo_estrategias_isoladas_1200,artigo_estrategias_isoladas_1200__inst_Barcelona_n1020_m2522_st_54__R21__seed0__somente_dominancia,2026-08-26T15:07:50+00:00,somente_dominancia,0,12,0,total,1200.0,1192.50036241801,39e60396cec12ffcbeeb9cd795c156dd855ee46d,0752d5f1d2acdb683c4de1a6bce096d6187dd6511ec28616c07472cd6aa0f4f5,12.0.3,eliel-A50i,Linux-6.8.0-136-generic-x86_64-with-glibc2.39,inst_Barcelona_n1020_m2522_st_54.txt,21,930,2522,822,930,2522,536333,535768,54,930,929,0,,0,1,1,0,565,565,2,2.8410899059963413,8.018095016479492,,,,,,,,,,536697,2790,2,2,0.0,0.0,0.0,15.518955585022923,1,False,True,OPTIMAL,0.0,2.874488019035198,4.624314741988201,experimentos_preprocess/artigo_estrategias_isoladas_1200/somente_dominancia/solver_logs/artigo_estrategias_isoladas_1200__inst_Barcelona_n1020_m2522_st_54__R21__seed0__somente_dominancia.log,experimentos_preprocess/artigo_estrategias_isoladas_1200/somente_dominancia/preprocess_logs/inst_Barcelona_n1020_m2522_st_54.txt__R21__preprocess.log,experimentos_preprocess/artigo_estrategias_isoladas_1200/somente_dominancia/timeseries/inst_Barcelona_n1020_m2522_st_54.txt__R21__timeseries__seed0__somente_dominancia.csv,experimentos_preprocess/artigo_estrategias_isoladas_1200/somente_dominancia/plots/inst_Barcelona_n1020_m2522_st_54.txt__R21__lb_ub__seed0__somente_dominancia.png,192.0,0.0,5.527344173352956,2144930,1656603773,1,
artigo_estrategias_isoladas_1200,artigo_estrategias_isoladas_1200__lin23__R500__seed0__somente_folhas,2026-08-26T15:27:51+00:00,somente_folhas,0,12,0,total,1200.0,1192.635708033049,39e60396cec12ffcbeeb9cd795c156dd855ee46d,4735f1f68ae0d94bed5c3a760288b2e044334ab89728278505efb4621bde0c5d,12.0.3,eliel-A50i,Linux-6.8.0-136-generic-x86_64-with-glibc2.39,lin23.txt,500,3716,13500,3664,3716,13500,565174,565174,26,3716,3716,0,4,0,0,0,0,0,0,0,1.2383572980179451,1193.1618390083313,,,,,,,,,,568890,11148,9,7,2.0,17.0,0.8823529411764706,1200.527283549949,152,True,True,TIME_LIMIT,88.23529411764706,1.2669007340446115,6.096790179028176,experimentos_preprocess/artigo_estrategias_isoladas_1200/somente_folhas/solver_logs/artigo_estrategias_isoladas_1200__lin23__R500__seed0__somente_folhas.log,experimentos_preprocess/artigo_estrategias_isoladas_1200/somente_folhas/preprocess_logs/lin23.txt__R500__preprocess.log,experimentos_preprocess/artigo_estrategias_isoladas_1200/somente_folhas/timeseries/lin23.txt__R500__timeseries__seed0__somente_folhas.csv,experimentos_preprocess/artigo_estrategias_isoladas_1200/somente_folhas/plots/lin23.txt__R500__lb_ub__seed0__somente_folhas.png,1201421.0,0.0,578.505111610622,2268128,996648712,0,
artigo_estrategias_isoladas_1200,artigo_estrategias_isoladas_1200__lin23__R500__seed0__somente_alcance,2026-08-26T15:47:52+00:00,somente_alcance,0,12,0,total,1200.0,1192.3366626629722,39e60396cec12ffcbeeb9cd795c156dd855ee46d,4735f1f68ae0d94bed5c3a760288b2e044334ab89728278505efb4621bde0c5d,12.0.3,eliel-A50i,Linux-6.8.0-136-generic-x86_64-with-glibc2.39,lin23.txt,500,3716,13500,3664,3716,13500,565174,565174,26,3716,3716,0,,0,0,0,0,0,0,1,2.3588629710138775,1192.871633052826,,,,,,,,,,568890,11148,9,7,2.0,17.0,0.8823529411764706,1200.5363389250124,151,True,True,TIME_LIMIT,88.23529411764706,2.4137237680261023,5.249108682968654,experimentos_preprocess/artigo_estrategias_isoladas_1200/somente_alcance/solver_logs/artigo_estrategias_isoladas_1200__lin23__R500__seed0__somente_alcance.log,experimentos_preprocess/artigo_estrategias_isoladas_1200/somente_alcance/preprocess_logs/lin23.txt__R500__preprocess.log,experimentos_preprocess/artigo_estrategias_isoladas_1200/somente_alcance/timeseries/lin23.txt__R500__timeseries__seed0__somente_alcance.csv,experimentos_preprocess/artigo_estrategias_isoladas_1200/somente_alcance/plots/lin23.txt__R500__lb_ub__seed0__somente_alcance.png,1200584.0,0.0,577.5547157446038,2268128,996648712,0,
artigo_estrategias_isoladas_1200,artigo_estrategias_isoladas_1200__lin23__R500__seed0__somente_dominancia,2026-08-26T16:07:53+00:00,somente_dominancia,0,12,0,total,1200.0,1185.8795064850128,39e60396cec12ffcbeeb9cd795c156dd855ee46d,4735f1f68ae0d94bed5c3a760288b2e044334ab89728278505efb4621bde0c5d,12.0.3,eliel-A50i,Linux-6.8.0-136-generic-x86_64-with-glibc2.39,lin23.txt,500,3716,13500,3664,3716,13500,565174,565140,26,3716,3715,0,,0,1,1,0,34,34,2,8.661731104948558,1186.022521018982,,,,,,,,,,568855,11148,9,7,2.0,17.0,0.8823529411764706,1200.14423853904,1,True,True,TIME_LIMIT,88.23529411764706,8.700461182976142,5.419377420039382,experimentos_preprocess/artigo_estrategias_isoladas_1200/somente_dominancia/solver_logs/artigo_estrategias_isoladas_1200__lin23__R500__seed0__somente_dominancia.log,experimentos_preprocess/artigo_estrategias_isoladas_1200/somente_dominancia/preprocess_logs/lin23.txt__R500__preprocess.log,experimentos_preprocess/artigo_estrategias_isoladas_1200/somente_dominancia/timeseries/lin23.txt__R500__timeseries__seed0__somente_dominancia.csv,experimentos_preprocess/artigo_estrategias_isoladas_1200/somente_dominancia/plots/lin23.txt__R500__lb_ub__seed0__somente_dominancia.png,317585.0,0.0,664.7921469950664,2267990,-1370348777,1,
artigo_estrategias_isoladas_1200,artigo_estrategias_isoladas_1200__lin37__R500__seed0__somente_folhas,2026-08-26T16:27:56+00:00,somente_folhas,0,12,0,total,1200.0,1107.1573726970237,39e60396cec12ffcbeeb9cd795c156dd855ee46d,4424d0e7a55fdabfb0c736747738389e58c7f74a8ecbcf90757c14bfaeab3e8a,12.0.3,eliel-A50i,Linux-6.8.0-136-generic-x86_64-with-glibc2.39,lin37.txt,500,38418,143314,38246,38418,143314,6341378,6341378,86,38418,38418,0,4,0,0,0,0,0,0,0,22.275602461013477,1109.6454911231995,,,,,,,,,,6379796,115254,9,1,2.0,129.0,0.9844961240310077,1202.491132043011,1,True,True,TIME_LIMIT,98.44961240310077,22.642765356984455,70.19943932798924,experimentos_preprocess/artigo_estrategias_isoladas_1200/somente_folhas/solver_logs/artigo_estrategias_isoladas_1200__lin37__R500__seed0__somente_folhas.log,experimentos_preprocess/artigo_estrategias_isoladas_1200/somente_folhas/preprocess_logs/lin37.txt__R500__preprocess.log,experimentos_preprocess/artigo_estrategias_isoladas_1200/somente_folhas/timeseries/lin37.txt__R500__timeseries__seed0__somente_folhas.csv,experimentos_preprocess/artigo_estrategias_isoladas_1200/somente_folhas/plots/lin37.txt__R500__lb_ub__seed0__somente_folhas.png,420614.0,17.0,359.7943282918705,25442348,1679429688,0,
artigo_estrategias_isoladas_1200,artigo_estrategias_isoladas_1200__lin37__R500__seed0__somente_alcance,2026-08-26T16:47:58+00:00,somente_alcance,0,12,0,total,1200.0,1096.8719518600265,39e60396cec12ffcbeeb9cd795c156dd855ee46d,4424d0e7a55fdabfb0c736747738389e58c7f74a8ecbcf90757c14bfaeab3e8a,12.0.3,eliel-A50i,Linux-6.8.0-136-generic-x86_64-with-glibc2.39,lin37.txt,500,38418,143314,38246,38418,143314,6341378,6341378,86,38418,38418,0,,0,0,0,0,0,0,1,32.266828425985295,1097.7663009166718,,,,,,,,,,6379796,115254,9,1,2.0,129.0,0.9844961240310077,1200.8968008189695,1,True,True,TIME_LIMIT,98.44961240310077,32.88312852400122,70.2442655999912,experimentos_preprocess/artigo_estrategias_isoladas_1200/somente_alcance/solver_logs/artigo_estrategias_isoladas_1200__lin37__R500__seed0__somente_alcance.log,experimentos_preprocess/artigo_estrategias_isoladas_1200/somente_alcance/preprocess_logs/lin37.txt__R500__preprocess.log,experimentos_preprocess/artigo_estrategias_isoladas_1200/somente_alcance/timeseries/lin37.txt__R500__timeseries__seed0__somente_alcance.csv,experimentos_preprocess/artigo_estrategias_isoladas_1200/somente_alcance/plots/lin37.txt__R500__lb_ub__seed0__somente_alcance.png,420614.0,17.0,356.13111239441054,25442348,1679429688,0,
artigo_estrategias_isoladas_1200,artigo_estrategias_isoladas_1200__lin37__R500__seed0__somente_dominancia,2026-08-26T17:08:01+00:00,somente_dominancia,0,12,0,total,1200.0,1107.1047008580063,39e60396cec12ffcbeeb9cd795c156dd855ee46d,4424d0e7a55fdabfb0c736747738389e58c7f74a8ecbcf90757c14bfaeab3e8a,12.0.3,eliel-A50i,Linux-6.8.0-136-generic-x86_64-with-glibc2.39,lin37.txt,500,38418,143314,38246,38418,143314,6341378,6341378,86,38418,38418,0,,0,0,0,0,0,0,1,21.56453206198057,1109.5646510124207,,,,,,,,,,6379796,115254,9,1,2.0,129.0,0.9844961240310077,1202.4627511730068,1,True,True,TIME_LIMIT,98.44961240310077,21.91214916697936,70.9827027329593,experimentos_preprocess/artigo_estrategias_isoladas_1200/somente_dominancia/solver_logs/artigo_estrategias_isoladas_1200__lin37__R500__seed0__somente_dominancia.log,experimentos_preprocess/artigo_estrategias_isoladas_1200/somente_dominancia/preprocess_logs/lin37.txt__R500__preprocess.log,experimentos_preprocess/artigo_estrategias_isoladas_1200/somente_dominancia/timeseries/lin37.txt__R500__timeseries__seed0__somente_dominancia.csv,experimentos_preprocess/artigo_estrategias_isoladas_1200/somente_dominancia/plots/lin37.txt__R500__lb_ub__seed0__somente_dominancia.png,420614.0,17.0,359.82305343502685,25442348,1679429688,0,
