instance_name,formulation,modality,mark_s,observed_time_s,lb,ub,nodes,work
hb-q4-ndir2-p1-k1-L2.txt,baseline,B/C,final,0.005792140960693359,2.0,2.0,1,0.0007507189140099278
hb-q4-ndir2-p1-k1-L2.txt,fcc_k,B/C,1.0,1.2447190284729004,0.0,8.0,0,1.3834521028506361
hb-q4-ndir2-p1-k1-L2.txt,fcc_k,B/C,final,2.4079749584198,2.0,2.0,1,2.3107140035831852
bp-nao-q2-B2-s0.txt,baseline,B/C,final,0.0041179656982421875,7.0,7.0,1,0.00030958983697478986
bp-nao-q2-B2-s0.txt,fcc_k,B/C,1.0,1.6944200992584229,7.0,7.0,0,2.683184425855764
bp-nao-q2-B2-s0.txt,fcc_k,B/C,final,1.7107510566711426,7.0,7.0,1,2.683184425855764
hb-q5-ndir2-p1-k1-L2.txt,baseline,B/C,final,0.01484990119934082,3.0,3.0,1,0.0024292089361737015
hb-q5-ndir2-p1-k1-L2.txt,fcc_k,B/C,1.0,28.023437976837158,0.0,16.0,0,25.62117153263604
hb-q5-ndir2-p1-k1-L2.txt,fcc_k,B/C,5.0,28.023437976837158,0.0,16.0,0,25.62117153263604
hb-q5-ndir2-p1-k1-L2.txt,fcc_k,B/C,10.0,28.023437976837158,0.0,16.0,0,25.62117153263604
hb-q5-ndir2-p1-k1-L2.txt,fcc_k,B/C,30.0,47.41674089431763,3.0,3.0,0,38.94296286552434
hb-q5-ndir2-p1-k1-L2.txt,fcc_k,B/C,final,47.65486693382263,3.0,3.0,1,38.94296286552434
hb-q6-ndir1-p6-k1-L2.txt,baseline,B/C,final,0.0038890838623046875,1.0,1.0,1,0.00023933809630036635
hb-q6-ndir1-p6-k1-L2.txt,fcc_k,B/C,1.0,31.207371950149536,0.0,12.0,0,27.35193012295771
hb-q6-ndir1-p6-k1-L2.txt,fcc_k,B/C,5.0,31.207371950149536,0.0,12.0,0,27.35193012295771
hb-q6-ndir1-p6-k1-L2.txt,fcc_k,B/C,10.0,31.207371950149536,0.0,12.0,0,27.35193012295771
hb-q6-ndir1-p6-k1-L2.txt,fcc_k,B/C,30.0,31.207371950149536,0.0,12.0,0,27.35193012295771
hb-q6-ndir1-p6-k1-L2.txt,fcc_k,B/C,final,48.61718797683716,1.0,1.0,1,38.79395357052804
bp-sim-q2-B2-s0.txt,baseline,B/C,final,0.0037848949432373047,8.0,8.0,1,0.0003470323756180634
bp-sim-q2-B2-s0.txt,fcc_k,B/C,1.0,1.8358099460601807,5.0,,0,2.381413329608035
bp-sim-q2-B2-s0.txt,fcc_k,B/C,final,2.337425947189331,8.0,8.0,1,2.699675003193009
bp-nao-q2-B3-s0.txt,baseline,B/C,final,0.004724025726318359,9.0,9.0,1,0.00044357812821428584
bp-nao-q2-B3-s0.txt,fcc_k,B/C,1.0,28.937474966049194,5.0,16.0,0,32.29919679291986
bp-nao-q2-B3-s0.txt,fcc_k,B/C,5.0,28.937474966049194,5.0,16.0,0,32.29919679291986
bp-nao-q2-B3-s0.txt,fcc_k,B/C,10.0,28.937474966049194,5.0,16.0,0,32.29919679291986
bp-nao-q2-B3-s0.txt,fcc_k,B/C,30.0,34.672439098358154,9.0,9.0,0,35.6234609242349
bp-nao-q2-B3-s0.txt,fcc_k,B/C,final,35.097705125808716,9.0,9.0,1,35.6234609242349
