id,familia,fatia,metodo,sha256,seed_solver,threads,work_limit,guard_s,mip_status,mip_obj,mip_bound,mip_gap,node_count,work,time_mip_s,time_modelo_s,time_to_first_incumbent_s,time_to_best_incumbent_s,time_to_proof_s,n_cortes,commit
bp-q4-sim-s0,bp,0,base,12bcf2d3ef860a29f8b5fdeed6aedb6aea5e4654c3db1fb6f798a2c3ea70adae,42,4,297.0,1800,2,28.0,28.0,0.0,1,0.008574284624588145,0.034172386993304826,0.04228647000854835,0.0057141780853271484,0.03219318389892578,0.034172386993304826,0,97b290d-dirty
bp-q4-sim-s0,bp,0,comp,12bcf2d3ef860a29f8b5fdeed6aedb6aea5e4654c3db1fb6f798a2c3ea70adae,42,4,297.0,1800,2,28.0,28.0,0.0,1,0.19675392125491242,0.4138646529900143,0.06401276400720235,0.06968092918395996,0.411545991897583,0.4138646529900143,498,97b290d-dirty
bp-q4-sim-s0,bp,0,nucleo,12bcf2d3ef860a29f8b5fdeed6aedb6aea5e4654c3db1fb6f798a2c3ea70adae,42,4,297.0,1800,2,28.0,28.0,0.0,1,0.014835774591655408,0.01491691499541048,0.02134674700209871,0.00046896934509277344,0.014256954193115234,0.01491691499541048,498,97b290d-dirty
bp-q4-sim-s0,bp,0,comp_c6,12bcf2d3ef860a29f8b5fdeed6aedb6aea5e4654c3db1fb6f798a2c3ea70adae,42,4,297.0,1800,2,28.0,28.0,0.0,1,0.19676757370720488,0.4143207599991001,0.07052338500216138,0.05818605422973633,0.4116969108581543,0.4143207599991001,552,97b290d-dirty
bp-q4-sim-s1,bp,1,base,c32443b0192ee7279987d0e261421eea4a6d5782345ef7579a9b708db9d84722,42,4,297.0,1800,2,28.0,28.0,0.0,1504,0.3011201866565067,1.0782122520031407,0.05318805899878498,0.006184101104736328,1.0761780738830566,1.0782122520031407,0,97b290d-dirty
bp-q4-sim-s1,bp,1,comp,c32443b0192ee7279987d0e261421eea4a6d5782345ef7579a9b708db9d84722,42,4,297.0,1800,2,28.0,28.0,0.0,1,0.20243900099522436,0.38972895800543483,0.08646988699911162,0.059584856033325195,0.38681793212890625,0.38972895800543483,498,97b290d-dirty
bp-q4-sim-s1,bp,1,nucleo,c32443b0192ee7279987d0e261421eea4a6d5782345ef7579a9b708db9d84722,42,4,297.0,1800,2,28.0,28.0,0.0,1,0.015505476493554805,0.015655020004487596,0.022509657996124588,0.0004630088806152344,0.014394998550415039,0.015655020004487596,498,97b290d-dirty
bp-q4-sim-s1,bp,1,comp_c6,c32443b0192ee7279987d0e261421eea4a6d5782345ef7579a9b708db9d84722,42,4,297.0,1800,2,28.0,28.0,0.0,1,0.20241229596827665,0.39619140700961,0.06868271199346054,0.06473612785339355,0.3941490650177002,0.39619140700961,524,97b290d-dirty
bp-q4-nao-s0,bp,0,base,058295ac43cdb2d59d16d76e7afe8cdc32ed2b21400b2bdb0b234754e6b30a02,42,4,297.0,1800,2,29.0,29.0,0.0,8247,1.8413279608392137,4.033833992987638,0.04714646699721925,0.006414175033569336,0.03184223175048828,4.033833992987638,0,97b290d-dirty
bp-q4-nao-s0,bp,0,comp,058295ac43cdb2d59d16d76e7afe8cdc32ed2b21400b2bdb0b234754e6b30a02,42,4,297.0,1800,2,29.0,29.0,0.0,21472,1.972383619264534,5.406531813001493,0.056682140013435856,0.003177165985107422,0.39737606048583984,5.406531813001493,498,97b290d-dirty
bp-q4-nao-s0,bp,0,nucleo,058295ac43cdb2d59d16d76e7afe8cdc32ed2b21400b2bdb0b234754e6b30a02,42,4,297.0,1800,2,28.0,28.0,0.0,1,0.015062981184165167,0.030341077988850884,0.020711260003736243,0.0004520416259765625,0.027711153030395508,0.030341077988850884,498,97b290d-dirty
bp-q4-nao-s0,bp,0,comp_c6,058295ac43cdb2d59d16d76e7afe8cdc32ed2b21400b2bdb0b234754e6b30a02,42,4,297.0,1800,2,29.0,29.0,0.0,21472,1.9724433152431873,5.253006528000697,0.05613981100032106,0.003222942352294922,0.4637629985809326,5.253006528000697,552,97b290d-dirty
bp-q4-nao-s1,bp,1,base,1db95114445d435f74e8566584f9666e4c11b9a7015094a3caf6870fb7cf283a,42,4,297.0,1800,2,29.0,29.0,0.0,10133,1.8480950986526374,4.176401471995632,0.041037721995962784,0.004972934722900391,0.033538818359375,4.176401471995632,0,97b290d-dirty
bp-q4-nao-s1,bp,1,comp,1db95114445d435f74e8566584f9666e4c11b9a7015094a3caf6870fb7cf283a,42,4,297.0,1800,2,29.0,29.0,0.0,10803,1.1313743284214233,2.644020002000616,0.10092967499804217,0.06311297416687012,0.3679230213165283,2.644020002000616,498,97b290d-dirty
bp-q4-nao-s1,bp,1,nucleo,1db95114445d435f74e8566584f9666e4c11b9a7015094a3caf6870fb7cf283a,42,4,297.0,1800,2,28.0,28.0,0.0,1,0.01476154769324007,0.016359139000996947,0.022943285992369056,0.0004749298095703125,0.015057802200317383,0.016359139000996947,498,97b290d-dirty
bp-q4-nao-s1,bp,1,comp_c6,1db95114445d435f74e8566584f9666e4c11b9a7015094a3caf6870fb7cf283a,42,4,297.0,1800,2,29.0,29.0,0.0,10803,1.1313871785473737,2.8624462810112163,0.05752926199056674,0.060296058654785156,0.35672712326049805,2.8624462810112163,524,97b290d-dirty
bp-q6-sim-s0,bp,0,base,2d3ae1a55762d9f16836fa60588ed6ea19c85c60c6d42818ee53ad60e60670ca,42,4,297.0,1800,2,42.0,42.0,0.0,5060,3.2777771727437566,7.183536541007925,0.0719177630089689,0.009227991104125977,7.17795991897583,7.183536541007925,0,97b290d-dirty
bp-q6-sim-s0,bp,0,comp,2d3ae1a55762d9f16836fa60588ed6ea19c85c60c6d42818ee53ad60e60670ca,42,4,297.0,1800,2,42.0,42.0,0.0,7477,5.13446129317063,12.0751221570099,0.10137480999401305,0.10781979560852051,12.071006774902344,12.0751221570099,746,97b290d-dirty
bp-q6-sim-s0,bp,0,nucleo,2d3ae1a55762d9f16836fa60588ed6ea19c85c60c6d42818ee53ad60e60670ca,42,4,297.0,1800,2,42.0,42.0,0.0,1,0.024277575135441903,0.024123926006723195,0.03511878300923854,0.0007147789001464844,0.022185802459716797,0.024123926006723195,746,97b290d-dirty
bp-q6-sim-s0,bp,0,comp_c6,2d3ae1a55762d9f16836fa60588ed6ea19c85c60c6d42818ee53ad60e60670ca,42,4,297.0,1800,2,42.0,42.0,0.0,7477,5.134713189818642,11.871768295997754,0.0899145509902155,0.09624195098876953,11.867610931396484,11.871768295997754,820,97b290d-dirty
bp-q6-sim-s1,bp,1,base,8f5cc9baed9754a17bfe80443ca6219ad65272c09c237056ffd3b6a9af09e80f,42,4,297.0,1800,2,42.0,42.0,0.0,3629,1.2542061569382572,3.7922773769969353,0.06352223899739329,0.0076770782470703125,3.7882590293884277,3.7922773769969353,0,97b290d-dirty
bp-q6-sim-s1,bp,1,comp,8f5cc9baed9754a17bfe80443ca6219ad65272c09c237056ffd3b6a9af09e80f,42,4,297.0,1800,2,42.0,42.0,0.0,14275,4.617710502877096,10.850727247001487,0.1183027210063301,0.09226679801940918,10.845777988433838,10.850727247001487,746,97b290d-dirty
bp-q6-sim-s1,bp,1,nucleo,8f5cc9baed9754a17bfe80443ca6219ad65272c09c237056ffd3b6a9af09e80f,42,4,297.0,1800,2,42.0,41.99999999999999,0.0,1,0.023939979010664168,0.024872584006516263,0.03598539100494236,0.0007679462432861328,0.0229489803314209,0.024872584006516263,746,97b290d-dirty
bp-q6-sim-s1,bp,1,comp_c6,8f5cc9baed9754a17bfe80443ca6219ad65272c09c237056ffd3b6a9af09e80f,42,4,297.0,1800,2,42.0,42.0,0.0,3316,3.4260900053473207,7.627215224987594,0.12234748799528461,0.11148691177368164,7.6220269203186035,7.627215224987594,806,97b290d-dirty
bp-q6-nao-s0,bp,0,base,8defedd5798dca4139aac6809cff4dc9f4c0e5f13ff795d126976238367519f5,42,4,297.0,1800,16,43.0,42.0,0.023255813953488372,185570,297.12604897993634,367.7040687779954,0.11629097799595911,0.007857084274291992,0.404522180557251,,0,97b290d-dirty
bp-q6-nao-s0,bp,0,comp,8defedd5798dca4139aac6809cff4dc9f4c0e5f13ff795d126976238367519f5,42,4,297.0,1800,2,43.0,43.0,0.0,442843,100.22969909179251,179.69168891498703,0.09303400899807457,0.09605002403259277,3.3417351245880127,179.69168891498703,746,97b290d-dirty
bp-q6-nao-s0,bp,0,nucleo,8defedd5798dca4139aac6809cff4dc9f4c0e5f13ff795d126976238367519f5,42,4,297.0,1800,2,42.0,42.0,0.0,1,0.024183016304532345,0.02518840400443878,0.03912333000334911,0.0007879734039306641,0.023347139358520508,0.02518840400443878,746,97b290d-dirty
bp-q6-nao-s0,bp,0,comp_c6,8defedd5798dca4139aac6809cff4dc9f4c0e5f13ff795d126976238367519f5,42,4,297.0,1800,2,43.0,43.0,0.0,407354,91.59002017258668,167.47932614300225,0.11263915299787186,0.136854887008667,3.512458086013794,167.47932614300225,820,97b290d-dirty
bp-q6-nao-s1,bp,1,base,fdbd8900c505700433d972af52dbbfa2d298e3dddb0e6992f88f887bd833e694,42,4,297.0,1800,16,43.0,42.0,0.023255813953488372,191580,297.1432897300777,368.56770381500246,0.09845092600153293,0.007406949996948242,0.4894828796386719,,0,97b290d-dirty
bp-q6-nao-s1,bp,1,comp,fdbd8900c505700433d972af52dbbfa2d298e3dddb0e6992f88f887bd833e694,42,4,297.0,1800,2,43.0,43.0,0.0,1249203,261.62903997512103,452.1398124779953,0.0909927020111354,0.1049339771270752,2.893300771713257,452.1398124779953,746,97b290d-dirty
bp-q6-nao-s1,bp,1,nucleo,fdbd8900c505700433d972af52dbbfa2d298e3dddb0e6992f88f887bd833e694,42,4,297.0,1800,2,42.0,42.0,0.0,1,0.02400981400466552,0.02565770599176176,0.03613564000988845,0.0008120536804199219,0.023437976837158203,0.02565770599176176,746,97b290d-dirty
bp-q6-nao-s1,bp,1,comp_c6,fdbd8900c505700433d972af52dbbfa2d298e3dddb0e6992f88f887bd833e694,42,4,297.0,1800,2,43.0,43.0,0.0,1205641,257.7166021309382,450.263846700007,0.09431923300144263,0.098175048828125,2.977947950363159,450.263846700007,806,97b290d-dirty
bp-q8-sim-s0,bp,0,base,276ddc39a4e43d65f705ecb1931e9c66e94c2bd19bd0f0c8c45248555153a7c5,42,4,297.0,1800,2,56.0,56.0,0.0,1751,1.2417043341070584,4.273244035997777,0.15598748400225304,0.011020898818969727,4.266819000244141,4.273244035997777,0,97b290d-dirty
bp-q8-sim-s0,bp,0,comp,276ddc39a4e43d65f705ecb1931e9c66e94c2bd19bd0f0c8c45248555153a7c5,42,4,297.0,1800,2,56.0,56.0,0.0,2459,4.434491160669119,9.583501005996368,0.16233555700455327,0.1423330307006836,9.57890009880066,9.583501005996368,994,97b290d-dirty
bp-q8-sim-s0,bp,0,nucleo,276ddc39a4e43d65f705ecb1931e9c66e94c2bd19bd0f0c8c45248555153a7c5,42,4,297.0,1800,2,56.0,56.0,0.0,1,0.034715552849643956,0.03449473400542047,0.04803487200115342,0.0010929107666015625,0.0320589542388916,0.03449473400542047,994,97b290d-dirty
bp-q8-sim-s0,bp,0,comp_c6,276ddc39a4e43d65f705ecb1931e9c66e94c2bd19bd0f0c8c45248555153a7c5,42,4,297.0,1800,2,56.0,56.0,0.0,2459,4.4349152887332695,9.770160646003205,0.13172982100513764,0.1385350227355957,9.765176057815552,9.770160646003205,1074,97b290d-dirty
bp-q8-sim-s1,bp,1,base,84985dffcf82b931bfed49ced7e01c1472021c026f8123c563149471cf603913,42,4,297.0,1800,2,56.0,56.0,0.0,183986,186.05938223499226,290.20430907300033,0.34203855600208044,0.012848138809204102,290.1823661327362,290.20430907300033,0,97b290d-dirty
bp-q8-sim-s1,bp,1,comp,84985dffcf82b931bfed49ced7e01c1472021c026f8123c563149471cf603913,42,4,297.0,1800,2,56.0,56.0,0.0,542349,230.5312942879662,376.6129041959939,0.16646511999715585,0.13732004165649414,376.5566301345825,376.6129041959939,994,97b290d-dirty
bp-q8-sim-s1,bp,1,nucleo,84985dffcf82b931bfed49ced7e01c1472021c026f8123c563149471cf603913,42,4,297.0,1800,2,56.0,56.0,0.0,1,0.03467974511665084,0.03819325800577644,0.05087451700819656,0.001077890396118164,0.03218197822570801,0.03819325800577644,994,97b290d-dirty
bp-q8-sim-s1,bp,1,comp_c6,84985dffcf82b931bfed49ced7e01c1472021c026f8123c563149471cf603913,42,4,297.0,1800,2,56.0,56.0,0.0,542349,230.53152066441845,378.9561451000045,0.15420009900117293,0.13239192962646484,378.90183210372925,378.9561451000045,1102,97b290d-dirty
bp-q8-nao-s0,bp,0,base,a4ad7496d1dc0c5ad7de2858fa34edaaccfd942e44b6a94f460e45edc5931a4b,42,4,297.0,1800,16,57.0,56.000000000000014,0.017543859649122556,352029,297.07441035932015,421.5839811330079,0.0785524630045984,0.010838985443115234,134.53627514839172,,0,97b290d-dirty
bp-q8-nao-s0,bp,0,comp,a4ad7496d1dc0c5ad7de2858fa34edaaccfd942e44b6a94f460e45edc5931a4b,42,4,297.0,1800,16,57.0,56.0,0.017543859649122806,1005453,297.4028122985703,498.4666619100026,0.12396615599573124,0.14478707313537598,8.347431898117065,,994,97b290d-dirty
bp-q8-nao-s0,bp,0,nucleo,a4ad7496d1dc0c5ad7de2858fa34edaaccfd942e44b6a94f460e45edc5931a4b,42,4,297.0,1800,2,56.0,56.0,0.0,1,0.034716361214760676,0.03341507200093474,0.053330328009906225,0.001077890396118164,0.03245091438293457,0.03341507200093474,994,97b290d-dirty
bp-q8-nao-s0,bp,0,comp_c6,a4ad7496d1dc0c5ad7de2858fa34edaaccfd942e44b6a94f460e45edc5931a4b,42,4,297.0,1800,16,57.0,56.0,0.017543859649122806,1041408,297.03114431464286,507.371513192993,0.16262390599877108,0.14357519149780273,7.94614315032959,,1088,97b290d-dirty
bp-q8-nao-s1,bp,1,base,49f7c6599a3da4053ba2ac16745928ab35ddc29ebec7bce05732dfc2a2526df5,42,4,297.0,1800,16,57.0,56.00000000000001,0.01754385964912268,132901,297.19711709135305,638.1974364820053,0.5966686019964982,0.015384197235107422,3.338590145111084,,0,97b290d-dirty
bp-q8-nao-s1,bp,1,comp,49f7c6599a3da4053ba2ac16745928ab35ddc29ebec7bce05732dfc2a2526df5,42,4,297.0,1800,16,57.0,56.0,0.017543859649122806,814958,297.01022878839126,913.1939835460071,0.36084386699076276,0.32627105712890625,46.69926404953003,,994,97b290d-dirty
bp-q8-nao-s1,bp,1,nucleo,49f7c6599a3da4053ba2ac16745928ab35ddc29ebec7bce05732dfc2a2526df5,42,4,297.0,1800,2,56.0,56.0,0.0,1,0.03461180995767112,0.0821213879971765,0.12005298999429215,0.0025148391723632812,0.07647895812988281,0.0821213879971765,994,97b290d-dirty
bp-q8-nao-s1,bp,1,comp_c6,49f7c6599a3da4053ba2ac16745928ab35ddc29ebec7bce05732dfc2a2526df5,42,4,297.0,1800,16,57.0,56.0,0.017543859649122806,928473,297.0205078609922,784.335798946995,0.3625743530137697,0.33040308952331543,25.203490018844604,,1102,97b290d-dirty
sc-gf2-k5,sc,0,base,b13db7dc74d6858610704ccb61a8b68c2e7267587d66e14a6c1b9d219dd393de,42,4,297.0,1800,2,5.0,5.0,0.0,7,0.9390601906829207,3.1230977160012117,0.027341034990968183,0.0012340545654296875,0.5437829494476318,3.1230977160012117,0,97b290d-dirty
sc-gf2-k5,sc,0,comp,b13db7dc74d6858610704ccb61a8b68c2e7267587d66e14a6c1b9d219dd393de,42,4,297.0,1800,2,5.0,5.0,0.0,1,0.2099853515440496,0.3749940859997878,0.03571840100630652,0.0036051273345947266,0.13135910034179688,0.3749940859997878,32,97b290d-dirty
sc-gf2-k5,sc,0,nucleo,b13db7dc74d6858610704ccb61a8b68c2e7267587d66e14a6c1b9d219dd393de,42,4,297.0,1800,2,5.0,5.0,0.0,1,0.006662481954106848,0.04688554001040757,0.0017525209987070411,0.00010180473327636719,0.00010180473327636719,0.04688554001040757,32,97b290d-dirty
sc-gf2-k5,sc,0,comp_c6,b13db7dc74d6858610704ccb61a8b68c2e7267587d66e14a6c1b9d219dd393de,42,4,297.0,1800,2,5.0,5.0,0.0,1,0.23879415915487515,0.3879037129954668,0.03293048699561041,0.001069784164428711,0.07788300514221191,0.3879037129954668,33,97b290d-dirty
sc-rigida-k5-s0,sc,1,base,080a3dffba9e0785e0cd40099968dc56d84c133142e8bb3ef1ba6dbe1f69846f,42,4,297.0,1800,2,3.0,3.0,0.0,1,0.4671884589982391,1.7541547040018486,0.0186313890008023,0.0009069442749023438,0.5330369472503662,1.7541547040018486,0,97b290d-dirty
sc-rigida-k5-s0,sc,1,comp,080a3dffba9e0785e0cd40099968dc56d84c133142e8bb3ef1ba6dbe1f69846f,42,4,297.0,1800,2,3.0,3.0,0.0,1,0.20617437503079178,0.5272620159958024,0.028899958997499198,0.001280069351196289,0.5235919952392578,0.5272620159958024,32,97b290d-dirty
sc-rigida-k5-s0,sc,1,nucleo,080a3dffba9e0785e0cd40099968dc56d84c133142e8bb3ef1ba6dbe1f69846f,42,4,297.0,1800,2,3.0,3.0,0.0,1,0.0011532881711335404,0.004926848007016815,0.0021444260055432096,0.00010609626770019531,0.00010609626770019531,0.004926848007016815,32,97b290d-dirty
sc-rigida-k5-s0,sc,1,comp_c6,080a3dffba9e0785e0cd40099968dc56d84c133142e8bb3ef1ba6dbe1f69846f,42,4,297.0,1800,2,3.0,3.0,0.0,1,0.676143000994721,2.076722615005565,0.030834750999929383,0.0011391639709472656,0.06800603866577148,2.076722615005565,33,97b290d-dirty
sc-rigida-k5-s1,sc,1,base,3d91f95e0dc619b1c8066dd69c86ce45820888c705febb26ee80e540ea0665f4,42,4,297.0,1800,2,3.0,3.0,0.0,1,0.6229311896046236,2.307149418993504,0.020550602988805622,0.0011820793151855469,0.925788164138794,2.307149418993504,0,97b290d-dirty
sc-rigida-k5-s1,sc,1,comp,3d91f95e0dc619b1c8066dd69c86ce45820888c705febb26ee80e540ea0665f4,42,4,297.0,1800,2,3.0,3.0,0.0,1,0.16932823162045035,0.44880462999572046,0.04678549899836071,0.002552032470703125,0.3542640209197998,0.44880462999572046,32,97b290d-dirty
sc-rigida-k5-s1,sc,1,nucleo,3d91f95e0dc619b1c8066dd69c86ce45820888c705febb26ee80e540ea0665f4,42,4,297.0,1800,2,3.0,3.0,0.0,1,0.004339939514532665,0.020155858001089655,0.002782893003313802,0.00011205673217773438,0.007558107376098633,0.020155858001089655,32,97b290d-dirty
sc-rigida-k5-s1,sc,1,comp_c6,3d91f95e0dc619b1c8066dd69c86ce45820888c705febb26ee80e540ea0665f4,42,4,297.0,1800,2,3.0,3.0,0.0,1,0.1929278357964308,0.3871521850087447,0.028606314008357003,0.0022361278533935547,0.38280415534973145,0.3871521850087447,33,97b290d-dirty
sc-gf2-k6,sc,0,base,f41edc0a05a57e898dc26715c9325d149dfbb65bf74da88c4a50daa247c3b372,42,4,297.0,1800,2,6.0,6.0,0.0,1343,69.79188749262896,36.96296144400549,0.07173996399797034,0.005057096481323242,0.22661709785461426,36.96296144400549,0,97b290d-dirty
sc-gf2-k6,sc,0,comp,f41edc0a05a57e898dc26715c9325d149dfbb65bf74da88c4a50daa247c3b372,42,4,297.0,1800,2,6.0,6.0,0.0,1,3.2336848664141065,6.6740481029992225,0.22734390600817278,0.011858940124511719,0.5617189407348633,6.6740481029992225,64,97b290d-dirty
sc-gf2-k6,sc,0,nucleo,f41edc0a05a57e898dc26715c9325d149dfbb65bf74da88c4a50daa247c3b372,42,4,297.0,1800,2,6.0,6.0,0.0,1,0.030575883988895193,0.18124165300105233,0.007431165999150835,0.00019311904907226562,0.00019311904907226562,0.18124165300105233,64,97b290d-dirty
sc-gf2-k6,sc,0,comp_c6,f41edc0a05a57e898dc26715c9325d149dfbb65bf74da88c4a50daa247c3b372,42,4,297.0,1800,2,6.0,6.0,0.0,1,4.006507402462317,8.06465138400381,0.22092934299143963,0.011961936950683594,0.7286689281463623,8.06465138400381,65,97b290d-dirty
sc-rigida-k6-s0,sc,1,base,8dba30a072dd3a53679773192ad2630bee7f72f8f53fb6fc316c73a50afae487,42,4,297.0,1800,2,4.0,4.0,0.0,35316,88.75700296317119,92.10086761100683,0.1012914859893499,0.004756927490234375,0.19754695892333984,92.10086761100683,0,97b290d-dirty
sc-rigida-k6-s0,sc,1,comp,8dba30a072dd3a53679773192ad2630bee7f72f8f53fb6fc316c73a50afae487,42,4,297.0,1800,2,4.0,4.0,0.0,615,26.262073738469436,32.88216248500976,0.1640873229916906,0.010637044906616211,1.1773710250854492,32.88216248500976,64,97b290d-dirty
sc-rigida-k6-s0,sc,1,nucleo,8dba30a072dd3a53679773192ad2630bee7f72f8f53fb6fc316c73a50afae487,42,4,297.0,1800,2,4.0,4.0,0.0,287,0.23704495455845806,0.8525204059988027,0.007660408999072388,0.00022912025451660156,0.032235145568847656,0.8525204059988027,64,97b290d-dirty
sc-rigida-k6-s0,sc,1,comp_c6,8dba30a072dd3a53679773192ad2630bee7f72f8f53fb6fc316c73a50afae487,42,4,297.0,1800,2,4.0,4.0,0.0,555,25.78688528396646,33.35590596300608,0.2244046249979874,0.010734081268310547,0.453808069229126,33.35590596300608,65,97b290d-dirty
sc-rigida-k6-s1,sc,1,base,ebef31d21837e4db685d444a3b8c0de9be014456a0758d023ee9b270d530c147,42,4,297.0,1800,2,4.0,4.0,0.0,35568,86.82441813054918,89.4766812769958,0.1062645869969856,0.005548000335693359,0.2183699607849121,89.4766812769958,0,97b290d-dirty
sc-rigida-k6-s1,sc,1,comp,ebef31d21837e4db685d444a3b8c0de9be014456a0758d023ee9b270d530c147,42,4,297.0,1800,2,4.0,4.0,0.0,598,23.937762802735897,31.94903505500406,0.17885908599419054,0.010921001434326172,3.639378070831299,31.94903505500406,64,97b290d-dirty
sc-rigida-k6-s1,sc,1,nucleo,ebef31d21837e4db685d444a3b8c0de9be014456a0758d023ee9b270d530c147,42,4,297.0,1800,2,4.0,4.0,0.0,288,0.248621496128456,0.5265451209997991,0.003599539995775558,0.00010776519775390625,0.00010776519775390625,0.5265451209997991,64,97b290d-dirty
sc-rigida-k6-s1,sc,1,comp_c6,ebef31d21837e4db685d444a3b8c0de9be014456a0758d023ee9b270d530c147,42,4,297.0,1800,2,4.0,4.0,0.0,612,18.27573437635239,25.932218150002882,0.07122278200404253,0.004570960998535156,0.5692040920257568,25.932218150002882,65,97b290d-dirty
sc-gf2-k7,sc,0,base,d9ae9ca98ebe8a08c45f464e4f3383f491b9bc2c67763acd92f896ccec091f1b,42,4,297.0,1800,16,7.0,2.0,0.7142857142857143,297,298.45530086838295,132.10816621901176,0.35836958899744786,0.02209305763244629,1.0102789402008057,,0,97b290d-dirty
sc-gf2-k7,sc,0,comp,d9ae9ca98ebe8a08c45f464e4f3383f491b9bc2c67763acd92f896ccec091f1b,42,4,297.0,1800,2,7.0,7.0,0.0,6,65.0906824036039,79.64829398300208,0.36237747500126716,0.023175954818725586,1.4979469776153564,79.64829398300208,128,97b290d-dirty
sc-gf2-k7,sc,0,nucleo,d9ae9ca98ebe8a08c45f464e4f3383f491b9bc2c67763acd92f896ccec091f1b,42,4,297.0,1800,2,7.0,7.0,0.0,1,0.12788676453428377,0.2905680569965625,0.010284317002515309,0.00023508071899414062,0.00023508071899414062,0.2905680569965625,128,97b290d-dirty
sc-gf2-k7,sc,0,comp_c6,d9ae9ca98ebe8a08c45f464e4f3383f491b9bc2c67763acd92f896ccec091f1b,42,4,297.0,1800,16,7.0,5.000000000000001,0.2857142857142856,267,298.15250863529633,170.1580374960031,0.4423607650096528,0.023411989212036133,1.1607530117034912,,129,97b290d-dirty
sc-rigida-k7-s0,sc,1,base,e97e9336aaac6482f3f9d642b382872be9ff62f83dfd37dcdf100e8137c3d074,42,4,297.0,1800,16,4.0,2.0,0.5,6946,297.9086450532142,329.5573346980091,0.38839421700686216,0.016270160675048828,57.141247034072876,,0,97b290d-dirty
sc-rigida-k7-s0,sc,1,comp,e97e9336aaac6482f3f9d642b382872be9ff62f83dfd37dcdf100e8137c3d074,42,4,297.0,1800,16,4.0,3.0,0.25,713,299.1469691272478,315.4808950609877,0.3751720990112517,0.016340970993041992,25.43006706237793,,128,97b290d-dirty
sc-rigida-k7-s0,sc,1,nucleo,e97e9336aaac6482f3f9d642b382872be9ff62f83dfd37dcdf100e8137c3d074,42,4,297.0,1800,2,4.0,4.0,0.0,646,1.62544307046163,3.2591397759970278,0.01167924799665343,0.00024890899658203125,0.4273948669433594,3.2591397759970278,128,97b290d-dirty
sc-rigida-k7-s0,sc,1,comp_c6,e97e9336aaac6482f3f9d642b382872be9ff62f83dfd37dcdf100e8137c3d074,42,4,297.0,1800,16,4.0,3.0,0.25,427,299.34860072139656,308.44931515200005,0.3779894670005888,0.015571832656860352,33.490057945251465,,129,97b290d-dirty
sc-rigida-k7-s1,sc,1,base,61c0c31d434bcaa7c80e1de49319047413c39a44fbeb5afb8b985718a328dbaa,42,4,297.0,1800,16,4.0,2.0,0.5,7213,299.5514457947027,331.81958546998794,0.3659451459971024,1.8717780113220215,2.9362430572509766,,0,97b290d-dirty
sc-rigida-k7-s1,sc,1,comp,61c0c31d434bcaa7c80e1de49319047413c39a44fbeb5afb8b985718a328dbaa,42,4,297.0,1800,16,4.0,3.0,0.25,948,298.66889061813976,345.19214683600876,0.33156565300305374,2.4821109771728516,83.11719608306885,,128,97b290d-dirty
sc-rigida-k7-s1,sc,1,nucleo,61c0c31d434bcaa7c80e1de49319047413c39a44fbeb5afb8b985718a328dbaa,42,4,297.0,1800,2,4.0,4.0,0.0,601,2.253911863231183,4.458554507989902,0.011175970998010598,0.0002498626708984375,0.07645893096923828,4.458554507989902,128,97b290d-dirty
sc-rigida-k7-s1,sc,1,comp_c6,61c0c31d434bcaa7c80e1de49319047413c39a44fbeb5afb8b985718a328dbaa,42,4,297.0,1800,16,4.0,3.0,0.25,1257,297.6913262924856,293.6015955860057,0.3791586259903852,1.8808329105377197,105.41499590873718,,129,97b290d-dirty
hb-q6-p1-k1,hb,0,base,9da667fc8f0471539272c3fa24c8050fff43470486b4c76f93415bb48bd3e018,42,4,297.0,1800,2,3.0,3.0,0.0,1,0.0017269545132694688,0.008825883007375523,0.0028871450049337,0.00022077560424804688,0.003780841827392578,0.008825883007375523,0,97b290d-dirty
hb-q6-p1-k1,hb,0,comp,9da667fc8f0471539272c3fa24c8050fff43470486b4c76f93415bb48bd3e018,42,4,297.0,1800,2,3.0,3.0,0.0,1,0.0019206085486872678,0.010697819001507014,0.0031544210069114342,0.00022602081298828125,0.005188941955566406,0.010697819001507014,10,97b290d-dirty
hb-q6-p1-k1,hb,0,nucleo,9da667fc8f0471539272c3fa24c8050fff43470486b4c76f93415bb48bd3e018,42,4,297.0,1800,2,1.0,1.0,0.0,0,2.944671159874608e-05,0.0007857059972593561,0.0006903049943502992,6.29425048828125e-05,0.0005528926849365234,0.0007857059972593561,10,97b290d-dirty
hb-q6-p1-k1,hb,0,comp_c6,9da667fc8f0471539272c3fa24c8050fff43470486b4c76f93415bb48bd3e018,42,4,297.0,1800,2,3.0,3.0,0.0,1,0.002566961473532429,0.016448559996206313,0.004322626002249308,0.0002620220184326172,0.00566411018371582,0.016448559996206313,52,97b290d-dirty
hb-q6-p6-k1,hb,1,base,2fafc589eeb85f8692630eef3dcb0850ceab1a1a6e88fb78414c95b6a0899562,42,4,297.0,1800,2,1.0,1.0,0.0,1,0.00024140009630036638,0.004827051001484506,0.003921470008208416,0.0002689361572265625,0.0034089088439941406,0.004827051001484506,0,97b290d-dirty
hb-q6-p6-k1,hb,1,comp,2fafc589eeb85f8692630eef3dcb0850ceab1a1a6e88fb78414c95b6a0899562,42,4,297.0,1800,2,1.0,1.0,0.0,1,0.0002475138406612686,0.005132805003086105,0.005738436011597514,0.0003039836883544922,0.0037338733673095703,0.005132805003086105,6,97b290d-dirty
hb-q6-p6-k1,hb,1,nucleo,2fafc589eeb85f8692630eef3dcb0850ceab1a1a6e88fb78414c95b6a0899562,42,4,297.0,1800,2,1.0,1.0,0.0,0,1.818392261904762e-05,0.0013891179987695068,0.0011362910008756444,0.00010514259338378906,0.00010514259338378906,0.0013891179987695068,6,97b290d-dirty
hb-q6-p6-k1,hb,1,comp_c6,2fafc589eeb85f8692630eef3dcb0850ceab1a1a6e88fb78414c95b6a0899562,42,4,297.0,1800,2,1.0,1.0,0.0,1,0.0002507555248717949,0.0052675609913421795,0.005298161006066948,0.0002949237823486328,0.0038220882415771484,0.0052675609913421795,10,97b290d-dirty
hb-q6-p1-k4,hb,0,base,72bca9687470ee94d79696737f480eef8b66504a47455eb8ff1104d0a2a65679,42,4,297.0,1800,2,12.0,12.0,0.0,1,0.03260320560756394,0.16189840500010177,0.018916104003437795,0.019516944885253906,0.145521879196167,0.16189840500010177,0,97b290d-dirty
hb-q6-p1-k4,hb,0,comp,72bca9687470ee94d79696737f480eef8b66504a47455eb8ff1104d0a2a65679,42,4,297.0,1800,2,12.0,12.0,0.0,1,0.03136479663831351,0.1456912229914451,0.010617141000693664,0.015501976013183594,0.0618290901184082,0.1456912229914451,40,97b290d-dirty
hb-q6-p1-k4,hb,0,nucleo,72bca9687470ee94d79696737f480eef8b66504a47455eb8ff1104d0a2a65679,42,4,297.0,1800,2,4.0,4.0,0.0,0,9.254364664890345e-05,0.0008045959984883666,0.001404901995556429,6.580352783203125e-05,0.0005958080291748047,0.0008045959984883666,40,97b290d-dirty
hb-q6-p1-k4,hb,0,comp_c6,72bca9687470ee94d79696737f480eef8b66504a47455eb8ff1104d0a2a65679,42,4,297.0,1800,2,12.0,12.0,0.0,1,0.04002050712425196,0.14232502000231761,0.013897897995775566,0.03109598159790039,0.10308098793029785,0.14232502000231761,208,97b290d-dirty
hb-q6-p6-k4,hb,1,base,8682e9cff163631ec27c09e210912f9f8e1bffc208658be6198cdc0c9486f521,42,4,297.0,1800,2,4.0,4.0,0.0,1,0.0016725582230216695,0.005814717005705461,0.009418078989256173,0.0004558563232421875,0.004845857620239258,0.005814717005705461,0,97b290d-dirty
hb-q6-p6-k4,hb,1,comp,8682e9cff163631ec27c09e210912f9f8e1bffc208658be6198cdc0c9486f521,42,4,297.0,1800,2,4.0,4.0,0.0,1,0.0017065041400292677,0.0057080769911408424,0.008197513001505286,0.0004839897155761719,0.004817962646484375,0.0057080769911408424,24,97b290d-dirty
hb-q6-p6-k4,hb,1,nucleo,8682e9cff163631ec27c09e210912f9f8e1bffc208658be6198cdc0c9486f521,42,4,297.0,1800,2,4.0,4.0,0.0,0,4.616439595959596e-05,0.0015494160033995286,0.0020421869994606823,0.00013303756713867188,0.00013303756713867188,0.0015494160033995286,24,97b290d-dirty
hb-q6-p6-k4,hb,1,comp_c6,8682e9cff163631ec27c09e210912f9f8e1bffc208658be6198cdc0c9486f521,42,4,297.0,1800,2,4.0,4.0,0.0,1,0.001722331290312335,0.007112055987818167,0.010366839997004718,0.0006239414215087891,0.005934000015258789,0.007112055987818167,40,97b290d-dirty
hb-q6-p1-k8,hb,0,base,9a98ec6d22d109f90a3f4956bf6b7a93d3670705a2c1a4fcac820f40896ebb3c,42,4,297.0,1800,2,24.0,24.0,0.0,1,0.11688783448136907,0.4165289929951541,0.02467401399917435,0.023994922637939453,0.20592498779296875,0.4165289929951541,0,97b290d-dirty
hb-q6-p1-k8,hb,0,comp,9a98ec6d22d109f90a3f4956bf6b7a93d3670705a2c1a4fcac820f40896ebb3c,42,4,297.0,1800,2,24.0,24.0,0.0,1,0.1539562066597928,0.6137305669981288,0.02602292099618353,0.031152963638305664,0.10157895088195801,0.6137305669981288,80,97b290d-dirty
hb-q6-p1-k8,hb,0,nucleo,9a98ec6d22d109f90a3f4956bf6b7a93d3670705a2c1a4fcac820f40896ebb3c,42,4,297.0,1800,2,8.0,8.0,0.0,0,0.00017590388656438867,0.0014088790048845112,0.0030079170101089403,0.00011992454528808594,0.0010619163513183594,0.0014088790048845112,80,97b290d-dirty
hb-q6-p1-k8,hb,0,comp_c6,9a98ec6d22d109f90a3f4956bf6b7a93d3670705a2c1a4fcac820f40896ebb3c,42,4,297.0,1800,2,24.0,24.0,0.0,1,0.1279758502290034,0.3522761820058804,0.032281926003634,0.0413668155670166,0.04827690124511719,0.3522761820058804,416,97b290d-dirty
hb-q6-p6-k8,hb,1,base,4265ae4ce0047d671aae877ab5407caec300c4e12c141bc895553b3e923beb5d,42,4,297.0,1800,2,8.0,8.0,0.0,1,0.003907666539949142,0.009613439993700013,0.01596477000566665,0.006515979766845703,0.008445978164672852,0.009613439993700013,0,97b290d-dirty
hb-q6-p6-k8,hb,1,comp,4265ae4ce0047d671aae877ab5407caec300c4e12c141bc895553b3e923beb5d,42,4,297.0,1800,2,8.0,8.0,0.0,1,0.00396725575451584,0.011240785999689251,0.02510057299514301,0.007726192474365234,0.00989222526550293,0.011240785999689251,48,97b290d-dirty
hb-q6-p6-k8,hb,1,nucleo,4265ae4ce0047d671aae877ab5407caec300c4e12c141bc895553b3e923beb5d,42,4,297.0,1800,2,8.0,8.0,0.0,0,8.307649902574095e-05,0.0008282189955934882,0.0016618740046396852,6.985664367675781e-05,6.985664367675781e-05,0.0008282189955934882,48,97b290d-dirty
hb-q6-p6-k8,hb,1,comp_c6,4265ae4ce0047d671aae877ab5407caec300c4e12c141bc895553b3e923beb5d,42,4,297.0,1800,2,8.0,8.0,0.0,1,0.003993382500359973,0.01072543699410744,0.0249654829967767,0.007285118103027344,0.009404897689819336,0.01072543699410744,80,97b290d-dirty
