id,familia,fatia,caminho,sha256,n,m,r,precondicao,excluir,commit
bp-q4-sim-s0,bp,0,instances/estrutural/bp/bp-sim-q4-B60-s0.txt,12bcf2d3ef860a29f8b5fdeed6aedb6aea5e4654c3db1fb6f798a2c3ea70adae,544,240,1,particao-dp,,97b290d-dirty
bp-q4-sim-s1,bp,1,instances/estrutural/bp/bp-sim-q4-B60-s1.txt,c32443b0192ee7279987d0e261421eea4a6d5782345ef7579a9b708db9d84722,544,240,1,particao-dp,,97b290d-dirty
bp-q4-nao-s0,bp,0,instances/estrutural/bp/bp-nao-q4-B60-s0.txt,058295ac43cdb2d59d16d76e7afe8cdc32ed2b21400b2bdb0b234754e6b30a02,544,240,1,particao-dp,,97b290d-dirty
bp-q4-nao-s1,bp,1,instances/estrutural/bp/bp-nao-q4-B60-s1.txt,1db95114445d435f74e8566584f9666e4c11b9a7015094a3caf6870fb7cf283a,544,240,1,particao-dp,,97b290d-dirty
bp-q6-sim-s0,bp,0,instances/estrutural/bp/bp-sim-q6-B60-s0.txt,2d3ae1a55762d9f16836fa60588ed6ea19c85c60c6d42818ee53ad60e60670ca,852,360,1,particao-dp,,97b290d-dirty
bp-q6-sim-s1,bp,1,instances/estrutural/bp/bp-sim-q6-B60-s1.txt,8f5cc9baed9754a17bfe80443ca6219ad65272c09c237056ffd3b6a9af09e80f,852,360,1,particao-dp,,97b290d-dirty
bp-q6-nao-s0,bp,0,instances/estrutural/bp/bp-nao-q6-B60-s0.txt,8defedd5798dca4139aac6809cff4dc9f4c0e5f13ff795d126976238367519f5,852,360,1,particao-dp,,97b290d-dirty
bp-q6-nao-s1,bp,1,instances/estrutural/bp/bp-nao-q6-B60-s1.txt,fdbd8900c505700433d972af52dbbfa2d298e3dddb0e6992f88f887bd833e694,852,360,1,particao-dp,,97b290d-dirty
bp-q8-sim-s0,bp,0,instances/estrutural/bp/bp-sim-q8-B60-s0.txt,276ddc39a4e43d65f705ecb1931e9c66e94c2bd19bd0f0c8c45248555153a7c5,1184,480,1,particao-dp,,97b290d-dirty
bp-q8-sim-s1,bp,1,instances/estrutural/bp/bp-sim-q8-B60-s1.txt,84985dffcf82b931bfed49ced7e01c1472021c026f8123c563149471cf603913,1184,480,1,particao-dp,,97b290d-dirty
bp-q8-nao-s0,bp,0,instances/estrutural/bp/bp-nao-q8-B60-s0.txt,a4ad7496d1dc0c5ad7de2858fa34edaaccfd942e44b6a94f460e45edc5931a4b,1184,480,1,particao-dp,,97b290d-dirty
bp-q8-nao-s1,bp,1,instances/estrutural/bp/bp-nao-q8-B60-s1.txt,49f7c6599a3da4053ba2ac16745928ab35ddc29ebec7bce05732dfc2a2526df5,1184,480,1,particao-dp,,97b290d-dirty
sc-gf2-k5,sc,0,instances/estrutural/sc/sc-gf2-k5.txt,b13db7dc74d6858610704ccb61a8b68c2e7267587d66e14a6c1b9d219dd393de,93,31,1,teorema-opt-k,,97b290d-dirty
sc-rigida-k5-s0,sc,1,instances/estrutural/sc/sc-rigida-k5-s0.txt,080a3dffba9e0785e0cd40099968dc56d84c133142e8bb3ef1ba6dbe1f69846f,93,31,1,ind=64;ind_gf2=6;opt_cover=3,,97b290d-dirty
sc-rigida-k5-s1,sc,1,instances/estrutural/sc/sc-rigida-k5-s1.txt,3d91f95e0dc619b1c8066dd69c86ce45820888c705febb26ee80e540ea0665f4,93,31,1,ind=64;ind_gf2=6;opt_cover=3,,97b290d-dirty
sc-gf2-k6,sc,0,instances/estrutural/sc/sc-gf2-k6.txt,f41edc0a05a57e898dc26715c9325d149dfbb65bf74da88c4a50daa247c3b372,189,63,1,teorema-opt-k,,97b290d-dirty
sc-rigida-k6-s0,sc,1,instances/estrutural/sc/sc-rigida-k6-s0.txt,8dba30a072dd3a53679773192ad2630bee7f72f8f53fb6fc316c73a50afae487,189,63,1,ind=128;ind_gf2=6;opt_cover=4,,97b290d-dirty
sc-rigida-k6-s1,sc,1,instances/estrutural/sc/sc-rigida-k6-s1.txt,ebef31d21837e4db685d444a3b8c0de9be014456a0758d023ee9b270d530c147,189,63,1,ind=128;ind_gf2=6;opt_cover=4,,97b290d-dirty
sc-gf2-k7,sc,0,instances/estrutural/sc/sc-gf2-k7.txt,d9ae9ca98ebe8a08c45f464e4f3383f491b9bc2c67763acd92f896ccec091f1b,381,127,1,teorema-opt-k,,97b290d-dirty
sc-rigida-k7-s0,sc,1,instances/estrutural/sc/sc-rigida-k7-s0.txt,e97e9336aaac6482f3f9d642b382872be9ff62f83dfd37dcdf100e8137c3d074,381,127,1,ind=256;ind_gf2=6;opt_cover=4,,97b290d-dirty
sc-rigida-k7-s1,sc,1,instances/estrutural/sc/sc-rigida-k7-s1.txt,61c0c31d434bcaa7c80e1de49319047413c39a44fbeb5afb8b985718a328dbaa,381,127,1,ind=256;ind_gf2=6;opt_cover=4,,97b290d-dirty
hb-q6-p1-k1,hb,0,instances/estrutural/hb/hb-q6-ndir1-p1-k1-L2.txt,9da667fc8f0471539272c3fa24c8050fff43470486b4c76f93415bb48bd3e018,28,11,1,ub-viavel=3;lb-certificado-base,,97b290d-dirty
hb-q6-p6-k1,hb,1,instances/estrutural/hb/hb-q6-ndir1-p6-k1-L2.txt,2fafc589eeb85f8692630eef3dcb0850ceab1a1a6e88fb78414c95b6a0899562,23,11,1,ub-viavel=1;lb-certificado-base,,97b290d-dirty
hb-q6-p1-k4,hb,0,instances/estrutural/hb/hb-q6-ndir1-p1-k4-L2.txt,72bca9687470ee94d79696737f480eef8b66504a47455eb8ff1104d0a2a65679,118,44,1,ub-viavel=12;lb-certificado-base,,97b290d-dirty
hb-q6-p6-k4,hb,1,instances/estrutural/hb/hb-q6-ndir1-p6-k4-L2.txt,8682e9cff163631ec27c09e210912f9f8e1bffc208658be6198cdc0c9486f521,98,44,1,ub-viavel=4;lb-certificado-base,,97b290d-dirty
hb-q6-p1-k8,hb,0,instances/estrutural/hb/hb-q6-ndir1-p1-k8-L2.txt,9a98ec6d22d109f90a3f4956bf6b7a93d3670705a2c1a4fcac820f40896ebb3c,238,88,1,ub-viavel=24;lb-certificado-base,,97b290d-dirty
hb-q6-p6-k8,hb,1,instances/estrutural/hb/hb-q6-ndir1-p6-k8-L2.txt,4265ae4ce0047d671aae877ab5407caec300c4e12c141bc895553b3e923beb5d,198,88,1,ub-viavel=8;lb-certificado-base,,97b290d-dirty
