id,familia,variante,n,m,r,seed,sha256,estrato,n_radiais,alg_status,alg_obj,alg_C,alg_viavel,alg_runtime,opt,fonte_opt,baseline_obj,baseline_status,baseline_runtime,enum_obj,enum_status,fcc_obj,fcc_status,fcc_runtime,fc3_status,acordo_obj,acordo_viabilidade,resultado,max_W,n_W,solver_seed,threads,notes,commit
path-hand-opt0-r2,path,path-alg1,3,1,2,,a12ac5cb286b01621029dc93651b1782c0eb599bea6610ac11c20a82cb5415eb,micro,,ok,1,"[""v1""]",1,8.029997115954757e-05,0.0,enum,0.0,OPTIMAL,0.0007454690057784319,0,OPTIMAL,0.0,OPTIMAL,0.0004029273986816406,OPEN,0,1,suboptimal,200000,7,42,1,tcounter_final=0;vcounter_final=0;ordem=v0|v1|v2,dd485dc
path-hand-one-r1,path,path-alg1,3,1,1,,d7e73b397c4ab8af3709d732c0e146207108a01929862692d878cb0bb591688d,micro,,ok,2,"[""v0"", ""v1""]",1,6.189598934724927e-05,1.0,enum,1.0,OPTIMAL,0.00022140698274597526,1,OPTIMAL,1.0,OPTIMAL,0.0003681182861328125,OPEN,0,1,suboptimal,200000,4,42,1,tcounter_final=0;vcounter_final=0;ordem=v0|v1|v2,dd485dc
path-hand-stay,path,path-alg1,5,1,2,,f8cfd78d9585b0a676298703560d0f9b1b7df9e3a5d79800a7f136f817a5c693,micro,,ok,0,[],1,7.375399582087994e-05,0.0,enum,0.0,OPTIMAL,0.00010671699419617653,0,OPTIMAL,0.0,OPTIMAL,0.0005328655242919922,OPEN,1,1,agreement,200000,26,42,1,tcounter_final=0;vcounter_final=0;ordem=v0|v1|v2|v3|v4,dd485dc
path-hand-sit,path,path-alg1,5,2,2,,15c2d260f528fd2d7e35fad91795f3451eb617b2a59843c5c2de9e8b08fa380b,micro,,ok,2,"[""v1"", ""v3""]",1,9.983900235965848e-05,0.0,enum,0.0,OPTIMAL,0.0012090650270693004,0,OPTIMAL,0.0,OPTIMAL,0.003197193145751953,OPEN,0,1,suboptimal,200000,26,42,1,tcounter_final=0;vcounter_final=0;ordem=v0|v1|v2|v3|v4,dd485dc
path-hand-sit-nperm,path,path-alg1,5,2,1,,54830a3bc6a2ab6a66fc2d2ad7520a32c7d920eefb67338b9d8d5483303d00ea,micro,,ok,4,"[""v0"", ""v1"", ""v2"", ""v3""]",1,9.606999810785055e-05,2.0,enum,2.0,OPTIMAL,0.000570865988265723,2,OPTIMAL,2.0,OPTIMAL,0.003036022186279297,OPEN,0,1,suboptimal,200000,12,42,1,tcounter_final=0;vcounter_final=0;ordem=v0|v1|v2|v3|v4,dd485dc
path-hand-diam,path,path-alg1,8,1,7,,bd688cbfbfc26ea9d68ce4f417fca2f3fff1e45047dd23a298f3756caa78a738,micro,,ok,1,"[""v6""]",1,0.0001739590079523623,0.0,enum,0.0,OPTIMAL,0.00013641896657645702,0,OPTIMAL,0.0,OPTIMAL,0.004032135009765625,OPEN,0,1,suboptimal,200000,255,42,1,tcounter_final=0;vcounter_final=0;ordem=v0|v1|v2|v3|v4|v5|v6|v7,dd485dc
path-m-n8-m1-s42,path,path-alg1,8,1,1,42,350684560ff31dcfe2260f9b56c68e5eb69278e0981e835123641a27e72bf03f,micro,,ok,0,[],1,0.0001251100329682231,0.0,enum,0.0,OPTIMAL,0.00015346496365964413,0,OPTIMAL,0.0,OPTIMAL,0.0009951591491699219,OPEN,1,1,agreement,200000,25,42,1,tcounter_final=0;vcounter_final=0;ordem=v0|v1|v2|v3|v4|v5|v6|v7,dd485dc
path-m-n8-m2-s42,path,path-alg1,8,2,1,42,63531ba805e5f3d82047bdb62691eb61d7aaf606cfb774fef5948d4876a9c972,micro,,ok,5,"[""v1"", ""v2"", ""v3"", ""v4"", ""v6""]",1,0.0001712270313873887,3.0,enum,3.0,OPTIMAL,0.0007742870366200805,3,OPTIMAL,3.0,OPTIMAL,0.004898786544799805,OPEN,0,1,suboptimal,200000,24,42,1,tcounter_final=0;vcounter_final=0;ordem=v0|v1|v2|v3|v4|v5|v6|v7,dd485dc
path-m-n8-m2-s43,path,path-alg1,8,2,2,43,de1b621e1f2c41953d9775e24e35179c6751cc0835632623979b3488e056eacd,micro,,ok,1,"[""v5""]",1,0.00017402099911123514,0.0,enum,0.0,OPTIMAL,0.00013752799713984132,0,OPTIMAL,0.0,OPTIMAL,0.019943952560424805,OPEN,0,1,suboptimal,200000,119,42,1,tcounter_final=0;vcounter_final=1;ordem=v0|v1|v2|v3|v4|v5|v6|v7,dd485dc
path-m-n12-m2-s42,path,path-alg1,12,2,1,42,5f26fe39667ae294af1f264201edd66920dcef4f89dbe6e41be796aaa23b28c6,micro,,ok,8,"[""v1"", ""v2"", ""v3"", ""v4"", ""v5"", ""v6"", ""v7"", ""v9""]",1,0.00011318601900711656,6.0,enum,6.0,OPTIMAL,0.000520050001796335,6,OPTIMAL,6.0,OPTIMAL,0.004363059997558594,OPEN,0,1,suboptimal,200000,38,42,1,tcounter_final=0;vcounter_final=0;ordem=v0|v1|v2|v3|v4|v5|v6|v7|v8|v9|v10|v11,dd485dc
path-m-n16-m4-s42,path,path-alg1,16,4,1,42,7982679f4f9ac3a5b79f1ca36398a28f1a28b8741112df1501ec8f064ec3d36b,micro,,ok,3,"[""v1"", ""v2"", ""v10""]",1,0.0001448980183340609,1.0,enum,1.0,OPTIMAL,0.0004633889766409993,1,OPTIMAL,1.0,OPTIMAL,0.019151926040649414,OPEN,0,1,suboptimal,200000,119,42,1,tcounter_final=0;vcounter_final=0;ordem=v0|v1|v2|v3|v4|v5|v6|v7|v8|v9|v10|v11|v12|v13|v14|v15,dd485dc
path-m-n16-m4-s43,path,path-alg1,16,4,2,43,bd55b8f49425ff22512f7d3bb02881422fcd9e41426a06144d2b60e4142469dd,micro,,ok,0,[],1,9.973597479984164e-05,0.0,enum,0.0,OPTIMAL,0.00015766802243888378,0,OPTIMAL,0.0,OPTIMAL,0.016592979431152344,OPEN,1,1,agreement,200000,6739,42,1,tcounter_final=0;vcounter_final=0;ordem=v0|v1|v2|v3|v4|v5|v6|v7|v8|v9|v10|v11|v12|v13|v14|v15,dd485dc
path-M-n24-m2-s42,path,path-alg1,24,2,1,42,f8a4a38b9c3721c2a9485d810acf88aa64462e69facd3f06ca8423b3c8376013,medium,,ok,11,"[""v2"", ""v3"", ""v4"", ""v5"", ""v6"", ""v7"", ""v8"", ""v9"", ""v10"", ""v11"", ""v17""]",1,0.00025373901007696986,9.0,mip_base,9.0,OPTIMAL,0.0004178520175628364,,not_run_cap,9.0,OPTIMAL,0.016193866729736328,OPEN,0,1,suboptimal,200000,156,42,1,tcounter_final=0;vcounter_final=0;ordem=v0|v1|v2|v3|v4|v5|v6|v7|v8|v9|v10|v11|v12|v13|v14|v15|v16|v17|v18|v19|v20|v21|v22|v23,dd485dc
path-M-n24-m4-s42,path,path-alg1,24,4,1,42,0e75a5742244f01cb754446e0e6149c2460b70e6b65af347c3003790a2538676,medium,,ok,9,"[""v2"", ""v4"", ""v5"", ""v6"", ""v7"", ""v8"", ""v9"", ""v10"", ""v11""]",1,0.00013380299787968397,7.0,mip_base,7.0,OPTIMAL,0.0006096379947848618,,not_run_cap,7.0,OPTIMAL,0.027904987335205078,OPEN,0,1,suboptimal,200000,218,42,1,tcounter_final=0;vcounter_final=0;ordem=v0|v1|v2|v3|v4|v5|v6|v7|v8|v9|v10|v11|v12|v13|v14|v15|v16|v17|v18|v19|v20|v21|v22|v23,dd485dc
path-M-n32-m4-s42,path,path-alg1,32,4,1,42,2cefd64f694d24980cb24cf3c811835759d47cb678f93f6cb374ad6f2fdb6e7d,medium,,ok,13,"[""v4"", ""v5"", ""v6"", ""v10"", ""v11"", ""v12"", ""v13"", ""v14"", ""v15"", ""v16"", ""v17"", ""v18"", ""v19""]",1,0.00013402296463027596,11.0,mip_base,11.0,OPTIMAL,0.0005160639993846416,,not_run_cap,11.0,OPTIMAL,0.0649418830871582,OPEN,0,1,suboptimal,200000,318,42,1,tcounter_final=0;vcounter_final=0;ordem=v0|v1|v2|v3|v4|v5|v6|v7|v8|v9|v10|v11|v12|v13|v14|v15|v16|v17|v18|v19|v20|v21|v22|v23|v24|v25|v26|v27|v28|v29|v30|v31,dd485dc
cycle-hand-n3-opt0,cycle,cycle-alg2,3,1,2,,ad52524fcce92dde9d44737424d16cf29d13f2bba8cfef3f57c0f4494886a5f4,micro,,ok,0,[],1,8.401100058108568e-05,0.0,enum,0.0,OPTIMAL,0.0002875800128094852,0,OPTIMAL,0.0,OPTIMAL,0.00027298927307128906,OPEN,1,1,agreement,200000,7,42,1,"break_winner=2;break_sizes=1,0,0;cycle_order=v0|v1|v2",dd485dc
cycle-hand-n5-r1,cycle,cycle-alg2,5,1,1,,442478e1cc844a243c4863a2aa5f2a4c2fa52be62d87fb2c4832d0af2751c604,micro,,ok,2,"[""v0"", ""v1""]",1,0.00010356499115005136,1.0,enum,1.0,OPTIMAL,0.00036245299270376563,1,OPTIMAL,1.0,OPTIMAL,0.0004642009735107422,OPEN,0,1,suboptimal,200000,15,42,1,"break_winner=4;break_sizes=3,3,2,2,2;cycle_order=v0|v1|v2|v3|v4",dd485dc
cycle-hand-breaks,cycle,cycle-alg2,6,2,1,,543fe5832035f4d5c2eec4ef394fb52c02b6416e949a8e1f5a4f6e075669e1de,micro,,ok,2,"[""v5"", ""v2""]",1,0.0001186929875984788,0.0,enum,0.0,OPTIMAL,6.280001252889633e-05,0,OPTIMAL,0.0,OPTIMAL,0.002525806427001953,OPEN,0,1,suboptimal,200000,31,42,1,"break_winner=4;break_sizes=2,2,4,2,2,4;cycle_order=v0|v1|v2|v3|v4|v5",dd485dc
cycle-hand-sym,cycle,cycle-alg2,6,2,2,,8ef3ef1199ee1c37066100f0764c04b0fd2ff3918a0fca32755a9dd9ee745a01,micro,,ok,1,"[""v3""]",1,0.0002739490009844303,0.0,enum,0.0,OPTIMAL,6.404303712770343e-05,0,OPTIMAL,0.0,OPTIMAL,0.0059719085693359375,OPEN,0,1,suboptimal,200000,60,42,1,"break_winner=5;break_sizes=2,1,1,2,1,1;cycle_order=v0|v1|v2|v3|v4|v5",dd485dc
cycle-hand-sit,cycle,cycle-alg2,6,2,1,,e696b372e2d446778c91beec2028e66dd8d167262d0ecaa2e3014f3eb3acf0f1,micro,,ok,2,"[""v4"", ""v5""]",1,0.00024266698164865375,1.0,enum,1.0,OPTIMAL,0.0014232310350053012,1,OPTIMAL,1.0,OPTIMAL,0.00551605224609375,OPEN,0,1,suboptimal,200000,29,42,1,"break_winner=3;break_sizes=2,2,2,2,4,4;cycle_order=v0|v1|v2|v3|v4|v5",dd485dc
cycle-hand-stay,cycle,cycle-alg2,6,2,1,,efefc7dde9ebb939365736188db48c11f7a9f6990249be31d3a847acaa6eceb7,micro,,ok,0,[],1,0.00020678603323176503,0.0,enum,0.0,OPTIMAL,0.00014464498963207006,0,OPTIMAL,0.0,OPTIMAL,0.0022330284118652344,OPEN,1,1,agreement,200000,31,42,1,"break_winner=5;break_sizes=0,0,0,0,0,0;cycle_order=v0|v1|v2|v3|v4|v5",dd485dc
cycle-m-n8-m2-s42,cycle,cycle-alg2,8,2,1,42,76ea249787c5ac25dcda972efc6f566d096cd36c17a95c974d57ad0bb1bd3c3d,micro,,ok,5,"[""v1"", ""v2"", ""v4"", ""v5"", ""v6""]",1,0.0002938610268756747,3.0,enum,3.0,OPTIMAL,0.001578870986122638,3,OPTIMAL,3.0,OPTIMAL,0.01125192642211914,OPEN,0,1,suboptimal,200000,41,42,1,"break_winner=7;break_sizes=5,6,6,5,5,5,5,5;cycle_order=v0|v1|v2|v3|v4|v5|v6|v7",dd485dc
cycle-m-n12-m2-s43,cycle,cycle-alg2,12,2,2,43,653439e81eb74c2661aae81a25786f10d8a253505228fc6eab13a625febdfc9c,micro,,ok,3,"[""v3"", ""v5"", ""v7""]",1,0.00018309301231056452,1.0,enum,1.0,OPTIMAL,0.0027220300398766994,1,OPTIMAL,1.0,OPTIMAL,0.713831901550293,OPEN,0,1,suboptimal,200000,2006,42,1,"break_winner=11;break_sizes=3,3,3,3,3,3,3,3,3,3,3,3;cycle_order=v0|v1|v2|v3|v4|v5|v6|v7|v8|v9|v10|v11",dd485dc
cycle-m-n16-m4-s42,cycle,cycle-alg2,16,4,1,42,ef1c39f59eca8af06816033a84b3737c48003ccde5f6444fd5f36bddfb5432c3,micro,,ok,4,"[""v3"", ""v4"", ""v5"", ""v9""]",1,0.00023143802536651492,2.0,enum,2.0,OPTIMAL,0.0008975740056484938,2,OPTIMAL,2.0,OPTIMAL,0.03020501136779785,OPEN,0,1,suboptimal,200000,218,42,1,"break_winner=15;break_sizes=4,4,4,13,13,13,4,4,4,15,4,4,4,4,4,4;cycle_order=v0|v1|v2|v3|v4|v5|v6|v7|v8|v9|v10|v11|v12|v13|v14|v15",dd485dc
cycle-M-n24-m2-s42,cycle,cycle-alg2,24,2,1,42,a5ab06a9abe7c64a33dca3b9a52103c352e33ea50a51204b8bb025a96a7447af,medium,,ok,6,"[""v8"", ""v9"", ""v10"", ""v15"", ""v16"", ""v17""]",1,0.0003990780096501112,4.0,mip_base,4.0,OPTIMAL,0.0012101210304535925,,not_run_cap,4.0,OPTIMAL,0.06647586822509766,OPEN,0,1,suboptimal,200000,390,42,1,"break_winner=23;break_sizes=6,6,6,6,6,6,6,6,18,18,18,6,6,6,6,18,18,18,6,6,6,6,6,6;cycle_order=v0|v1|v2|v3|v4|v5|v6|v7|v8|v9|v10|v11|v12|v13|v14|v15|v16|v17|v18|v19|v20|v21|v22|v23",dd485dc
cycle-M-n32-m4-s42,cycle,cycle-alg2,32,4,1,42,f8e147694e614728fd9891a45f3106f3ef100c04b58b5796a865191d5cc0ca2f,medium,,ok,7,"[""v31"", ""v0"", ""v1"", ""v2"", ""v3"", ""v4"", ""v5""]",1,0.0005524879670701921,6.0,mip_base,6.0,OPTIMAL,0.0016893119900487363,,not_run_cap,6.0,OPTIMAL,0.28853416442871094,OPEN,0,1,suboptimal,200000,812,42,1,"break_winner=30;break_sizes=26,26,26,26,31,26,7,7,7,7,7,7,7,7,7,7,7,7,7,7,7,7,7,7,7,7,7,7,7,7,7,26;cycle_order=v0|v1|v2|v3|v4|v5|v6|v7|v8|v9|v10|v11|v12|v13|v14|v15|v16|v17|v18|v19|v20|v21|v22|v23|v24|v25|v26|v27|v28|v29|v30|v31",dd485dc
spider-reading-01,spider,spider-A,8,1,2,,2ed0dc068d4c0e8fcc9e7bade2b4952f0d96157aa707ffef3d04a5a516c9e45b,micro,3,ok,2,"[""r0_1"", ""c""]",0,0.00016255397349596024,2.0,enum,2.0,OPTIMAL,0.001451672986149788,2,OPTIMAL,2.0,OPTIMAL,0.0021440982818603516,OPEN,0,0,infeasible_solution,200000,104,42,1,R0:out=1;R1:in=1;R2:internal=0;center=c;C1=0;C2=0;sigma=r0_1;pairs=r0_3:1->r1_3:3,dd485dc
spider-reading-01,spider,spider-B,8,1,2,,2ed0dc068d4c0e8fcc9e7bade2b4952f0d96157aa707ffef3d04a5a516c9e45b,micro,3,ok,3,"[""r0_2"", ""r1_2"", ""c""]",1,0.00013903103535994887,2.0,enum,2.0,OPTIMAL,0.001451672986149788,2,OPTIMAL,2.0,OPTIMAL,0.0021440982818603516,OPEN,0,1,suboptimal,200000,104,42,1,R0:out=1;R1:in=1;R2:internal=0;center=c;C1=0;C2=0;sigma=r0_2;pairs=r0_3:0->r1_3:3,dd485dc
spider-reading-01,spider,spider-U,8,1,2,,2ed0dc068d4c0e8fcc9e7bade2b4952f0d96157aa707ffef3d04a5a516c9e45b,micro,3,ok,2,"[""r0_1"", ""c""]",0,8.681998588144779e-05,2.0,enum,2.0,OPTIMAL,0.001451672986149788,2,OPTIMAL,2.0,OPTIMAL,0.0021440982818603516,OPEN,0,0,infeasible_solution,200000,104,42,1,R0:out=1;R1:in=1;R2:internal=0;center=c;C1=0;C2=0;sigma=r0_1;pairs=r0_3:1->r1_3:3,dd485dc
spider-reading-02,spider,spider-A,8,1,2,,03ba6bee4194239271d3942580f87887b7edf7d5bd925e3af9673576e327d302,micro,3,ok,1,"[""c""]",0,0.0001927939592860639,2.0,enum,2.0,OPTIMAL,0.002434916968923062,2,OPTIMAL,2.0,OPTIMAL,0.002965211868286133,OPEN,0,0,infeasible_solution,200000,104,42,1,R0:out=1;R1:in=1;R2:internal=0;center=c;C1=0;C2=0;sigma=None;pairs=r0_1:1->r1_5:5,dd485dc
spider-reading-02,spider,spider-B,8,1,2,,03ba6bee4194239271d3942580f87887b7edf7d5bd925e3af9673576e327d302,micro,3,ok,3,"[""r1_4"", ""r1_2"", ""c""]",1,0.00016189098823815584,2.0,enum,2.0,OPTIMAL,0.002434916968923062,2,OPTIMAL,2.0,OPTIMAL,0.002965211868286133,OPEN,0,1,suboptimal,200000,104,42,1,R0:out=1;R1:in=1;R2:internal=0;center=c;C1=0;C2=0;sigma=r1_2;pairs=r0_1:1->r1_5:5,dd485dc
spider-reading-02,spider,spider-U,8,1,2,,03ba6bee4194239271d3942580f87887b7edf7d5bd925e3af9673576e327d302,micro,3,ok,1,"[""c""]",0,0.00010425201617181301,2.0,enum,2.0,OPTIMAL,0.002434916968923062,2,OPTIMAL,2.0,OPTIMAL,0.002965211868286133,OPEN,0,0,infeasible_solution,200000,104,42,1,R0:out=1;R1:in=1;R2:internal=0;center=c;C1=0;C2=0;sigma=None;pairs=r0_1:1->r1_5:5,dd485dc
spider-reading-03,spider,spider-A,13,3,2,,45a098ee66de3c1424f9adfdc4a016b3ab83dc3e00aa06ba22b0abfaf819c3d5,micro,3,unspecified,,[],,0.00012317299842834473,2.0,enum,2.0,OPTIMAL,0.0047473449958488345,2,OPTIMAL,2.0,OPTIMAL,1.9603090286254883,OPEN,0,0,unspecified,200000,2238,42,1,INT-A não fecha radial mista desbalanceada rid=2 |S_i|=1 |T_i|=2,dd485dc
spider-reading-03,spider,spider-B,13,3,2,,45a098ee66de3c1424f9adfdc4a016b3ab83dc3e00aa06ba22b0abfaf819c3d5,micro,3,unspecified,,[],,6.940599996596575e-05,2.0,enum,2.0,OPTIMAL,0.0047473449958488345,2,OPTIMAL,2.0,OPTIMAL,1.9603090286254883,OPEN,0,0,unspecified,200000,2238,42,1,INT-A não fecha radial mista desbalanceada rid=2 |S_i|=1 |T_i|=2,dd485dc
spider-reading-03,spider,spider-U,13,3,2,,45a098ee66de3c1424f9adfdc4a016b3ab83dc3e00aa06ba22b0abfaf819c3d5,micro,3,unspecified,,[],,5.607999628409743e-05,2.0,enum,2.0,OPTIMAL,0.0047473449958488345,2,OPTIMAL,2.0,OPTIMAL,1.9603090286254883,OPEN,0,0,unspecified,200000,2238,42,1,INT-A não fecha radial mista desbalanceada rid=2 |S_i|=1 |T_i|=2,dd485dc
spider-reading-04,spider,spider-A,6,2,2,,1090b00cedb742abb8ace8c6836e297e48bbf0e14bcd0a691ceb8f7e756a0c9c,micro,3,ok,0,[],1,0.00012611201964318752,0.0,enum,0.0,OPTIMAL,0.0009083239710889757,0,OPTIMAL,0.0,OPTIMAL,0.004525899887084961,OPEN,1,1,agreement,200000,51,42,1,"R0:out=1;R1:in=1;R2:internal=0;center=c;C1=1;C2=0;sigma=None;pairs=c:2->r1_2:2,r0_2:0->c:0",dd485dc
spider-reading-04,spider,spider-B,6,2,2,,1090b00cedb742abb8ace8c6836e297e48bbf0e14bcd0a691ceb8f7e756a0c9c,micro,3,ok,2,"[""r0_1"", ""r1_1""]",1,0.00010870100231841207,0.0,enum,0.0,OPTIMAL,0.0009083239710889757,0,OPTIMAL,0.0,OPTIMAL,0.004525899887084961,OPEN,0,1,suboptimal,200000,51,42,1,"R0:out=1;R1:in=1;R2:internal=0;center=c;C1=1;C2=0;sigma=r0_1;pairs=c:2->r1_2:2,r0_2:1->c:0",dd485dc
spider-reading-04,spider,spider-U,6,2,2,,1090b00cedb742abb8ace8c6836e297e48bbf0e14bcd0a691ceb8f7e756a0c9c,micro,3,unspecified,,[],,3.747595474123955e-05,0.0,enum,0.0,OPTIMAL,0.0009083239710889757,0,OPTIMAL,0.0,OPTIMAL,0.004525899887084961,OPEN,0,0,unspecified,200000,51,42,1,SP-R4-UNSPEC: S∩T não vazio,dd485dc
spider-reading-05,spider,spider-A,6,1,1,,c4aabbecc43b687fd1cf166f05de3112462d1c4364e3e46afe7ebf390c5992ba,micro,3,ok,1,"[""c""]",0,0.0001087050186470151,3.0,enum,3.0,OPTIMAL,0.00029785599326714873,3,OPTIMAL,3.0,OPTIMAL,0.00043892860412597656,OPEN,0,0,infeasible_solution,200000,8,42,1,R0:out=1;R1:in=1;R2:internal=0;center=c;C1=0;C2=0;sigma=None;pairs=r0_1:0->r1_3:3,dd485dc
spider-reading-05,spider,spider-B,6,1,1,,c4aabbecc43b687fd1cf166f05de3112462d1c4364e3e46afe7ebf390c5992ba,micro,3,ok,5,"[""r0_1"", ""r1_3"", ""r1_2"", ""r1_1"", ""c""]",1,0.0001284669851884246,3.0,enum,3.0,OPTIMAL,0.00029785599326714873,3,OPTIMAL,3.0,OPTIMAL,0.00043892860412597656,OPEN,0,1,suboptimal,200000,8,42,1,R0:out=1;R1:in=1;R2:internal=0;center=c;C1=0;C2=0;sigma=r0_1;pairs=r0_1:0->r1_3:3,dd485dc
spider-reading-05,spider,spider-U,6,1,1,,c4aabbecc43b687fd1cf166f05de3112462d1c4364e3e46afe7ebf390c5992ba,micro,3,unspecified,,[],,5.5262004025280476e-05,3.0,enum,3.0,OPTIMAL,0.00029785599326714873,3,OPTIMAL,3.0,OPTIMAL,0.00043892860412597656,OPEN,0,0,unspecified,200000,8,42,1,R0:out=1;R1:in=1;R2:internal=0; SP-R5-UNSPEC: r_prime=0,dd485dc
spider-hand-min3,spider,spider-A,4,1,1,,dd33d6b668b198fdff17468eeb28f991b3eed1269c7aa92b01efd4240fc9030d,micro,3,ok,1,"[""c""]",1,0.0001245650346390903,1.0,enum,1.0,OPTIMAL,0.00030318397330120206,1,OPTIMAL,1.0,OPTIMAL,0.0005140304565429688,OPEN,1,1,agreement,200000,8,42,1,R0:out=1;R1:in=1;R2:internal=0;center=c;C1=0;C2=0;sigma=None;pairs=r0_1:0->r1_1:1,dd485dc
spider-hand-min3,spider,spider-B,4,1,1,,dd33d6b668b198fdff17468eeb28f991b3eed1269c7aa92b01efd4240fc9030d,micro,3,ok,3,"[""r0_1"", ""r1_1"", ""c""]",1,0.00011910998728126287,1.0,enum,1.0,OPTIMAL,0.00030318397330120206,1,OPTIMAL,1.0,OPTIMAL,0.0005140304565429688,OPEN,0,1,suboptimal,200000,8,42,1,R0:out=1;R1:in=1;R2:internal=0;center=c;C1=0;C2=0;sigma=r0_1;pairs=r0_1:0->r1_1:1,dd485dc
spider-hand-min3,spider,spider-U,4,1,1,,dd33d6b668b198fdff17468eeb28f991b3eed1269c7aa92b01efd4240fc9030d,micro,3,unspecified,,[],,6.1031023506075144e-05,1.0,enum,1.0,OPTIMAL,0.00030318397330120206,1,OPTIMAL,1.0,OPTIMAL,0.0005140304565429688,OPEN,0,0,unspecified,200000,8,42,1,R0:out=1;R1:in=1;R2:internal=0; SP-R5-UNSPEC: r_prime=0,dd485dc
spider-hand-rad1,spider,spider-A,9,1,2,,553c2054d583a47efc485fb5ca01dc09bf74c53555f0825106d3da72ccab4dbb,micro,3,ok,2,"[""r1_1"", ""c""]",0,0.00026495399652048945,3.0,enum,3.0,OPTIMAL,0.003735099977348,3,OPTIMAL,3.0,OPTIMAL,0.006070137023925781,OPEN,0,0,infeasible_solution,200000,168,42,1,R0:internal=0;R1:out=1;R2:in=1;center=c;C1=0;C2=0;sigma=r1_1;pairs=r1_3:1->r2_4:4,dd485dc
spider-hand-rad1,spider,spider-B,9,1,2,,553c2054d583a47efc485fb5ca01dc09bf74c53555f0825106d3da72ccab4dbb,micro,3,ok,4,"[""r1_2"", ""r2_3"", ""r2_1"", ""c""]",1,0.0002121280413120985,3.0,enum,3.0,OPTIMAL,0.003735099977348,3,OPTIMAL,3.0,OPTIMAL,0.006070137023925781,OPEN,0,1,suboptimal,200000,168,42,1,R0:internal=0;R1:out=1;R2:in=1;center=c;C1=0;C2=0;sigma=r2_1;pairs=r1_3:0->r2_4:4,dd485dc
spider-hand-rad1,spider,spider-U,9,1,2,,553c2054d583a47efc485fb5ca01dc09bf74c53555f0825106d3da72ccab4dbb,micro,3,ok,2,"[""r1_1"", ""c""]",0,0.00015536503633484244,3.0,enum,3.0,OPTIMAL,0.003735099977348,3,OPTIMAL,3.0,OPTIMAL,0.006070137023925781,OPEN,0,0,infeasible_solution,200000,168,42,1,R0:internal=0;R1:out=1;R2:in=1;center=c;C1=0;C2=0;sigma=r1_1;pairs=r1_3:1->r2_4:4,dd485dc
spider-hand-len,spider,spider-A,11,1,2,,65431f9c6eef4c4aa0ff74f46d35d5f9e5bea7945396be34911820f8e6b88759,micro,3,ok,3,"[""r2_4"", ""r2_2"", ""c""]",0,0.00015535397687926888,4.0,enum,4.0,OPTIMAL,0.0028401120216585696,4,OPTIMAL,4.0,OPTIMAL,0.0077130794525146484,OPEN,0,0,infeasible_solution,200000,440,42,1,R0:internal=0;R1:in=1;R2:out=1;center=c;C1=0;C2=0;sigma=r2_2;pairs=r2_6:0->r1_3:3,dd485dc
spider-hand-len,spider,spider-B,11,1,2,,65431f9c6eef4c4aa0ff74f46d35d5f9e5bea7945396be34911820f8e6b88759,micro,3,ok,5,"[""r1_2"", ""r2_5"", ""r2_3"", ""r2_1"", ""c""]",1,0.00012548197992146015,4.0,enum,4.0,OPTIMAL,0.0028401120216585696,4,OPTIMAL,4.0,OPTIMAL,0.0077130794525146484,OPEN,0,1,suboptimal,200000,440,42,1,R0:internal=0;R1:in=1;R2:out=1;center=c;C1=0;C2=0;sigma=r2_1;pairs=r2_6:1->r1_3:3,dd485dc
spider-hand-len,spider,spider-U,11,1,2,,65431f9c6eef4c4aa0ff74f46d35d5f9e5bea7945396be34911820f8e6b88759,micro,3,unspecified,,"[""r2_4"", ""r2_2""]",,9.718997171148658e-05,4.0,enum,4.0,OPTIMAL,0.0028401120216585696,4,OPTIMAL,4.0,OPTIMAL,0.0077130794525146484,OPEN,0,0,unspecified,200000,440,42,1,R0:internal=0;R1:in=1;R2:out=1; SP-R5-UNSPEC: r_prime=0,dd485dc
spider-hand-same,spider,spider-A,10,1,2,,5cbda2592b85725de1aa981fad654f9b37285aaf7d3e50a72fe1f48e506eeece,micro,3,ok,1,"[""r1_3""]",1,0.00016783701721578836,1.0,enum,1.0,OPTIMAL,0.0010967199923470616,1,OPTIMAL,1.0,OPTIMAL,0.0072939395904541016,OPEN,1,1,agreement,200000,376,42,1,R0:internal=0;R1:internal=1;R2:internal=0;center=c;C1=1;C2=1;sigma=r1_3;pairs=,dd485dc
spider-hand-same,spider,spider-B,10,1,2,,5cbda2592b85725de1aa981fad654f9b37285aaf7d3e50a72fe1f48e506eeece,micro,3,ok,1,"[""r1_3""]",1,0.00010484998347237706,1.0,enum,1.0,OPTIMAL,0.0010967199923470616,1,OPTIMAL,1.0,OPTIMAL,0.0072939395904541016,OPEN,1,1,agreement,200000,376,42,1,R0:internal=0;R1:internal=1;R2:internal=0;center=c;C1=1;C2=1;sigma=r1_3;pairs=,dd485dc
spider-hand-same,spider,spider-U,10,1,2,,5cbda2592b85725de1aa981fad654f9b37285aaf7d3e50a72fe1f48e506eeece,micro,3,ok,1,"[""r1_3""]",1,8.011696627363563e-05,1.0,enum,1.0,OPTIMAL,0.0010967199923470616,1,OPTIMAL,1.0,OPTIMAL,0.0072939395904541016,OPEN,1,1,agreement,200000,376,42,1,R0:internal=0;R1:internal=1;R2:internal=0;center=c;C1=1;C2=1;sigma=r1_3;pairs=,dd485dc
spider-hand-cross,spider,spider-A,9,1,2,,291ed4e5e198304da83594b9e43dfccdfb817422d567e8f7b77e8df92c850553,micro,3,ok,2,"[""r0_1"", ""c""]",0,0.00020991801284253597,2.0,enum,2.0,OPTIMAL,0.002063065010588616,2,OPTIMAL,2.0,OPTIMAL,0.004954814910888672,OPEN,0,0,infeasible_solution,200000,192,42,1,R0:out=1;R1:in=1;R2:internal=0;center=c;C1=0;C2=0;sigma=r0_1;pairs=r0_3:1->r1_3:3,dd485dc
spider-hand-cross,spider,spider-B,9,1,2,,291ed4e5e198304da83594b9e43dfccdfb817422d567e8f7b77e8df92c850553,micro,3,ok,3,"[""r0_2"", ""r1_2"", ""c""]",1,0.0001643509604036808,2.0,enum,2.0,OPTIMAL,0.002063065010588616,2,OPTIMAL,2.0,OPTIMAL,0.004954814910888672,OPEN,0,1,suboptimal,200000,192,42,1,R0:out=1;R1:in=1;R2:internal=0;center=c;C1=0;C2=0;sigma=r0_2;pairs=r0_3:0->r1_3:3,dd485dc
spider-hand-cross,spider,spider-U,9,1,2,,291ed4e5e198304da83594b9e43dfccdfb817422d567e8f7b77e8df92c850553,micro,3,ok,2,"[""r0_1"", ""c""]",0,0.0001126900315284729,2.0,enum,2.0,OPTIMAL,0.002063065010588616,2,OPTIMAL,2.0,OPTIMAL,0.004954814910888672,OPEN,0,0,infeasible_solution,200000,192,42,1,R0:out=1;R1:in=1;R2:internal=0;center=c;C1=0;C2=0;sigma=r0_1;pairs=r0_3:1->r1_3:3,dd485dc
spider-hand-mix,spider,spider-A,12,2,2,,adf9038ef51e04639d254517c556f7941799b4805fd8e8a202889d636cf5d97a,micro,3,ok,3,"[""r0_3"", ""r1_2"", ""c""]",0,0.00014510599430650473,3.0,enum,3.0,OPTIMAL,0.005607610975857824,3,OPTIMAL,3.0,OPTIMAL,0.2752959728240967,OPEN,0,0,infeasible_solution,200000,1281,42,1,R0:internal=1;R1:out=1;R2:in=1;center=c;C1=0;C2=0;sigma=r1_2;pairs=r1_4:0->r2_3:3,dd485dc
spider-hand-mix,spider,spider-B,12,2,2,,adf9038ef51e04639d254517c556f7941799b4805fd8e8a202889d636cf5d97a,micro,3,ok,5,"[""r0_3"", ""r1_3"", ""r1_1"", ""r2_2"", ""c""]",1,0.0001025620149448514,3.0,enum,3.0,OPTIMAL,0.005607610975857824,3,OPTIMAL,3.0,OPTIMAL,0.2752959728240967,OPEN,0,1,suboptimal,200000,1281,42,1,R0:internal=1;R1:out=1;R2:in=1;center=c;C1=0;C2=0;sigma=r1_1;pairs=r1_4:1->r2_3:3,dd485dc
spider-hand-mix,spider,spider-U,12,2,2,,adf9038ef51e04639d254517c556f7941799b4805fd8e8a202889d636cf5d97a,micro,3,unspecified,,"[""r0_3"", ""r1_2""]",,7.187901064753532e-05,3.0,enum,3.0,OPTIMAL,0.005607610975857824,3,OPTIMAL,3.0,OPTIMAL,0.2752959728240967,OPEN,0,0,unspecified,200000,1281,42,1,R0:internal=1;R1:out=1;R2:in=1; SP-R5-UNSPEC: r_prime=0,dd485dc
spider-hand-cs,spider,spider-A,7,1,2,,cd5d900328cd2da65eb337d0e40cfad8b378ca1633077d2c75d9914283f6043c,micro,3,ok,1,"[""c""]",0,0.00010402098996564746,1.0,enum,1.0,OPTIMAL,0.0012496929848566651,1,OPTIMAL,1.0,OPTIMAL,0.00102996826171875,OPEN,0,0,infeasible_solution,200000,74,42,1,R0:in=1;R1:internal=0;R2:internal=0;center=c;C1=0;C2=0;sigma=None;pairs=c:2->r0_3:3,dd485dc
spider-hand-cs,spider,spider-B,7,1,2,,cd5d900328cd2da65eb337d0e40cfad8b378ca1633077d2c75d9914283f6043c,micro,3,ok,1,"[""r0_2""]",1,9.674398461356759e-05,1.0,enum,1.0,OPTIMAL,0.0012496929848566651,1,OPTIMAL,1.0,OPTIMAL,0.00102996826171875,OPEN,1,1,agreement,200000,74,42,1,R0:in=1;R1:internal=0;R2:internal=0;center=c;C1=0;C2=1;sigma=r0_2;pairs=c:2->r0_3:3,dd485dc
spider-hand-cs,spider,spider-U,7,1,2,,cd5d900328cd2da65eb337d0e40cfad8b378ca1633077d2c75d9914283f6043c,micro,3,ok,1,"[""c""]",0,6.823200965300202e-05,1.0,enum,1.0,OPTIMAL,0.0012496929848566651,1,OPTIMAL,1.0,OPTIMAL,0.00102996826171875,OPEN,0,0,infeasible_solution,200000,74,42,1,R0:in=1;R1:internal=0;R2:internal=0;center=c;C1=0;C2=0;sigma=None;pairs=c:2->r0_3:3,dd485dc
spider-hand-ct,spider,spider-A,7,1,2,,90ed8b06eeebb2b2999f1aa19526ce565eab6a67a9fd6c1783ac756d721f2f33,micro,3,ok,1,"[""r0_1""]",1,0.00015375198563560843,1.0,enum,1.0,OPTIMAL,0.0012678139610216022,1,OPTIMAL,1.0,OPTIMAL,0.001196146011352539,OPEN,1,1,agreement,200000,74,42,1,R0:out=1;R1:internal=0;R2:internal=0;center=c;C1=1;C2=1;sigma=r0_1;pairs=r0_3:1->c:0,dd485dc
spider-hand-ct,spider,spider-B,7,1,2,,90ed8b06eeebb2b2999f1aa19526ce565eab6a67a9fd6c1783ac756d721f2f33,micro,3,ok,1,"[""r0_2""]",1,0.00011582102160900831,1.0,enum,1.0,OPTIMAL,0.0012678139610216022,1,OPTIMAL,1.0,OPTIMAL,0.001196146011352539,OPEN,1,1,agreement,200000,74,42,1,R0:out=1;R1:internal=0;R2:internal=0;center=c;C1=1;C2=0;sigma=r0_2;pairs=r0_3:0->c:0,dd485dc
spider-hand-ct,spider,spider-U,7,1,2,,90ed8b06eeebb2b2999f1aa19526ce565eab6a67a9fd6c1783ac756d721f2f33,micro,3,ok,1,"[""r0_1""]",1,8.565298048779368e-05,1.0,enum,1.0,OPTIMAL,0.0012678139610216022,1,OPTIMAL,1.0,OPTIMAL,0.001196146011352539,OPEN,1,1,agreement,200000,74,42,1,R0:out=1;R1:internal=0;R2:internal=0;center=c;C1=1;C2=1;sigma=r0_1;pairs=r0_3:1->c:0,dd485dc
spider-hand-diam,spider,spider-A,7,1,5,,fcf6944d6ad9c890148630a86dc587b868e10a66a04b2b44c2010aee86261f24,micro,3,ok,0,[],1,0.0002555500250309706,0.0,enum,0.0,OPTIMAL,0.0001040570205077529,0,OPTIMAL,0.0,OPTIMAL,0.0021810531616210938,OPEN,1,1,agreement,200000,127,42,1,R0:out=1;R1:in=1;R2:internal=0;center=c;C1=1;C2=0;sigma=None;pairs=r0_3:2->r1_2:2,dd485dc
spider-hand-diam,spider,spider-B,7,1,5,,fcf6944d6ad9c890148630a86dc587b868e10a66a04b2b44c2010aee86261f24,micro,3,ok,0,[],1,0.00021439598640426993,0.0,enum,0.0,OPTIMAL,0.0001040570205077529,0,OPTIMAL,0.0,OPTIMAL,0.0021810531616210938,OPEN,1,1,agreement,200000,127,42,1,R0:out=1;R1:in=1;R2:internal=0;center=c;C1=1;C2=0;sigma=None;pairs=r0_3:2->r1_2:2,dd485dc
spider-hand-diam,spider,spider-U,7,1,5,,fcf6944d6ad9c890148630a86dc587b868e10a66a04b2b44c2010aee86261f24,micro,3,ok,0,[],1,0.0001385700306855142,0.0,enum,0.0,OPTIMAL,0.0001040570205077529,0,OPTIMAL,0.0,OPTIMAL,0.0021810531616210938,OPEN,1,1,agreement,200000,127,42,1,R0:out=1;R1:in=1;R2:internal=0;center=c;C1=1;C2=0;sigma=None;pairs=r0_3:2->r1_2:2,dd485dc
spider-m-n16-m2-s42,spider,spider-A,16,2,1,42,058a738edac59fa17d8e3c21a74eec4ab988090e2b651da0e0c56321871b2f39,micro,3,ok,1,"[""r0_3""]",1,0.0002498929970897734,0.0,enum,0.0,OPTIMAL,0.00015160097973421216,0,OPTIMAL,0.0,OPTIMAL,0.0006411075592041016,OPEN,0,1,suboptimal,200000,238,42,1,R0:internal=1;R1:internal=0;R2:internal=0;center=c;C1=1;C2=0;sigma=r0_3;pairs=c:1->c:0,dd485dc
spider-m-n16-m2-s42,spider,spider-B,16,2,1,42,058a738edac59fa17d8e3c21a74eec4ab988090e2b651da0e0c56321871b2f39,micro,3,ok,1,"[""r0_3""]",1,0.0001884480006992817,0.0,enum,0.0,OPTIMAL,0.00015160097973421216,0,OPTIMAL,0.0,OPTIMAL,0.0006411075592041016,OPEN,0,1,suboptimal,200000,238,42,1,R0:internal=1;R1:internal=0;R2:internal=0;center=c;C1=1;C2=0;sigma=r0_3;pairs=c:1->c:0,dd485dc
spider-m-n16-m2-s42,spider,spider-U,16,2,1,42,058a738edac59fa17d8e3c21a74eec4ab988090e2b651da0e0c56321871b2f39,micro,3,unspecified,,[],,9.786203736439347e-05,0.0,enum,0.0,OPTIMAL,0.00015160097973421216,0,OPTIMAL,0.0,OPTIMAL,0.0006411075592041016,OPEN,0,0,unspecified,200000,238,42,1,SP-R4-UNSPEC: S∩T não vazio,dd485dc
spider-m-n16-m4-s43,spider,spider-A,16,4,2,43,9b1a5ad423ceaa1a9c902544453f35e5dfb95934f835159b4f190ec4f23e55ff,micro,4,unspecified,,[],,0.00011616997653618455,2.0,enum,2.0,OPTIMAL,0.005522911029402167,2,OPTIMAL,2.0,OPTIMAL,19.226300954818726,OPEN,0,0,unspecified,200000,14664,42,1,INT-A não fecha radial mista desbalanceada rid=0 |S_i|=2 |T_i|=1,dd485dc
spider-m-n16-m4-s43,spider,spider-B,16,4,2,43,9b1a5ad423ceaa1a9c902544453f35e5dfb95934f835159b4f190ec4f23e55ff,micro,4,unspecified,,[],,6.32640440016985e-05,2.0,enum,2.0,OPTIMAL,0.005522911029402167,2,OPTIMAL,2.0,OPTIMAL,19.226300954818726,OPEN,0,0,unspecified,200000,14664,42,1,INT-A não fecha radial mista desbalanceada rid=0 |S_i|=2 |T_i|=1,dd485dc
spider-m-n16-m4-s43,spider,spider-U,16,4,2,43,9b1a5ad423ceaa1a9c902544453f35e5dfb95934f835159b4f190ec4f23e55ff,micro,4,unspecified,,[],,4.460901254788041e-05,2.0,enum,2.0,OPTIMAL,0.005522911029402167,2,OPTIMAL,2.0,OPTIMAL,19.226300954818726,OPEN,0,0,unspecified,200000,14664,42,1,SP-R4-UNSPEC: S∩T não vazio,dd485dc
spider-M-n24-k3-m2-s42,spider,spider-A,24,2,1,42,bbb7709f3335380e2155953e772a06991d5d35ea19e5ed26e24b4452886da80e,medium,3,ok,0,[],1,0.00016978703206405044,0.0,mip_base,0.0,OPTIMAL,9.725498966872692e-05,,not_run_cap,0.0,OPTIMAL,0.0006821155548095703,OPEN,1,1,agreement,200000,588,42,1,R0:internal=0;R1:internal=1;R2:internal=1;center=c;C1=1;C2=0;sigma=None;pairs=,dd485dc
spider-M-n24-k3-m2-s42,spider,spider-B,24,2,1,42,bbb7709f3335380e2155953e772a06991d5d35ea19e5ed26e24b4452886da80e,medium,3,ok,0,[],1,0.00011660897871479392,0.0,mip_base,0.0,OPTIMAL,9.725498966872692e-05,,not_run_cap,0.0,OPTIMAL,0.0006821155548095703,OPEN,1,1,agreement,200000,588,42,1,R0:internal=0;R1:internal=1;R2:internal=1;center=c;C1=1;C2=0;sigma=None;pairs=,dd485dc
spider-M-n24-k3-m2-s42,spider,spider-U,24,2,1,42,bbb7709f3335380e2155953e772a06991d5d35ea19e5ed26e24b4452886da80e,medium,3,unspecified,,[],,6.0248945374041796e-05,0.0,mip_base,0.0,OPTIMAL,9.725498966872692e-05,,not_run_cap,0.0,OPTIMAL,0.0006821155548095703,OPEN,0,0,unspecified,200000,588,42,1,SP-R4-UNSPEC: S∩T não vazio,dd485dc
spider-M-n32-k4-m4-s42,spider,spider-A,32,4,1,42,75dbe17879e1dfdb36bdc67bdc3678b0e578dc6e70aa00299c0e32da286ac255,medium,4,unspecified,,[],,0.0001881009666249156,18.0,mip_base,18.0,OPTIMAL,0.0005353709566406906,,not_run_cap,18.0,OPTIMAL,8.264522075653076,OPEN,0,0,unspecified,200000,5488,42,1,INT-A não fecha radial mista desbalanceada rid=2 |S_i|=1 |T_i|=3,dd485dc
spider-M-n32-k4-m4-s42,spider,spider-B,32,4,1,42,75dbe17879e1dfdb36bdc67bdc3678b0e578dc6e70aa00299c0e32da286ac255,medium,4,unspecified,,[],,0.00010637298692017794,18.0,mip_base,18.0,OPTIMAL,0.0005353709566406906,,not_run_cap,18.0,OPTIMAL,8.264522075653076,OPEN,0,0,unspecified,200000,5488,42,1,INT-A não fecha radial mista desbalanceada rid=2 |S_i|=1 |T_i|=3,dd485dc
spider-M-n32-k4-m4-s42,spider,spider-U,32,4,1,42,75dbe17879e1dfdb36bdc67bdc3678b0e578dc6e70aa00299c0e32da286ac255,medium,4,unspecified,,[],,6.80049997754395e-05,18.0,mip_base,18.0,OPTIMAL,0.0005353709566406906,,not_run_cap,18.0,OPTIMAL,8.264522075653076,OPEN,0,0,unspecified,200000,5488,42,1,SP-R4-UNSPEC: S∩T não vazio,dd485dc
